CAP,Comune,Regione,Latitudine,Longitudine
67010,Barete,Abruzzi,42.4501,13.2806
67012,San Giovanni,Abruzzi,42.4642,13.2584
67012,Cagnano Amiterno,Abruzzi,42.4574,13.2279
67013,Campotosto,Abruzzi,42.5588,13.368
67013,Mascioni,Abruzzi,42.5282,13.3492
67013,Poggio Cancelli,Abruzzi,42.5623,13.327
67013,Ortolano,Abruzzi,42.5193,13.4238
67014,Capitignano,Abruzzi,42.5204,13.3012
67015,Cesaproba,Abruzzi,42.4985,13.1864
67015,Marana Di Montereale,Abruzzi,42.4967,13.2236
67015,Aringo,Abruzzi,42.5554,13.2671
67015,Marana,Abruzzi,42.4967,13.2236
67015,Montereale,Abruzzi,42.5233,13.2459
67015,Ville Di Fano,Abruzzi,42.5248,13.1864
67015,San Giovanni Paganica,Abruzzi,42.5057,13.2762
67017,San Lorenzo Di Pizzoli,Abruzzi,42.4253,13.3206
67017,Pizzoli,Abruzzi,42.436,13.2989
67017,Marruci,Abruzzi,42.4306,13.3097
67019,Sella Di Corno,Abruzzi,42.3666,13.1814
67019,Vigliano,Abruzzi,42.3492,13.2188
67019,Scoppito,Abruzzi,42.3695,13.2594
67020,Castelnuovo,Abruzzi,42.2957,13.6282
67020,Villa Santa Lucia Degli Abruzzi,Abruzzi,42.3329,13.7779
67020,Gagliano Aterno,Abruzzi,42.126,13.7002
67020,Castelnuovo Di San Pio Delle Camere,Abruzzi,42.2957,13.6282
67020,San Pio Delle Camere,Abruzzi,42.2842,13.6557
67020,Santo Stefano Di Sessanio,Abruzzi,42.3434,13.6448
67020,Molina Aterno,Abruzzi,42.149,13.7354
67020,San Benedetto In Perillis,Abruzzi,42.1838,13.77
67020,Fagnano Alto,Abruzzi,42.2472,13.6721
67020,Acciano,Abruzzi,42.1768,13.7178
67020,Castel Di Ieri,Abruzzi,42.1135,13.742
67020,Beffi,Abruzzi,42.1931,13.6788
67020,Navelli,Abruzzi,42.2372,13.7296
67020,Goriano Valli,Abruzzi,42.1807,13.6693
67020,Collepietro,Abruzzi,42.2209,13.781
67020,Villa Sant'Angelo,Abruzzi,42.2704,13.5371
67020,Castelvecchio Calvisio,Abruzzi,42.3113,13.6872
67020,Carapelle Calvisio,Abruzzi,42.2991,13.6864
67020,Tione Degli Abruzzi,Abruzzi,42.2039,13.6357
67020,Sant'Eusanio Forconese,Abruzzi,42.2895,13.5243
67020,Caporciano,Abruzzi,42.25,13.6746
67020,Fontecchio,Abruzzi,42.2303,13.6061
67020,Prata D'Ansidonia,Abruzzi,42.2779,13.6083
67020,Fossa,Abruzzi,42.2927,13.4878
67020,Calascio,Abruzzi,42.326,13.697
67020,Carrufo,Abruzzi,42.3294,13.7719
67020,Civitaretenga,Abruzzi,42.2458,13.7059
67020,Tussio,Abruzzi,42.2651,13.6407
67020,Roccapreturo,Abruzzi,42.1963,13.6976
67021,Picenze,Abruzzi,42.3206,13.5404
67021,Barisciano,Abruzzi,42.3246,13.5904
67022,Capestrano,Abruzzi,42.2681,13.7678
67023,Castel Del Monte,Abruzzi,42.3654,13.7259
67024,Castelvecchio Subequo,Abruzzi,42.1288,13.7287
67025,Ofena,Abruzzi,42.3254,13.7586
67026,Poggio Picenze,Abruzzi,42.3206,13.5404
67027,Raiano,Abruzzi,42.1016,13.8139
67028,San Demetrio Ne' Vestini,Abruzzi,42.2896,13.5552
67029,Secinaro,Abruzzi,42.1506,13.6814
67030,Villalago,Abruzzi,41.9351,13.8387
67030,Corfinio,Abruzzi,42.1215,13.8394
67030,Barrea,Abruzzi,41.7554,13.9909
67030,Anversa Degli Abruzzi,Abruzzi,41.9948,13.8038
67030,Civitella Alfedena,Abruzzi,41.7653,13.9427
67030,Castrovalva,Abruzzi,41.9829,13.8134
67030,Villa Scontrone,Abruzzi,41.7521,14.0639
67030,Villetta Barrea,Abruzzi,41.7765,13.9389
67030,Opi,Abruzzi,41.7784,13.8293
67030,Alfedena,Abruzzi,41.7354,14.035
67030,Torre Dei Nolfi,Abruzzi,42.0439,13.8694
67030,Roccacasale,Abruzzi,42.1225,13.8876
67030,Pacentro,Abruzzi,42.0504,13.9915
67030,Cansano,Abruzzi,42.0035,14.0134
67030,Introdacqua,Abruzzi,42.0097,13.8978
67030,Bugnara,Abruzzi,42.0238,13.8614
67030,Scontrone,Abruzzi,41.7468,14.0388
67030,Ateleta,Abruzzi,41.8544,14.1981
67030,Goriano Sicoli,Abruzzi,42.0801,13.7746
67030,Cocullo,Abruzzi,42.0328,13.775
67030,Rocca Pia,Abruzzi,41.9343,13.9773
67030,Vittorito,Abruzzi,42.127,13.8167
67030,Prezza,Abruzzi,42.0579,13.8359
67030,Campo Di Giove,Abruzzi,42.0101,14.0394
67030,Campo Di Fano,Abruzzi,42.0538,13.8781
67031,Roccacinquemiglia,Abruzzi,41.8122,14.1207
67031,Castel Di Sangro,Abruzzi,41.7839,14.1065
67032,Pescasseroli,Abruzzi,41.8034,13.7871
67033,Pescocostanzo,Abruzzi,41.8872,14.0661
67034,Pettorano Sul Gizio,Abruzzi,41.9733,13.96
67035,Pratola Peligna,Abruzzi,42.097,13.8747
67035,Bagnaturo,Abruzzi,42.0927,13.9071
67036,Rivisondoli,Abruzzi,41.8702,14.0667
67037,Aremogna,Abruzzi,41.824,14.0342
67037,Pietransieri,Abruzzi,41.8467,14.1191
67037,Roccaraso,Abruzzi,41.8487,14.0785
67038,Frattura,Abruzzi,41.9305,13.8708
67038,Scanno,Abruzzi,41.9044,13.8796
67038,Frattura Di Scanno,Abruzzi,41.9305,13.8708
67039,Arabona,Abruzzi,42.0386,13.92
67039,Marane,Abruzzi,42.0638,13.9477
67039,Cavate,Abruzzi,42.0073,13.9294
67039,Abazia Di Sulmona,Abruzzi,42.0386,13.92
67039,Torrone,Abruzzi,42.0454,13.8962
67039,Albanese,Abruzzi,42.0204,13.9244
67039,Sulmona,Abruzzi,42.0494,13.9258
67039,Torrone Di Sulmona,Abruzzi,42.0454,13.8962
67040,San Martino D'Ocre,Abruzzi,42.2733,13.4772
67040,Collarmele,Abruzzi,42.0603,13.6267
67040,Ocre,Abruzzi,42.1668,13.5519
67041,Aielli,Abruzzi,42.0815,13.5911
67041,Aielli Stazione,Abruzzi,42.0639,13.5849
67043,Celano,Abruzzi,42.0808,13.517
67044,Cerchio,Abruzzi,42.0636,13.6001
67045,Lucoli,Abruzzi,42.2909,13.338
67045,Casamaina Di Lucoli,Abruzzi,42.2596,13.3909
67045,Casamaina,Abruzzi,42.2596,13.3909
67045,Ville Di Lucoli,Abruzzi,42.27,13.3733
67046,San Potito,Abruzzi,42.1213,13.5149
67046,Santo Iona,Abruzzi,42.0999,13.5102
67046,Ovindoli,Abruzzi,42.1376,13.516
67047,Rocca Di Cambio,Abruzzi,42.2375,13.4891
67048,Rovere,Abruzzi,42.1757,13.5161
67048,Rovere Di Rocca Di Mezzo,Abruzzi,42.1757,13.5161
67048,Rocca Di Mezzo,Abruzzi,42.2044,13.5184
67049,Rocca Santo Stefano Di Tornimparte,Abruzzi,42.3359,13.2605
67049,Rocca Santo Stefano,Abruzzi,42.3359,13.2605
67049,Villagrande,Abruzzi,42.2953,13.3
67049,San Nicola,Abruzzi,42.1288,13.287
67049,San Nicola Di Tornimparte,Abruzzi,42.3024,13.2737
67049,Tornimparte,Abruzzi,42.2901,13.3009
67050,San Vincenzo Valle Roveto Superiore,Abruzzi,41.8334,13.5235
67050,Massa D'Albe,Abruzzi,42.1072,13.3943
67050,Roccavivi,Abruzzi,41.8121,13.5366
67050,San Vincenzo Vecchio,Abruzzi,41.8334,13.5235
67050,Rendinara,Abruzzi,41.8362,13.4674
67050,Pagliara Dei Marsi,Abruzzi,41.9385,13.5013
67050,Carrito,Abruzzi,42.0266,13.719
67050,Grancia,Abruzzi,41.8614,13.4335
67050,Castronovo,Abruzzi,41.8503,13.4812
67050,Ortona Dei Marsi,Abruzzi,41.9982,13.7291
67050,San Sebastiano,Abruzzi,42.03,13.3117
67050,Canistro Superiore,Abruzzi,41.9385,13.5013
67050,Ortucchio,Abruzzi,41.9553,13.6465
67050,Villavallelonga,Abruzzi,41.871,13.6209
67050,Canistro,Abruzzi,41.941,13.3988
67050,Pagliara,Abruzzi,42.0051,13.3213
67050,Civita D'Antino,Abruzzi,41.8863,13.4721
67050,Canistro Inferiore,Abruzzi,41.941,13.4119
67050,Morino,Abruzzi,41.8644,13.457
67050,Albe,Abruzzi,42.081,13.4092
67050,Forme,Abruzzi,42.1108,13.4418
67050,San Vincenzo Valle Roveto,Abruzzi,41.8445,13.5357
67050,Castellafiume,Abruzzi,41.9891,13.3344
67050,Collelongo,Abruzzi,41.8866,13.5838
67050,Lecce Nei Marsi,Abruzzi,41.9344,13.6843
67050,Bisegna,Abruzzi,41.9211,13.7576
67050,Corona,Abruzzi,42.1,13.3833
67050,Pero Dei Santi,Abruzzi,41.8795,13.4541
67051,Cese,Abruzzi,42.0245,13.3889
67051,Paterno,Abruzzi,42.0595,13.4792
67051,San Pelino,Abruzzi,42.0516,13.4624
67051,Avezzano,Abruzzi,42.029,13.4264
67051,Antrosano,Abruzzi,42.0641,13.4102
67051,Santuario Di Pietracquaria,Abruzzi,42.0457,13.4334
67052,Balsorano Nuovo,Abruzzi,41.8088,13.5607
67052,Ridotti,Abruzzi,41.7874,13.6064
67052,Balsorano,Abruzzi,41.8098,13.5598
67052,Ridotti Di Balsorano,Abruzzi,41.7874,13.6064
67053,Capistrello,Abruzzi,41.9722,13.3962
67053,Corcumello,Abruzzi,42.0083,13.3465
67053,Pescocanale,Abruzzi,41.9556,13.3915
67053,Pescocanale Di Capistrello,Abruzzi,41.9556,13.3915
67054,Meta,Abruzzi,41.8887,13.4032
67054,Civitella Roveto,Abruzzi,41.9133,13.424
67055,Gioia Dei Marsi,Abruzzi,41.957,13.6906
67055,Casali D'Aschi,Abruzzi,41.957,13.6906
67056,Luco Dei Marsi,Abruzzi,41.9593,13.4735
67057,Pescina,Abruzzi,42.0235,13.6512
67057,Venere,Abruzzi,41.991,13.6455
67058,San Benedetto Dei Marsi,Abruzzi,42.0076,13.6238
67059,Trasacco,Abruzzi,41.9574,13.5327
67060,Petrella Liri,Abruzzi,42.0173,13.2827
67060,Cappadocia,Abruzzi,42.0076,13.2781
67060,Verrecchie,Abruzzi,42.0354,13.248
67061,Villa Romana,Abruzzi,42.1067,13.1076
67061,Tufo Di Carsoli,Abruzzi,42.1067,13.1076
67061,Colli Di Montebove,Abruzzi,42.0971,13.1578
67061,Pietrasecca,Abruzzi,42.1349,13.1268
67061,Montesabinese,Abruzzi,42.0922,13.1133
67061,Carsoli,Abruzzi,42.0988,13.0886
67061,Poggio Cinolfo,Abruzzi,42.1103,13.0516
67062,Magliano De' Marsi,Abruzzi,42.0915,13.3638
67062,Rosciolo Dei Marsi,Abruzzi,42.1195,13.3405
67062,Rosciolo,Abruzzi,42.1195,13.3405
67062,Marano Dei Marsi,Abruzzi,42.1243,13.2705
67063,Oricola,Abruzzi,42.0492,13.0394
67063,Civita,Abruzzi,42.0767,13.0445
67064,Pereto,Abruzzi,42.0582,13.1023
67066,Rocca Di Botte,Abruzzi,42.031,13.0718
67067,Santo Stefano,Abruzzi,42.1223,13.2261
67067,Sante Marie,Abruzzi,42.1037,13.2016
67067,Scanzano,Abruzzi,42.1058,13.2502
67067,Santo Stefano Di Sante Marie,Abruzzi,42.1223,13.2261
67068,Scurcola Marsicana,Abruzzi,42.0631,13.3392
67068,Cappelle,Abruzzi,42.0668,13.38
67068,Cappelle Dei Marsi,Abruzzi,42.065,13.3596
67069,Sorbo Di Tagliacozzo,Abruzzi,42.0747,13.3162
67069,Tagliacozzo,Abruzzi,42.0693,13.2547
67069,San Donato,Abruzzi,42.0944,13.2802
67069,Gallo Di Tagliacozzo,Abruzzi,42.0972,13.2657
67069,Tremonti,Abruzzi,42.0921,13.1945
67069,Villa San Sebastiano,Abruzzi,42.03,13.3117
67069,Sorbo,Abruzzi,42.0747,13.3162
67069,Poggetello Di Tagliacozzo,Abruzzi,42.0887,13.2365
67069,San Donato Di Tagliacozzo,Abruzzi,42.0944,13.2802
67069,Poggio Filippo,Abruzzi,42.0847,13.3057
67069,Poggetello,Abruzzi,42.0887,13.2365
67069,Gallo,Abruzzi,42.0972,13.2657
67069,Roccacerro,Abruzzi,42.0664,13.2077
67100,Bagno,Abruzzi,42.3096,13.4248
67100,Pile,Abruzzi,42.3521,13.3486
67100,Monticchio,Abruzzi,42.3203,13.4638
67100,Pagliare,Abruzzi,42.3488,13.3099
67100,Poggio Di Roio,Abruzzi,42.3318,13.3775
67100,L'Aquila,Abruzzi,42.3506,13.3995
67100,Paganica,Abruzzi,42.5053,13.2739
67100,Arischia,Abruzzi,42.4182,13.3407
67100,San Gregorio,Abruzzi,42.327,13.4953
67100,Aragno,Abruzzi,42.3964,13.4577
67100,San Benedetto,Abruzzi,42.3032,13.4358
67100,Preturo,Abruzzi,42.3781,13.2963
67100,Collebrincioni,Abruzzi,42.3981,13.4153
67100,Santi,Abruzzi,42.4026,13.2414
67100,Onna,Abruzzi,42.3167,13.4667
67100,Pianola,Abruzzi,42.3234,13.4039
67100,Colle Di Roio,Abruzzi,42.3426,13.3468
67100,Tempera,Abruzzi,42.3662,13.4568
67100,Forcella,Abruzzi,42.1042,13.602
67100,Assergi,Abruzzi,42.4154,13.5079
67100,Campo Imperatore,Abruzzi,42.3748,13.4018
67100,San Vittorino Amiterno,Abruzzi,42.3748,13.4018
67100,Colle Brincioni,Abruzzi,42.3748,13.4018
67100,Bazzano,Abruzzi,42.3748,13.4018
67100,Roio Piano,Abruzzi,42.3278,13.357
67100,San Vittorino,Abruzzi,42.3969,13.3143
67100,Camarda,Abruzzi,42.3955,13.4993
67100,Sassa,Abruzzi,42.352,13.2992
67100,Coppito,Abruzzi,42.3673,13.3436
66010,Ari,Abruzzi,42.2897,14.2586
66010,Pennapiedimonte,Abruzzi,42.1556,14.1943
66010,Gessopalena,Abruzzi,42.0552,14.2737
66010,San Martino Sulla Marrucina,Abruzzi,42.2242,14.2158
66010,Miglianico,Abruzzi,42.3577,14.2918
66010,Semivicoli,Abruzzi,42.277,14.2137
66010,Fara Filiorum Petri,Abruzzi,42.2415,14.1803
66010,Lettopalena,Abruzzi,42.0025,14.1565
66010,Roccamontepiano,Abruzzi,42.2429,14.1289
66010,San Rocco,Abruzzi,42.2429,14.1289
66010,Tollo,Abruzzi,42.3454,14.3236
66010,San Pietro,Abruzzi,42.2819,14.2629
66010,Ripa Teatina,Abruzzi,42.366,14.2444
66010,Civitella Messer Raimondo,Abruzzi,42.0889,14.217
66010,Montenerodomo,Abruzzi,41.9768,14.2518
66010,Lama Dei Peligni,Abruzzi,42.0421,14.1868
66010,Vacri,Abruzzi,42.2976,14.229
66010,Pretoro,Abruzzi,42.2192,14.1425
66010,Canosa Sannita,Abruzzi,42.2963,14.3051
66010,Giuliano Teatino,Abruzzi,42.3122,14.2808
66010,Casacanditella,Abruzzi,42.2464,14.2004
66010,Palombaro,Abruzzi,42.1232,14.2299
66010,Rapino,Abruzzi,42.2093,14.1849
66010,Castelferrato,Abruzzi,42.3775,14.2211
66010,Colledimacine,Abruzzi,42.0037,14.2008
66010,Villamagna,Abruzzi,42.3298,14.2369
66010,Torrevecchia Teatina,Abruzzi,42.3827,14.2133
66010,Terranova,Abruzzi,42.2595,14.1367
66011,Colle Sant'Antonio,Abruzzi,42.3192,14.1358
66011,Bucchianico,Abruzzi,42.3037,14.1838
66012,Casalincontrada,Abruzzi,42.2974,14.1351
66014,Villa Tucci,Abruzzi,42.3047,14.3214
66014,Crecchio,Abruzzi,42.2978,14.3266
66015,Fara San Martino,Abruzzi,42.0925,14.209
66016,Villa San Vincenzo,Abruzzi,42.1926,14.2215
66016,Caporosso,Abruzzi,42.2019,14.207
66016,Guardiagrele,Abruzzi,42.1941,14.2194
66016,Comino,Abruzzi,42.1868,14.1923
66016,Piano Delle Fonti,Abruzzi,42.1877,14.2674
66017,Palena,Abruzzi,41.9835,14.137
66018,Taranta Peligna,Abruzzi,42.0205,14.171
66019,Fallascoso,Abruzzi,42.0044,14.242
66019,Torricella Peligna,Abruzzi,42.024,14.2585
66020,Rocca San Giovanni,Abruzzi,42.246,14.4616
66020,Sambuceto,Abruzzi,42.0236,14.379
66020,Torino Di Sangro Stazione,Abruzzi,42.1788,14.4789
66020,San Giacomo Di Scerni,Abruzzi,42.1788,14.4789
66020,San Giovanni Teatino,Abruzzi,42.4091,14.201
66020,Villalfonsina,Abruzzi,42.1604,14.5693
66020,Scerni,Abruzzi,42.1042,14.5743
66020,Sant'Egidio,Abruzzi,42.1758,14.4873
66020,Torino Di Sangro,Abruzzi,42.191,14.5427
66020,Pollutri,Abruzzi,42.1378,14.5917
66020,Paglieta,Abruzzi,42.1614,14.5031
66021,Miracoli,Abruzzi,42.1535,14.5991
66021,Casalbordino,Abruzzi,42.1535,14.5991
66021,Casalbordino Stazione,Abruzzi,42.1535,14.5991
66022,Villascorciosa,Abruzzi,42.2403,14.4756
66022,Scorciosa,Abruzzi,42.229,14.4333
66022,Fossacesia,Abruzzi,42.242,14.4834
66022,Fossacesia Marina,Abruzzi,42.2499,14.5102
66023,Francavilla Al Mare,Abruzzi,42.4216,14.2822
66023,Francavilla Al Mare Rione Foro,Abruzzi,42.4216,14.2822
66026,San Nicola,Abruzzi,42.324,14.382
66026,Ortona Porto,Abruzzi,42.324,14.382
66026,Ortona Foro,Abruzzi,42.324,14.382
66026,Ortona,Abruzzi,42.3509,14.4034
66026,Villa Grande,Abruzzi,42.3286,14.3638
66026,Villa San Leonardo,Abruzzi,42.3108,14.4002
66026,San Leonardo,Abruzzi,42.3108,14.4002
66026,Villa San Nicola,Abruzzi,42.3474,14.3627
66026,Villa Caldari,Abruzzi,42.2957,14.3616
66030,Filetto,Abruzzi,42.2293,14.245
66030,Mozzagrogna,Abruzzi,42.2127,14.4426
66030,Arielli,Abruzzi,42.26,14.31
66030,Treglio,Abruzzi,42.2618,14.4231
66030,Frisa,Abruzzi,42.2657,14.3762
66030,Poggiofiorito,Abruzzi,42.2541,14.3208
66030,Villa Romagnoli,Abruzzi,42.2115,14.4236
66030,Santa Maria Imbaro,Abruzzi,42.22,14.4503
66030,Guastameroli,Abruzzi,42.2667,14.3667
66030,Carpineto Sinello,Abruzzi,42.0104,14.5042
66030,Montazzoli,Abruzzi,41.9489,14.4307
66031,Casalanguida,Abruzzi,42.0375,14.4961
66032,Castel Frentano,Abruzzi,42.1988,14.3564
66033,Castiglione Messer Marino,Abruzzi,41.8683,14.45
66034,Madonna Del Carmine,Abruzzi,42.2333,14.35
66034,Rizzacorno,Abruzzi,42.1746,14.3884
66034,Lanciano,Abruzzi,42.2272,14.3902
66034,Villa Elce,Abruzzi,42.1864,14.3961
66034,Nasuti,Abruzzi,42.2054,14.3812
66034,Sant'Amato,Abruzzi,42.2054,14.3812
66036,Orsogna,Abruzzi,42.2234,14.2808
66037,Sant'Eusanio Del Sangro,Abruzzi,42.1691,14.3278
66038,Sant'Apollinare Chietino,Abruzzi,42.2966,14.4097
66038,San Vito Chietino,Abruzzi,42.2901,14.4427
66038,Marina Di San Vito,Abruzzi,42.3051,14.4484
66040,Monteferrante,Abruzzi,41.954,14.3886
66040,Civitaluparella,Abruzzi,41.9449,14.3013
66040,Castelguidone,Abruzzi,41.8226,14.5229
66040,Montelapiano,Abruzzi,41.9627,14.3421
66040,Altino,Abruzzi,42.0995,14.3327
66040,Fallo,Abruzzi,41.9383,14.3236
66040,Colledimezzo,Abruzzi,41.9861,14.3869
66040,Gamberale,Abruzzi,41.9053,14.2084
66040,Borrello,Abruzzi,41.9173,14.3054
66040,Montebello Sul Sangro,Abruzzi,41.9866,14.324
66040,Roio Del Sangro,Abruzzi,41.9115,14.3738
66040,Buonanotte,Abruzzi,41.9866,14.324
66040,Perano,Abruzzi,42.1046,14.3958
66040,Pizzoferrato,Abruzzi,41.9224,14.2363
66040,Roccascalegna,Abruzzi,42.0621,14.308
66040,Pennadomo,Abruzzi,42.0039,14.3234
66040,Giuliopoli,Abruzzi,41.9207,14.3574
66040,Rosello,Abruzzi,41.9012,14.3492
66040,Selva Di Altino,Abruzzi,42.1144,14.3443
66040,Pietraferrazzana,Abruzzi,41.9694,14.3745
66040,Selva,Abruzzi,42.1144,14.3443
66040,Quadri,Abruzzi,41.924,14.2877
66041,Monte Marcone,Abruzzi,42.1235,14.4324
66041,Piazzano,Abruzzi,42.1281,14.4107
66041,Piazzano Di Atessa,Abruzzi,42.1281,14.4107
66041,Atessa,Abruzzi,42.0702,14.4505
66041,Piana La Fara,Abruzzi,42.1316,14.4039
66042,Bomba,Abruzzi,42.0334,14.3666
66043,Casoli,Abruzzi,42.1138,14.2899
66043,Selva Piana,Abruzzi,42.1246,14.298
66044,Piane D'Archi,Abruzzi,42.1034,14.3704
66044,Archi,Abruzzi,42.0913,14.3827
66045,Schiavi Di Abruzzo,Abruzzi,41.8131,14.4865
66045,Taverna Di Schiavi Di Abruzzo,Abruzzi,41.8131,14.4865
66046,Tornareccio,Abruzzi,42.0376,14.4153
66046,San Giovanni,Abruzzi,42.0192,14.4201
66047,Villa Santa Maria,Abruzzi,41.9513,14.3515
66050,San Salvo,Abruzzi,42.0441,14.7333
66050,Guilmi,Abruzzi,41.9965,14.4788
66050,Roccaspinalveti,Abruzzi,41.9423,14.4709
66050,Lentella,Abruzzi,41.9958,14.6769
66050,Fresagrandinaria,Abruzzi,41.979,14.6621
66050,San Giovanni Lipioni,Abruzzi,41.8438,14.5627
66050,Furci,Abruzzi,42.0075,14.588
66050,Torrebruna,Abruzzi,41.8674,14.5415
66050,Monteodorisio,Abruzzi,42.0849,14.6539
66050,Liscia,Abruzzi,41.9552,14.5553
66050,Guardiabruna,Abruzzi,41.852,14.5329
66050,Olmi,Abruzzi,41.9198,14.4821
66050,Dogliola,Abruzzi,41.9424,14.6351
66050,Palmoli,Abruzzi,41.9394,14.5814
66050,San Buono,Abruzzi,41.9814,14.5682
66050,San Salvo Marina,Abruzzi,42.0704,14.766
66050,Carunchio,Abruzzi,41.9176,14.5268
66050,Fraine,Abruzzi,41.9062,14.4879
66050,Celenza Sul Trigno,Abruzzi,41.872,14.5789
66050,Tufillo,Abruzzi,41.9168,14.6256
66051,Cupello,Abruzzi,42.0694,14.6705
66052,Gissi,Abruzzi,42.018,14.5448
66054,San Lorenzo Di Vasto,Abruzzi,42.125,14.6739
66054,Incoronata Di Vasto,Abruzzi,42.106,14.7085
66054,Vasto,Abruzzi,42.1115,14.7065
66054,Marina Di Vasto,Abruzzi,42.0937,14.7268
66054,Vasto Marina,Abruzzi,42.0937,14.7268
66100,Brecciarola,Abruzzi,42.3301,14.116
66100,Chieti,Abruzzi,42.3483,14.1649
66100,Chieti Scalo,Abruzzi,42.3392,14.1405
66100,Tricalle,Abruzzi,42.3392,14.1405
66100,Chieti Stazione,Abruzzi,42.3392,14.1405
65010,Carpineto Della Nora,Abruzzi,42.3337,13.8606
65010,Elice,Abruzzi,42.5228,13.9707
65010,Collecorvino,Abruzzi,42.4602,14.0156
65010,Villa Celiera,Abruzzi,42.3818,13.8586
65010,Piccianello,Abruzzi,42.4837,13.9902
65010,Vicoli,Abruzzi,42.341,13.8969
65010,Civitella Casanova,Abruzzi,42.3639,13.8851
65010,Caprara D'Abruzzo,Abruzzi,42.4325,14.1103
65010,Cappelle Sul Tavo,Abruzzi,42.4771,14.1074
65010,Barberi,Abruzzi,42.4407,14.0427
65010,Farindola,Abruzzi,42.4429,13.8214
65010,Santa Lucia Di Collecorvino,Abruzzi,42.4649,14.0758
65010,Vestea,Abruzzi,42.39,13.8844
65010,Moscufo,Abruzzi,42.4271,14.0543
65010,Brittoli,Abruzzi,42.3152,13.8603
65010,Spoltore,Abruzzi,42.455,14.1399
65010,Civitaquana,Abruzzi,42.3258,13.9001
65010,Villa Raspa,Abruzzi,42.4554,14.1846
65010,Santa Lucia,Abruzzi,42.4649,14.0758
65010,Montebello Di Bertona,Abruzzi,42.4169,13.8712
65010,Congiunti,Abruzzi,42.4718,14.0852
65010,Nocciano,Abruzzi,42.3337,13.9857
65010,Picciano,Abruzzi,42.4753,13.9899
65010,Santa Teresa,Abruzzi,42.4275,14.1582
65011,Catignano,Abruzzi,42.347,13.9519
65012,Villareia,Abruzzi,42.3432,14.1113
65012,Vallemare,Abruzzi,42.3524,14.104
65012,Vallemare Di Cepagatti,Abruzzi,42.3524,14.104
65012,Villanova,Abruzzi,42.3825,14.1234
65012,Cepagatti,Abruzzi,42.3651,14.0742
65013,Marina,Abruzzi,42.5114,14.1451
65013,San Martino Bassa,Abruzzi,42.5183,14.1305
65013,Citta' Sant'Angelo,Abruzzi,42.5148,14.1378
65013,Villa Cipresso,Abruzzi,42.5148,14.1378
65014,Loreto Aprutino,Abruzzi,42.431,13.9806
65015,Montesilvano Spiaggia,Abruzzi,42.5011,14.1449
65015,Villa Carmine,Abruzzi,42.5011,14.1449
65015,Montesilvano,Abruzzi,42.5011,14.1449
65015,Montesilvano Colle,Abruzzi,42.4907,14.1446
65015,Montesilvano Marina,Abruzzi,42.5114,14.1451
65017,Penne,Abruzzi,42.4547,13.9275
65017,Roccafinadamo,Abruzzi,42.4787,13.8267
65019,Cerratina,Abruzzi,42.3901,14.1034
65019,Pianella,Abruzzi,42.3992,14.0478
65019,Castellana,Abruzzi,42.3986,14.1077
65020,Abbateggio,Abruzzi,42.2242,14.01
65020,Pietranico,Abruzzi,42.2756,13.9108
65020,Sant'Eufemia A Maiella,Abruzzi,42.1261,14.0265
65020,Villa San Giovanni,Abruzzi,42.3384,14.0263
65020,Villa Oliveti,Abruzzi,42.3382,14.0668
65020,Ticchione,Abruzzi,42.2917,14.0113
65020,Castiglione A Casauria,Abruzzi,42.236,13.8983
65020,Corvara,Abruzzi,42.2751,13.8736
65020,Alanno,Abruzzi,42.2955,13.9708
65020,Turrivalignani,Abruzzi,42.263,14.0285
65020,Salle,Abruzzi,42.1776,13.9609
65020,San Valentino In Abruzzo Citeriore,Abruzzi,42.233,13.9856
65020,Bolognano,Abruzzi,42.2181,13.9601
65020,Cugnoli,Abruzzi,42.2679,14.041
65020,Lettomanoppello,Abruzzi,42.2434,14.0384
65020,Villa Badessa,Abruzzi,42.3529,14.038
65020,Pesconuovo,Abruzzi,42.2583,13.9892
65020,Alanno Scalo,Abruzzi,42.2831,14.0166
65020,Alanno Stazione,Abruzzi,42.2583,13.9892
65020,Rosciano,Abruzzi,42.3223,14.0456
65020,Musellaro,Abruzzi,42.1933,13.9537
65020,Pescosansonesco,Abruzzi,42.2552,13.8848
65020,Piano D'Orta,Abruzzi,42.2583,13.9892
65020,Roccamorice,Abruzzi,42.2127,14.0253
65022,Bussi Officine,Abruzzi,42.1975,13.8445
65022,Bussi Sul Tirino,Abruzzi,42.2132,13.8251
65023,San Tommaso,Abruzzi,42.1873,13.9702
65023,Caramanico Terme,Abruzzi,42.1559,14.0048
65024,Manoppello Scalo,Abruzzi,42.3076,14.0536
65024,Ripacorbaria,Abruzzi,42.2833,14.0667
65024,Manoppello,Abruzzi,42.2592,14.0602
65024,Manoppello Stazione,Abruzzi,42.2834,14.0602
65025,Serramonacesca,Abruzzi,42.248,14.093
65026,Popoli,Abruzzi,42.1687,13.83
65027,Decontra,Abruzzi,42.2429,14.0185
65027,Scafa,Abruzzi,42.2657,13.9966
65028,Tocco Da Casauria,Abruzzi,42.212,13.9155
65029,Torre De' Passeri,Abruzzi,42.2432,13.9333
65100,Pescara,Abruzzi,42.4584,14.2028
65121,Pescara,Abruzzi,42.4584,14.2028
65122,Pescara,Abruzzi,42.4584,14.2028
65123,Pescara,Abruzzi,42.4584,14.2028
65124,Pescara,Abruzzi,42.4584,14.2028
65125,Pescara,Abruzzi,42.4584,14.2028
65125,Pescara Colli,Abruzzi,42.4584,14.2028
65126,Pescara,Abruzzi,42.4584,14.2028
65127,Pescara,Abruzzi,42.4584,14.2028
65128,Pescara,Abruzzi,42.4584,14.2028
65129,Pescara,Abruzzi,42.4584,14.2028
65129,Pineta Di Pescara,Abruzzi,42.45,14.2333
65131,Fontanelle,Abruzzi,42.4244,14.0518
65132,San Silvestro,Abruzzi,42.4333,14.2333
65132,Pescara,Abruzzi,42.4584,14.2028
64010,Civitella Del Tronto,Abruzzi,42.773,13.6763
64010,Torano Nuovo,Abruzzi,42.823,13.7773
64010,Ancarano,Abruzzi,42.8377,13.7466
64010,Villa Lempa,Abruzzi,42.7934,13.6443
64010,Pietralta,Abruzzi,42.71,13.4468
64010,Santo Stefano Di Torricella Sicura,Abruzzi,42.6546,13.6038
64010,Santo Stefano,Abruzzi,42.6546,13.6038
64010,Cesano,Abruzzi,42.8043,13.5357
64010,Valle Castellana,Abruzzi,42.7361,13.4971
64010,Villa Passo,Abruzzi,42.7801,13.6522
64010,Rocche Di Civitella,Abruzzi,42.7501,13.6596
64010,San Vito,Abruzzi,42.7918,13.5512
64010,Controguerra,Abruzzi,42.854,13.8177
64010,Ripe Civitella Del Tronto,Abruzzi,42.7562,13.6371
64010,Pascellata,Abruzzi,42.7006,13.4964
64010,Rocca Santa Maria,Abruzzi,42.7586,13.6366
64010,Ponzano,Abruzzi,42.779,13.7059
64010,Villa Favale,Abruzzi,42.7586,13.6366
64010,Ioanella,Abruzzi,42.6642,13.6219
64010,Cerqueto Del Tronto,Abruzzi,42.7952,13.6163
64010,Leofara,Abruzzi,42.7422,13.5512
64010,Colonnella,Abruzzi,42.8723,13.8699
64010,Torricella Sicura,Abruzzi,42.659,13.6572
64011,Alba Adriatica,Abruzzi,42.8318,13.9259
64012,Sant'Onofrio,Abruzzi,42.7615,13.7374
64012,Campli,Abruzzi,42.7268,13.6869
64012,Campovalano,Abruzzi,42.7276,13.6619
64012,Piancarani,Abruzzi,42.7325,13.7265
64012,Garrufo Di Campli,Abruzzi,42.737,13.6572
64012,Paterno,Abruzzi,42.7527,13.7187
64012,Villa Paterno,Abruzzi,42.7397,13.6981
64013,Corropoli,Abruzzi,42.8272,13.8347
64014,Villa Rosa Di Martinsicuro,Abruzzi,42.8506,13.9202
64014,Martinsicuro,Abruzzi,42.8803,13.9133
64014,Villa Rosa,Abruzzi,42.8506,13.9202
64015,Nereto,Abruzzi,42.8155,13.8199
64016,Sant'Egidio Alla Vibrata,Abruzzi,42.8171,13.7216
64016,Faraone,Abruzzi,42.81,13.6978
64016,Villa Mattoni,Abruzzi,42.81,13.6978
64016,Faraone Nuovo,Abruzzi,42.803,13.6739
64016,Paolantonio,Abruzzi,42.81,13.6978
64018,Tortoreto,Abruzzi,42.8037,13.9135
64018,Tortoreto Lido,Abruzzi,42.7996,13.9421
64018,Salino,Abruzzi,42.7857,13.914
64020,Villa Zaccheo,Abruzzi,42.6971,13.8477
64020,Zaccheo,Abruzzi,42.6971,13.8477
64020,Pagliare,Abruzzi,42.6437,13.9517
64020,Casemolino,Abruzzi,42.6973,13.828
64020,Canzano,Abruzzi,42.6456,13.8041
64020,Bellante Stazione,Abruzzi,42.7065,13.8395
64020,Morro D'Oro,Abruzzi,42.6629,13.9213
64020,Petriccione,Abruzzi,42.6982,13.8386
64020,Ripattoni,Abruzzi,42.6772,13.8454
64020,Valle Canzano,Abruzzi,42.6589,13.7936
64020,Bellante,Abruzzi,42.7442,13.8023
64020,Castelnuovo Vomano,Abruzzi,42.6293,13.85
64020,Castelbasso,Abruzzi,42.6453,13.8447
64020,Castellalto,Abruzzi,42.677,13.821
64021,Giulianova,Abruzzi,42.7538,13.9665
64021,Colleranesco,Abruzzi,42.7211,13.9373
64021,Giulianova Spiaggia,Abruzzi,42.7375,13.9519
64023,Notaresco Stazione,Abruzzi,42.7075,13.8777
64023,Montone,Abruzzi,42.7665,13.9217
64023,Mosciano Sant'Angelo,Abruzzi,42.747,13.8889
64024,Notaresco,Abruzzi,42.6574,13.8949
64024,Guardia Vomano,Abruzzi,42.6373,13.8815
64024,Pianura Vomano,Abruzzi,42.6303,13.9155
64025,Scerne Di Pineto,Abruzzi,42.614,14.0461
64025,Pineto,Abruzzi,42.6088,14.0664
64025,Scerne,Abruzzi,42.6475,14.0379
64025,Borgo Santa Maria Immacolata,Abruzzi,42.6117,14.0455
64025,Mutignano,Abruzzi,42.5879,14.0347
64026,Cologna Paese,Abruzzi,42.6944,13.9492
64026,San Giovanni,Abruzzi,42.654,13.9861
64026,Santa Lucia Di Roseto Degli Abruzzi,Abruzzi,42.6465,13.9637
64026,Roseto Degli Abruzzi,Abruzzi,42.6716,14.0148
64026,Cologna Spiaggia,Abruzzi,42.7215,13.9831
64026,Cologna,Abruzzi,42.6731,13.9786
64026,Montepagano,Abruzzi,42.6768,13.9897
64026,Santa Lucia,Abruzzi,42.6465,13.9637
64027,Poggio Morello,Abruzzi,42.7829,13.874
64027,Garrufo,Abruzzi,42.737,13.6572
64027,Sant'Omero,Abruzzi,42.7901,13.7891
64028,Silvi Marina,Abruzzi,42.5634,14.0878
64028,Pianacce,Abruzzi,42.5559,14.0881
64028,Silvi,Abruzzi,42.5498,14.1176
64028,San Silvestro,Abruzzi,42.6453,13.7266
64030,Basciano,Abruzzi,42.5964,13.7356
64030,Montefino,Abruzzi,42.5455,13.8848
64030,Castel Castagna,Abruzzi,42.5429,13.7164
64030,Villa Bozza,Abruzzi,42.5604,13.9217
64031,Arsita,Abruzzi,42.5027,13.7852
64032,Casoli Di Atri,Abruzzi,42.6172,13.9791
64032,Casoli,Abruzzi,42.6172,13.9791
64032,Treciminiere,Abruzzi,42.5487,14.0544
64032,San Giacomo,Abruzzi,42.5962,13.9236
64032,San Giacomo D'Atri,Abruzzi,42.5984,13.9674
64032,Fontanelle,Abruzzi,42.6176,13.9256
64032,Santa Margherita,Abruzzi,42.607,13.9443
64032,Atri,Abruzzi,42.5764,13.989
64032,Santa Margherita Di Atri,Abruzzi,42.607,13.9443
64033,Bisenti,Abruzzi,42.5288,13.7995
64034,Appignano,Abruzzi,42.5454,13.8497
64034,Castiglione Messer Raimondo,Abruzzi,42.5319,13.8795
64035,Castilenti,Abruzzi,42.5333,13.9171
64035,Villa San Romualdo,Abruzzi,42.551,13.9454
64036,Scorrano,Abruzzi,42.5918,13.8204
64036,Cellino Attanasio,Abruzzi,42.5857,13.8605
64037,Montegualtieri,Abruzzi,42.6154,13.8217
64037,Poggio Delle Rose,Abruzzi,42.5711,13.8105
64037,Cermignano,Abruzzi,42.5913,13.7954
64039,Val Vomano,Abruzzi,42.6082,13.7568
64039,Penna Sant'Andrea,Abruzzi,42.594,13.7721
64040,Cortino,Abruzzi,42.6219,13.5077
64040,Padula,Abruzzi,42.6334,13.4702
64040,Pagliaroli,Abruzzi,42.6323,13.5416
64041,Colledoro,Abruzzi,42.5155,13.7302
64041,Castelli,Abruzzi,42.4848,13.712
64042,Ornano Grande,Abruzzi,42.5341,13.6517
64042,Colledara,Abruzzi,42.5392,13.6756
64042,Villa Petto,Abruzzi,42.5682,13.7172
64043,Crognaleto,Abruzzi,42.5877,13.4889
64043,Tottea,Abruzzi,42.5533,13.4659
64043,San Giorgio,Abruzzi,42.5939,13.5339
64043,Macchia Vomano,Abruzzi,42.5672,13.5172
64043,San Giorgio Di Crognaleto,Abruzzi,42.5939,13.5339
64043,Cervaro,Abruzzi,42.5819,13.4752
64043,Cesacastina,Abruzzi,42.5884,13.4473
64043,Nerito,Abruzzi,42.5476,13.4776
64043,Poggio Umbricchio,Abruzzi,42.5609,13.5525
64044,Cerqueto,Abruzzi,42.5461,13.5654
64044,Fano Adriano,Abruzzi,42.5523,13.5376
64045,Fano A Corno,Abruzzi,42.4899,13.6169
64045,Isola Del Gran Sasso D'Italia,Abruzzi,42.5032,13.6572
64045,San Gabriele Dell'Addolorata,Abruzzi,42.504,13.6332
64045,Forca Di Valle,Abruzzi,42.519,13.6313
64045,Cerchiara,Abruzzi,42.5037,13.6273
64046,Montorio Al Vomano,Abruzzi,42.5812,13.6371
64046,Leognano,Abruzzi,42.5827,13.6797
64046,Cusciano,Abruzzi,42.5695,13.5851
64046,Collevecchio Di Montorio,Abruzzi,42.5966,13.663
64047,Intermesoli,Abruzzi,42.5352,13.5415
64047,Pietracamela,Abruzzi,42.5234,13.5543
64049,Chiarino,Abruzzi,42.5505,13.6391
64049,Azzinano,Abruzzi,42.5562,13.6323
64049,Tossicia,Abruzzi,42.5447,13.646
64100,Piano D'Accio,Abruzzi,42.6838,13.7577
64100,Nepezzano,Abruzzi,42.6899,13.7565
64100,Villa Vomano,Abruzzi,42.6134,13.7641
64100,Spiano,Abruzzi,42.6072,13.6672
64100,Valle San Giovanni,Abruzzi,42.6215,13.6181
64100,Forcella,Abruzzi,42.6232,13.7689
64100,San Nicolo' A Tordino,Abruzzi,42.6965,13.7971
64100,Varano,Abruzzi,42.6167,13.6
64100,Castagneto,Abruzzi,42.6704,13.6468
64100,Poggio San Vittorino,Abruzzi,42.666,13.7778
64100,Miano,Abruzzi,42.6191,13.7071
64100,Villa Ripa,Abruzzi,42.6327,13.6571
64100,Tordinia,Abruzzi,42.6327,13.6571
64100,Teramo,Abruzzi,42.6612,13.699
64100,Colle Santa Maria,Abruzzi,42.7594,13.9058
64100,Cartecchio,Abruzzi,42.6574,13.7201
64100,Frondarola,Abruzzi,42.621,13.6489
64100,Sant'Atto,Abruzzi,42.7073,13.8071
64100,Colleminuccio,Abruzzi,42.6882,13.7165
64100,Colleatterrato Alto,Abruzzi,42.6798,13.7297
75010,Peschiera,Basilicata,40.3591,16.4964
75010,Craco,Basilicata,40.3799,16.4371
75010,Grottole,Basilicata,40.6033,16.3783
75010,Garaguso,Basilicata,40.5487,16.2283
75010,Aliano,Basilicata,40.3136,16.2298
75010,Calciano,Basilicata,40.588,16.1924
75010,Cirigliano,Basilicata,40.3938,16.1719
75010,Miglionico,Basilicata,40.5676,16.4996
75010,San Mauro Forte,Basilicata,40.4833,16.2515
75010,Gorgoglione,Basilicata,40.3953,16.1446
75010,Oliveto Lucano,Basilicata,40.5355,16.1855
75011,Accettura,Basilicata,40.491,16.158
75012,Metaponto Lido,Basilicata,40.3591,16.8341
75012,Metaponto,Basilicata,40.3714,16.8112
75012,Bernalda,Basilicata,40.4126,16.6892
75012,Serra Marina,Basilicata,40.4445,16.7809
75013,Macchia,Basilicata,40.4683,16.503
75013,Borgo Macchia,Basilicata,40.4846,16.4778
75013,Ferrandina,Basilicata,40.5008,16.4526
75014,Grassano,Basilicata,40.6346,16.2779
75015,Pisticci,Basilicata,40.3902,16.5592
75015,Marconia,Basilicata,40.3635,16.6882
75015,Pisticci Scalo,Basilicata,40.4205,16.5493
75016,Pomarico,Basilicata,40.528,16.5271
75017,Salandra,Basilicata,40.5267,16.3204
75018,Stigliano,Basilicata,40.4024,16.2298
75019,Calle,Basilicata,40.683,16.1327
75019,Tricarico,Basilicata,40.6146,16.1426
75020,Nova Siri Scalo,Basilicata,40.1318,16.6359
75020,Recoleta,Basilicata,40.2511,16.6539
75020,Nova Siri,Basilicata,40.1482,16.5398
75020,Scanzano Jonico,Basilicata,40.2509,16.6982
75020,Nova Siri Stazione,Basilicata,40.1955,16.632
75021,Colobraro,Basilicata,40.1884,16.4248
75022,Irsina,Basilicata,40.7502,16.2382
75022,Taccone,Basilicata,40.798,16.1622
75023,Montalbano Jonico,Basilicata,40.2859,16.5696
75024,Montescaglioso,Basilicata,40.5502,16.6654
75025,Policoro,Basilicata,40.2128,16.6779
75026,Rotondella,Basilicata,40.1714,16.5249
75027,San Giorgio Lucano,Basilicata,40.1113,16.3893
75028,Caprarico,Basilicata,40.3077,16.4044
75028,Tursi,Basilicata,40.2465,16.4714
75028,Gannano,Basilicata,40.3248,16.4264
75029,Valsinni,Basilicata,40.171,16.4439
75100,Matera,Basilicata,40.666,16.6046
75100,La Martella,Basilicata,40.6625,16.5355
75100,Venusio,Basilicata,40.6642,16.5701
85010,Campomaggiore,Basilicata,40.5659,16.0725
85010,Brindisi Montagna,Basilicata,40.6095,15.9398
85010,Pignola,Basilicata,40.5741,15.7829
85010,Madonna Del Pantano,Basilicata,40.5668,15.7699
85010,Banzi,Basilicata,40.8606,16.0098
85010,Albano Di Lucania,Basilicata,40.5861,16.0371
85010,Abriola,Basilicata,40.5075,15.8131
85010,Rifreddo,Basilicata,40.5736,15.8218
85010,Pantano,Basilicata,40.2025,16.2111
85010,Castelmezzano,Basilicata,40.5283,16.0458
85010,Calvello,Basilicata,40.4748,15.8509
85010,Gallicchio,Basilicata,40.7393,15.7911
85010,San Chirico Nuovo,Basilicata,40.6776,16.0789
85010,Missanello,Basilicata,40.2831,16.1665
85010,Guardia Perticara,Basilicata,40.3617,16.0984
85010,Vaglio Basilicata,Basilicata,40.6664,15.9143
85010,Anzi,Basilicata,40.5166,15.9246
85010,Cancellara,Basilicata,40.7307,15.9247
85010,Pietrapertosa,Basilicata,40.5173,16.0624
85010,Armento,Basilicata,40.3066,16.0655
85011,Acerenza,Basilicata,40.7939,15.9381
85012,Corleto Perticara,Basilicata,40.3821,16.0392
85013,Genzano Di Lucania,Basilicata,40.8459,16.0312
85014,Laurenzana,Basilicata,40.4591,15.9707
85015,Oppido Lucano,Basilicata,40.6418,15.8079
85016,Pietragalla,Basilicata,40.7457,15.874
85016,San Giorgio,Basilicata,40.7715,15.798
85017,Tolve,Basilicata,40.6942,16.0163
85018,Trivigno,Basilicata,40.5802,15.9886
85020,Sterpito,Basilicata,40.8649,15.6778
85020,Maschito,Basilicata,40.9089,15.8295
85020,Filiano,Basilicata,40.8104,15.7098
85020,Dragonetti,Basilicata,40.8297,15.7158
85020,Avigliano Scalo,Basilicata,40.8649,15.6778
85020,Rapone,Basilicata,40.8471,15.4982
85020,Sant'Angelo Di Avigliano,Basilicata,40.8649,15.6778
85020,Piano San Nicola,Basilicata,40.8649,15.6778
85020,Scalera,Basilicata,40.8593,15.7192
85020,Montemilone,Basilicata,41.0274,15.9666
85020,Sterpito Di Sopra,Basilicata,40.7877,15.685
85020,Ginestra,Basilicata,40.9309,15.735
85020,Sant'Andrea,Basilicata,40.8981,15.5921
85020,Sterpito Di Sotto,Basilicata,40.7959,15.6831
85020,Ruvo Del Monte,Basilicata,40.8495,15.5422
85020,Sant'Ilario,Basilicata,40.7907,15.6663
85020,Atella,Basilicata,40.8785,15.6523
85020,Lagopesole,Basilicata,40.8034,15.7344
85020,San Giorgio Di Pietragalla,Basilicata,40.7715,15.798
85020,Ripacandida,Basilicata,40.9126,15.726
85020,San Fele,Basilicata,40.8165,15.5404
85020,San Nicola,Basilicata,41.0802,15.6843
85020,Pescopagano,Basilicata,40.8349,15.3995
85021,Castel Lagopesole,Basilicata,40.8034,15.7344
85021,San Cataldo,Basilicata,40.7417,15.6654
85021,Piano Del Conte,Basilicata,40.8289,15.7524
85021,Sant'Angelo,Basilicata,40.7583,15.7922
85021,San Cataldo Di Bella,Basilicata,40.7745,15.7397
85021,Possidente,Basilicata,40.7817,15.7738
85021,Avigliano,Basilicata,40.7329,15.72
85022,Barile,Basilicata,40.9433,15.6717
85023,Forenza,Basilicata,40.8604,15.8546
85024,Lavello,Basilicata,41.0477,15.7891
85024,Gaudiano,Basilicata,41.0477,15.7891
85025,Melfi,Basilicata,40.9957,15.6558
85025,Foggiano,Basilicata,40.9581,15.5739
85025,Leonessa Di Melfi,Basilicata,41.0769,15.6035
85026,Palazzo San Gervasio,Basilicata,40.9316,15.9815
85027,Rapolla,Basilicata,40.975,15.672
85028,Monticchio,Basilicata,40.9362,15.6203
85028,Rionero In Vulture,Basilicata,40.9233,15.6711
85028,Monticchio Bagni,Basilicata,40.9491,15.5694
85029,Venosa,Basilicata,40.9628,15.8128
85030,San Paolo Albanese,Basilicata,40.0357,16.335
85030,Casa Del Conte,Basilicata,40.0877,16.1943
85030,Castronuovo Di Sant'Andrea,Basilicata,40.189,16.1856
85030,Mezzana,Basilicata,40.0877,16.1943
85030,Calvera,Basilicata,40.1487,16.1436
85030,San Chirico Raparo,Basilicata,40.1924,16.0762
85030,San Costantino Albanese,Basilicata,40.0368,16.3048
85030,San Severino Lucano,Basilicata,40.0202,16.1386
85030,Carbone,Basilicata,40.1423,16.0885
85030,San Martino D'Agri,Basilicata,40.2391,16.0522
85030,Villaneto,Basilicata,40.0428,16.1844
85030,Cersosimo,Basilicata,40.047,16.3506
85030,Terranova Di Pollino,Basilicata,39.9777,16.2958
85030,Mezzana Salice,Basilicata,39.9808,16.1766
85031,Frusci,Basilicata,40.1228,15.9541
85031,Castelsaraceno,Basilicata,40.1621,15.9928
85031,Miraldo,Basilicata,40.1424,15.9735
85032,Chiaromonte,Basilicata,40.1232,16.2144
85032,Teana,Basilicata,40.1259,16.1528
85033,Episcopia,Basilicata,40.0748,16.0982
85034,Fardella,Basilicata,40.1138,16.1698
85034,Francavilla In Sinni,Basilicata,40.0814,16.2042
85035,Noepoli,Basilicata,40.087,16.3283
85036,Roccanova,Basilicata,40.2125,16.2043
85037,Sant'Arcangelo,Basilicata,40.2485,16.2705
85037,San Brancato,Basilicata,40.2582,16.2566
85038,Senise,Basilicata,40.1462,16.2887
85039,Spinoso,Basilicata,40.2692,15.9666
85040,Castelluccio Inferiore,Basilicata,40.0015,15.9815
85040,San Costantino,Basilicata,40.073,15.6882
85040,San Costantino Di Rivello,Basilicata,40.073,15.6882
85040,Castelluccio Superiore,Basilicata,40.01,15.9718
85040,Rivello,Basilicata,40.0782,15.758
85040,Viggianello,Basilicata,39.9723,16.0852
85040,Nemoli,Basilicata,40.0676,15.7996
85040,Pedali Di Viggianello,Basilicata,39.9952,16.0603
85042,Lagonegro,Basilicata,40.1278,15.7621
85043,Magnano,Basilicata,40.0551,16.0548
85043,Mileo,Basilicata,40.0589,16.0301
85043,Latronico,Basilicata,40.0891,16.0095
85043,Cerri,Basilicata,39.9941,15.8643
85043,Agromonte,Basilicata,40.0493,15.9897
85044,Lauria Superiore,Basilicata,40.0547,15.8879
85044,Lauria Inferiore,Basilicata,40.0547,15.8879
85044,Seluci,Basilicata,40.0712,15.948
85044,Cogliandrino,Basilicata,40.0939,15.9287
85044,Lauria,Basilicata,40.047,15.8381
85044,Galdo Di Lauria,Basilicata,40.022,15.8786
85044,Pecorone,Basilicata,40.0718,15.8554
85044,Galdo,Basilicata,40.022,15.8786
85046,Massa,Basilicata,39.9838,15.7453
85046,Fiumicello Santa Venere,Basilicata,40.0023,15.7112
85046,Maratea,Basilicata,39.9993,15.7154
85046,Acquafredda,Basilicata,40.0348,15.6746
85046,Maratea Porto,Basilicata,39.9914,15.7096
85047,Moliterno,Basilicata,40.2439,15.8654
85048,Rotonda,Basilicata,39.9521,16.039
85049,Piano Dei Peri,Basilicata,39.9972,15.7927
85049,Trecchina,Basilicata,40.0261,15.7758
85050,Marsicovetere,Basilicata,40.3759,15.8257
85050,Sasso Di Castalda,Basilicata,40.4852,15.6757
85050,Savoia Di Lucania,Basilicata,40.5695,15.5513
85050,Villa D'Agri,Basilicata,40.3543,15.8277
85050,Sant'Angelo Le Fratte,Basilicata,40.5449,15.5616
85050,Grumento Nova,Basilicata,40.2828,15.8888
85050,Tito,Basilicata,40.5837,15.6762
85050,Balvano,Basilicata,40.6495,15.5135
85050,Brienza,Basilicata,40.4775,15.6293
85050,Baragiano,Basilicata,40.68,15.594
85050,Baragiano Scalo,Basilicata,40.695,15.5751
85050,Castelgrande,Basilicata,40.7864,15.4311
85050,Tito Scalo,Basilicata,40.5216,15.6618
85050,Paterno,Basilicata,40.3751,15.7351
85050,Sarconi,Basilicata,40.248,15.8884
85050,Scalo Di Baragiano,Basilicata,40.695,15.5751
85050,Satriano Di Lucania,Basilicata,40.543,15.6402
85051,Sant'Antonio Casalini,Basilicata,40.7321,15.5927
85051,Bella,Basilicata,40.7606,15.541
85052,Marsico Nuovo,Basilicata,40.4236,15.7346
85052,Galaino,Basilicata,40.3827,15.7615
85052,Pergola,Basilicata,40.4308,15.6822
85053,Montemurro,Basilicata,40.2977,15.9918
85054,Capo Di Giano,Basilicata,40.7538,15.4881
85054,Muro Lucano,Basilicata,40.7538,15.4881
85055,Picerno,Basilicata,40.6397,15.6423
85056,Ruoti,Basilicata,40.7166,15.6837
85057,Tramutola,Basilicata,40.3186,15.7875
85058,Vietri Di Potenza,Basilicata,40.6003,15.5079
85058,Mosileo,Basilicata,40.6038,15.475
85059,Viggiano,Basilicata,40.3421,15.8996
85100,Potenza,Basilicata,40.6418,15.8079
85100,Montocchio,Basilicata,40.6724,15.7569
85100,Giuliano,Basilicata,40.6835,15.7727
87010,Torano Castello,Calabria,39.504,16.161
87010,San Basile,Calabria,39.8096,16.1633
87010,Torano Castello Scalo,Calabria,39.6356,16.1353
87010,Rota Greca,Calabria,39.467,16.1141
87010,San Donato Di Ninea,Calabria,39.7116,16.0474
87010,Firmo,Calabria,39.7221,16.1634
87010,Policastrello,Calabria,39.6875,16.0493
87010,Saracena,Calabria,39.7786,16.1591
87010,Santa Maria Le Grotte,Calabria,39.4771,16.1421
87010,Terranova Da Sibari,Calabria,39.6555,16.3398
87010,Frascineto,Calabria,39.8338,16.2638
87010,Regina,Calabria,39.4507,16.1578
87010,San Sosti,Calabria,39.6588,16.0296
87010,Lattarico,Calabria,39.4511,16.127
87010,Acquaformosa,Calabria,39.7228,16.091
87010,Sant'Agata Di Esaro,Calabria,39.6224,15.9829
87010,Malvito,Calabria,39.6011,16.0534
87010,Santa Caterina Albanese,Calabria,39.5859,16.0704
87010,Eianina,Calabria,39.8167,16.2667
87010,Cervicati,Calabria,39.5424,16.1268
87010,Lungro,Calabria,39.7377,16.1259
87010,Ioggi,Calabria,39.5759,16.08
87010,San Martino Di Finita,Calabria,39.4899,16.1097
87010,Mottafollone,Calabria,39.6485,16.0645
87010,Sartano,Calabria,39.5117,16.1792
87010,Civita,Calabria,39.828,16.3134
87011,Lattughelle,Calabria,39.7517,16.3881
87011,Lauropoli,Calabria,39.7833,16.3333
87011,Sibari Stazione,Calabria,39.7517,16.3881
87011,Doria,Calabria,39.7304,16.356
87011,Cassano Allo Ionio,Calabria,39.7814,16.3274
87011,Pianoscafo,Calabria,39.7159,16.4687
87011,Sibari,Calabria,39.7473,16.4551
87012,Castrovillari,Calabria,39.8163,16.2018
87012,Vigne Di Castrovillari,Calabria,39.8163,16.2018
87013,Fagnano Castello,Calabria,39.5716,16.0625
87014,Laino Borgo,Calabria,39.9543,15.9735
87015,Laino Castello,Calabria,39.9363,15.9766
87016,Morano Calabro,Calabria,39.8414,16.1384
87017,Roggiano Gravina,Calabria,39.6179,16.1617
87018,San Marco Argentano,Calabria,39.5573,16.1245
87018,San Marco Roggiano Stazione,Calabria,39.5573,16.1245
87018,San Marco Argentano Stazione,Calabria,39.5573,16.1245
87019,Spezzano Albanese Terme,Calabria,39.6891,16.2916
87019,Spezzano Albanese Stazione,Calabria,39.711,16.2904
87019,Spezzano Albanese,Calabria,39.6685,16.3094
87020,Maiera',Calabria,39.7166,15.8501
87020,Bonifati,Calabria,39.5859,15.9016
87020,Acquappesa,Calabria,39.4957,15.9542
87020,Guardia Piemontese,Calabria,39.4657,15.9997
87020,San Nicola Arcella,Calabria,39.8434,15.7863
87020,Marcellina,Calabria,39.7658,15.8231
87020,Sangineto,Calabria,39.6055,15.9148
87020,Marina Di Tortora,Calabria,39.9229,15.7694
87020,Guardia Piemontese Marina,Calabria,39.4633,15.9812
87020,Acquappesa Marina,Calabria,39.4932,15.9518
87020,Santa Domenica Talao,Calabria,39.8187,15.8538
87020,Orsomarso,Calabria,39.7991,15.9075
87020,Cittadella Del Capo,Calabria,39.5593,15.876
87020,Torrevecchia,Calabria,39.5564,15.8961
87020,Aieta,Calabria,39.9278,15.8235
87020,Guardia Piemontese Terme,Calabria,39.6977,15.8783
87020,Buonvicino,Calabria,39.6888,15.884
87020,Intavolata,Calabria,39.4809,15.9598
87020,Le Crete,Calabria,39.6977,15.8783
87020,Verbicaro,Calabria,39.7608,15.9073
87020,Grisolia,Calabria,39.7254,15.856
87020,Tortora Marina,Calabria,39.9229,15.7694
87020,Granata,Calabria,39.6977,15.8783
87020,Santa Maria Del Cedro,Calabria,39.7462,15.8364
87020,Sangineto Lido,Calabria,39.5871,15.8667
87020,Tortora,Calabria,39.9413,15.8052
87020,Papasidero,Calabria,39.8716,15.9058
87021,Laise,Calabria,39.6288,15.8703
87021,Belvedere Marittimo,Calabria,39.6364,15.8446
87021,Marina Di Belvedere Marittimo,Calabria,39.6326,15.8575
87022,Cetraro,Calabria,39.5166,15.9416
87022,San Filippo,Calabria,39.7847,15.8286
87022,Sant'Angelo,Calabria,39.5559,15.9518
87022,Sant'Angelo Di Cetraro,Calabria,39.5559,15.9518
87022,Cetraro Marina,Calabria,39.517,15.9346
87022,Battendieri,Calabria,39.5047,15.9707
87023,Diamante,Calabria,39.6807,15.8217
87023,Cirella,Calabria,39.714,15.8104
87024,Scarcelli,Calabria,39.4,16.0167
87024,Fuscaldo,Calabria,39.4142,16.0284
87024,Marina Di Fuscaldo,Calabria,39.4242,16.0069
87024,Cariglio,Calabria,39.4333,16.0171
87026,Mormanno,Calabria,39.6348,15.9018
87027,Fosse,Calabria,39.3333,16.0499
87027,Santuario San Francesco,Calabria,39.3614,16.0411
87027,San Miceli,Calabria,39.3877,16.0365
87027,Paola Santuario,Calabria,39.3614,16.0411
87027,Paola Marina,Calabria,39.3614,16.0411
87027,Paola,Calabria,39.3631,16.0369
87028,Praia A Mare,Calabria,39.8941,15.7842
87029,Scalea,Calabria,39.8061,15.7964
87030,San Vincenzo La Costa,Calabria,39.3654,16.1511
87030,Falconara Albanese,Calabria,39.2752,16.0882
87030,Carolei,Calabria,39.2547,16.2198
87030,Cleto,Calabria,39.0902,16.1584
87030,Vadue,Calabria,39.2806,16.2288
87030,Gesuiti,Calabria,39.3589,16.1344
87030,Serra D'Aiello,Calabria,39.09,16.1261
87030,Belsito,Calabria,39.1768,16.2874
87030,Fiumefreddo Bruzio,Calabria,39.2357,16.0706
87030,Domanico,Calabria,39.2169,16.2072
87030,Longobardi,Calabria,39.2106,16.0746
87030,Stazione Di Fiumefreddo Bruzio,Calabria,39.2104,16.1346
87030,Torremezzo,Calabria,39.2687,16.0579
87030,Torremezzo Di Falconara,Calabria,39.2687,16.0579
87030,San Biase,Calabria,39.2242,16.0906
87030,Marina Di Fiumefreddo Bruzio,Calabria,39.2104,16.1346
87030,Malito,Calabria,39.1578,16.2468
87030,Longobardi Marina,Calabria,39.2074,16.0622
87030,Reggio,Calabria,39.2284,16.0613
87030,Scornavacca,Calabria,39.2284,16.0613
87030,Savuto,Calabria,39.0719,16.1645
87030,Savuto Di Cleto,Calabria,39.0719,16.1645
87030,San Pietro In Amantea,Calabria,39.1366,16.1124
87031,Aiello Calabro,Calabria,39.1178,16.1654
87032,Amantea Marina,Calabria,39.0931,16.0862
87032,Corica,Calabria,39.0847,16.0877
87032,Campora San Giovanni,Calabria,39.068,16.0957
87032,Amantea,Calabria,39.1266,16.0751
87033,Vadi,Calabria,39.1617,16.1027
87033,Belmonte Calabro Marina,Calabria,39.1637,16.0661
87033,Belmonte Calabro,Calabria,39.164,16.0821
87034,Grimaldi,Calabria,39.1411,16.2351
87035,Terrati,Calabria,39.1353,16.1422
87035,Lago,Calabria,39.1707,16.1483
87035,Aria Di Lupi,Calabria,39.1567,16.1734
87035,Greci,Calabria,39.1624,16.1333
87036,Santo Stefano,Calabria,39.3473,16.199
87036,Rende,Calabria,39.3315,16.1804
87036,Quattromiglia,Calabria,39.3447,16.238
87036,Arcavacata,Calabria,39.3585,16.2084
87036,Castiglione Cosentino Stazione,Calabria,39.3419,16.2054
87036,Surdo,Calabria,39.3275,16.2014
87036,Commenda,Calabria,39.3419,16.2054
87036,Roges,Calabria,39.3419,16.2054
87037,Bucita,Calabria,39.3476,16.132
87037,San Fili,Calabria,39.3397,16.1445
87038,San Lucido,Calabria,39.3101,16.0532
87038,Pollella,Calabria,39.3101,16.0532
87040,Deposito Di Luzzi,Calabria,39.3675,16.2246
87040,Stazione Di Mongrassano,Calabria,39.3675,16.2246
87040,San Giacomo,Calabria,39.4996,16.1137
87040,Marano Principato,Calabria,39.2978,16.1743
87040,Casal Di Basso,Calabria,39.3675,16.2246
87040,Andreotta,Calabria,39.3075,16.2177
87040,Montalto Uffugo Scalo,Calabria,39.3675,16.2246
87040,San Giacomo Di Cerzeto,Calabria,39.4996,16.1137
87040,Rosario,Calabria,39.291,16.2312
87040,Rose,Calabria,39.3993,16.2945
87040,Mongrassano,Calabria,39.5264,16.1123
87040,Tivolille,Calabria,39.2795,16.2074
87040,Mongrassano Stazione,Calabria,39.3675,16.2246
87040,Cavallerizzo,Calabria,39.5153,16.1108
87040,San Lorenzo Del Vallo,Calabria,39.6674,16.2987
87040,Altilia,Calabria,39.1305,16.2527
87040,San Benedetto Ullano,Calabria,39.4271,16.1238
87040,San Bartolo,Calabria,39.2681,16.1828
87040,Malavicina,Calabria,39.308,16.2725
87040,Ortomatera,Calabria,39.3245,16.2143
87040,Tarsia,Calabria,39.6231,16.2734
87040,Timparello,Calabria,39.4481,16.3157
87040,Maione,Calabria,39.1319,16.2424
87040,Paterno Calabro,Calabria,39.2285,16.2649
87040,Luzzi,Calabria,39.448,16.2873
87040,Cerzeto,Calabria,39.5079,16.116
87040,Mendicino,Calabria,39.2628,16.1945
87040,Timparello Di Luzzi,Calabria,39.4481,16.3157
87040,Andreotta Di Castrolibero,Calabria,39.3075,16.2177
87040,Castiglione Cosentino,Calabria,39.3527,16.2882
87040,Marano Marchesato,Calabria,39.3127,16.1735
87040,Castrolibero,Calabria,39.31,16.1945
87040,Parenti,Calabria,39.1607,16.4114
87040,Zumpano,Calabria,39.3105,16.2927
87040,Taverna Di Montalto Uffugo,Calabria,39.4304,16.2309
87041,Acri,Calabria,39.4962,16.3863
87041,Montagnola,Calabria,39.4916,16.4276
87041,San Giacomo D'Acri,Calabria,39.5254,16.4642
87041,Duglia,Calabria,39.4961,16.4127
87041,Serricella,Calabria,39.4713,16.3727
87042,Altomonte,Calabria,39.699,16.13
87043,Bisignano,Calabria,39.5073,16.2811
87044,Cerisano,Calabria,39.2771,16.1765
87045,Laurignano,Calabria,39.2791,16.2423
87045,Dipignano,Calabria,39.2387,16.2518
87045,Tessano,Calabria,39.2562,16.2412
87046,Vaccarizzo,Calabria,39.4111,16.1344
87046,Parantoro,Calabria,39.4016,16.1312
87046,Vaccarizzo Di Montalto,Calabria,39.4111,16.1344
87046,Caldopiano,Calabria,39.3837,16.1324
87046,Montalto Uffugo,Calabria,39.4033,16.1553
87047,San Benedetto In Guarano,Calabria,39.341,16.3025
87047,San Pietro In Guarano,Calabria,39.3416,16.313
87047,Redipiano,Calabria,39.3528,16.3164
87048,Santa Sofia D'Epiro,Calabria,39.546,16.3281
87050,Pietrafitta,Calabria,39.261,16.3394
87050,Pian Del Lago,Calabria,39.2205,16.3491
87050,Pedace,Calabria,39.2764,16.3364
87050,Figline Vegliaturo,Calabria,39.2252,16.3303
87050,Trenta,Calabria,39.2854,16.3209
87050,Morelli,Calabria,39.2205,16.3491
87050,Rovito,Calabria,39.3064,16.3175
87050,Perito,Calabria,39.2764,16.3364
87050,Magli,Calabria,39.2788,16.3121
87050,Borboruso,Calabria,39.1048,16.3618
87050,Pedivigliano,Calabria,39.1103,16.3049
87050,Marzi,Calabria,39.1706,16.307
87050,Piane Crati,Calabria,39.2347,16.3231
87050,Spezzano Piccolo,Calabria,39.2901,16.3421
87050,Carpanzano,Calabria,39.1482,16.3045
87050,Serra Pedace,Calabria,39.279,16.3456
87050,Casole Bruzio,Calabria,39.2838,16.3319
87050,Bianchi,Calabria,39.1006,16.4102
87050,Mangone,Calabria,39.2044,16.3326
87050,Silvana Mansio,Calabria,39.2965,16.5249
87050,Colosimi,Calabria,39.1191,16.3991
87050,Cellara,Calabria,39.2185,16.3348
87050,Lappano,Calabria,39.3196,16.3114
87050,Panettieri,Calabria,39.0601,16.4537
87051,Vico,Calabria,39.2405,16.3298
87051,Camarda Di Aprigliano,Calabria,39.2414,16.3351
87051,Aprigliano,Calabria,39.2423,16.3405
87052,Camigliatello Silano,Calabria,39.3409,16.4415
87052,Croce Di Magara,Calabria,39.3449,16.43
87052,Moccone,Calabria,39.3449,16.43
87052,Fago Del Soldato,Calabria,39.3529,16.407
87052,Camigliatello,Calabria,39.3409,16.4415
87053,Celico,Calabria,39.3101,16.3399
87054,Saliano,Calabria,39.1829,16.4359
87054,Rogliano,Calabria,39.1784,16.3171
87055,San Giovanni In Fiore,Calabria,39.2545,16.697
87055,Monte Oliveto,Calabria,39.2524,16.6044
87055,Lorica,Calabria,39.2504,16.5118
87056,Santo Stefano Di Rogliano,Calabria,39.1922,16.3208
87057,Diano,Calabria,39.1278,16.3142
87057,Scigliano,Calabria,39.1306,16.3071
87057,Calvisi,Calabria,39.1333,16.3
87058,Spezzano Della Sila,Calabria,39.3003,16.3392
87060,Pietrapaola,Calabria,39.487,16.816
87060,Paludi,Calabria,39.5294,16.6796
87060,Terravecchia,Calabria,39.4659,16.9462
87060,Pietrapaola Stazione,Calabria,39.5205,16.7129
87060,San Cosmo Albanese,Calabria,39.5836,16.4147
87060,Caloveto,Calabria,39.5066,16.7606
87060,Calopezzati,Calabria,39.5612,16.8018
87060,Crosia,Calabria,39.5682,16.7713
87060,Marinella,Calabria,39.4911,16.2225
87060,Scala Coeli,Calabria,39.4482,16.8866
87060,Mirto,Calabria,39.6007,16.7739
87060,San Morello,Calabria,39.4945,16.8756
87060,Mandatoriccio,Calabria,39.4668,16.8342
87060,San Giorgio Albanese,Calabria,39.5823,16.4535
87060,Vaccarizzo Albanese,Calabria,39.5854,16.4329
87060,Cropalati,Calabria,39.5167,16.7267
87060,Vecchiarello,Calabria,39.5167,16.8333
87060,Bocchigliero,Calabria,39.4193,16.7506
87060,Camigliano,Calabria,39.546,16.8516
87061,Campana,Calabria,39.4136,16.8222
87062,Cariati,Calabria,39.4963,16.9549
87062,Cariati Marina,Calabria,39.4963,16.9549
87064,Villaggio Frasso,Calabria,39.6436,16.483
87064,Fabrizio,Calabria,39.6394,16.5567
87064,Corigliano Calabro,Calabria,39.5955,16.5191
87064,Corigliano Calabro Stazione,Calabria,39.6167,16.5
87064,Schiavonea,Calabria,39.65,16.5333
87064,Marina Di Schiavonea,Calabria,39.65,16.5333
87064,Corigliano Scalo,Calabria,39.6271,16.5137
87064,Cantinella,Calabria,39.6646,16.4491
87066,Destro,Calabria,39.4892,16.6941
87066,Longobucco,Calabria,39.4483,16.6105
87067,Rossano,Calabria,39.5762,16.6345
87067,Rossano Stazione,Calabria,39.5986,16.6349
87067,Piragineti,Calabria,39.6097,16.574
87067,Amica,Calabria,39.6009,16.6669
87069,Macchia Albanese,Calabria,39.581,16.3812
87069,San Demetrio Corone,Calabria,39.5699,16.3615
87070,Castroregio,Calabria,39.9922,16.4785
87070,Nocara,Calabria,40.0994,16.4819
87070,Farneta,Calabria,40.0157,16.4027
87070,Canna,Calabria,40.0948,16.5038
87070,Roseto Capo Spulico Stazione,Calabria,39.9822,16.4787
87070,Piana Di Cerchiara,Calabria,39.9822,16.4787
87070,Cerchiara Di Calabria,Calabria,39.8598,16.3837
87070,Alessandria Del Carretto,Calabria,39.9587,16.3796
87070,Borgata Marina,Calabria,39.9714,16.6209
87070,Montegiordano,Calabria,40.043,16.5344
87070,Albidona,Calabria,39.9233,16.4724
87070,Plataci,Calabria,39.9004,16.4327
87070,San Lorenzo Bellizzi,Calabria,39.8887,16.3303
87070,Roseto Capo Spulico,Calabria,39.9864,16.6036
87070,Montegiordano Marina,Calabria,40.0344,16.599
87071,Amendolara Marina,Calabria,39.9386,16.6059
87071,Amendolara,Calabria,39.9516,16.5829
87072,Francavilla Marittima,Calabria,39.8161,16.395
87073,Oriolo,Calabria,40.0532,16.4466
87074,Rocca Imperiale,Calabria,40.1101,16.5782
87074,Rocca Imperiale Marina,Calabria,40.0996,16.6134
87075,Trebisacce,Calabria,39.8713,16.5342
87076,Torre Cerchiar,Calabria,39.8161,16.4743
87076,Villapiana,Calabria,39.8457,16.4553
87076,Villapiana Lido,Calabria,39.812,16.4882
87076,Villapiana Scalo,Calabria,39.7905,16.4795
87100,Cosenza,Calabria,39.2989,16.2531
87100,Borgo Partenope,Calabria,39.2709,16.3039
87100,Sant'Ippolito Di Cosenza,Calabria,39.2674,16.2944
87100,Casali,Calabria,39.5649,16.3226
87100,Sanvito,Calabria,39.2672,16.2896
87100,Donnici Superiore,Calabria,39.2484,16.3035
87100,Donnici Inferiore,Calabria,39.2502,16.2931
88020,Jacurso,Calabria,38.8465,16.3798
88020,Cortale,Calabria,38.8401,16.4096
88021,San Floro,Calabria,38.838,16.5187
88021,Borgia,Calabria,38.8263,16.5077
88021,Roccelletta,Calabria,38.8113,16.5982
88022,Acconia,Calabria,38.8359,16.2653
88022,Curinga,Calabria,38.8281,16.3134
88024,Girifalco,Calabria,38.8259,16.4269
88025,San Pietro A Maida,Calabria,38.8473,16.3412
88025,Maida,Calabria,38.8588,16.3628
88040,Settingiano,Calabria,38.9114,16.5139
88040,Accaria,Calabria,38.981,16.3653
88040,Castagna,Calabria,39.0552,16.4368
88040,Platania,Calabria,39.0062,16.3219
88040,Amato,Calabria,38.9418,16.4622
88040,Accaria Rosaria,Calabria,38.976,16.3681
88040,Pianopoli,Calabria,38.9525,16.3886
88040,Conflenti,Calabria,39.0717,16.2845
88040,Gizzeria Lido,Calabria,38.9301,16.2143
88040,San Mango D'Aquino,Calabria,39.0604,16.1922
88040,Angoli,Calabria,38.9709,16.4373
88040,San Pietro Apostolo,Calabria,39.0041,16.4678
88040,Martirano,Calabria,39.0812,16.2483
88040,Motta Santa Lucia,Calabria,39.0912,16.2931
88040,Cicala,Calabria,39.0222,16.4861
88040,Serrastretta,Calabria,39.0132,16.4163
88040,Conflenti Inferiore,Calabria,39.0667,16.2667
88040,Martelletto,Calabria,38.8916,16.5346
88040,Martirano Lombardo,Calabria,39.0747,16.232
88040,Carlopoli,Calabria,39.0541,16.4546
88040,Feroleto Antico,Calabria,38.9624,16.3878
88040,Cancello,Calabria,39.05,16.3333
88040,Pratora Sarrottino,Calabria,39.0025,16.3621
88040,Migliuso,Calabria,38.954,16.4311
88040,Gizzeria,Calabria,38.9803,16.2067
88040,San Michele,Calabria,38.9609,16.4174
88040,Miglierina,Calabria,39.0005,16.2547
88040,San Mazzeo,Calabria,39.0025,16.3621
88040,Ievoli,Calabria,39.0025,16.3621
88041,Adami,Calabria,39.0711,16.3534
88041,Cerrisi,Calabria,39.037,16.3665
88041,San Bernardo,Calabria,39.0499,16.3469
88041,Decollatura,Calabria,39.0465,16.3575
88042,Castiglione Marittimo,Calabria,38.9818,16.1596
88042,Falerna,Calabria,39.003,16.1715
88042,Falerna Scalo,Calabria,38.9729,16.1529
88044,Marcellinara,Calabria,38.9257,16.4876
88045,Gimigliano Inferiore,Calabria,38.9594,16.5486
88045,Gimigliano,Calabria,38.9734,16.5316
88045,Cavora',Calabria,38.9524,16.5571
88045,Cavora' Di Gimigliano,Calabria,38.9524,16.5571
88046,Santa Eufemia Lamezia,Calabria,38.9198,16.2522
88046,Sambiase,Calabria,38.9667,16.2833
88046,Sambiase Di Lamezia Terme,Calabria,38.9593,16.2947
88046,Bella Di Lamezia Terme,Calabria,38.9593,16.2947
88046,Acquafredda,Calabria,38.99,16.2401
88046,Sant'Eufemia Di Lamezia Terme,Calabria,38.9593,16.2947
88046,Nicastro,Calabria,38.9709,16.3129
88046,Gabella,Calabria,38.9827,16.2743
88046,San Pietro Lametino,Calabria,38.8688,16.2776
88046,Fronti,Calabria,38.9813,16.3481
88046,Caronte,Calabria,38.9677,16.2582
88046,Lamezia Terme,Calabria,38.9626,16.3094
88046,Zangarona,Calabria,38.971,16.343
88046,Zangarona Di Lamezia Terme,Calabria,38.971,16.343
88047,Nocera Terinese,Calabria,39.0347,16.1674
88047,Marina Di Nocera Terinese,Calabria,39.0347,16.1674
88049,San Tommaso,Calabria,39.0833,16.3667
88049,Soveria Mannelli,Calabria,39.0778,16.3771
88049,Colla,Calabria,39.071,16.3961
88050,Crichi,Calabria,38.953,16.6418
88050,Uria,Calabria,38.9131,16.7266
88050,Sellia,Calabria,38.9821,16.6307
88050,Amaroni,Calabria,38.7942,16.4481
88050,Marcedusa,Calabria,39.0268,16.8361
88050,La Petrizia,Calabria,38.8844,16.7144
88050,Vallefiorita,Calabria,38.7764,16.461
88050,Sorbo San Basile,Calabria,39.0194,16.5691
88050,Belcastro,Calabria,39.018,16.7864
88050,Petrona',Calabria,39.0437,16.758
88050,Soveria Simeri,Calabria,38.9499,16.6785
88050,Fossato Serralta,Calabria,38.9963,16.5796
88050,Palermiti,Calabria,38.7487,16.4522
88050,Simeri,Calabria,38.9336,16.6621
88050,Pentone,Calabria,38.9858,16.5825
88050,Cerva,Calabria,39.024,16.7454
88050,Andali,Calabria,39.0128,16.7693
88050,Petrizia,Calabria,38.8844,16.7144
88050,San Pietro,Calabria,39.01,16.6129
88050,Simeri Crichi,Calabria,38.9478,16.6463
88050,San Pietro Magisano,Calabria,39.01,16.6129
88050,Calabricata,Calabria,38.9478,16.6463
88050,Sellia Marina,Calabria,38.886,16.7493
88050,Zagarise,Calabria,38.9999,16.6642
88050,Caraffa Di Catanzaro,Calabria,38.8819,16.4868
88050,Scoppolise,Calabria,38.9478,16.6463
88050,Magisano,Calabria,39.0134,16.6279
88051,Cuturella,Calabria,38.9553,16.7866
88051,Cropani,Calabria,38.9669,16.7802
88051,Cropani Marina,Calabria,38.9238,16.8108
88054,Sersale,Calabria,39.0101,16.7296
88055,Villaggio Mancuso,Calabria,39.0764,16.5607
88055,Albi,Calabria,39.0246,16.5972
88055,San Giovanni,Calabria,39.0187,16.5945
88055,San Giovanni D'Albi,Calabria,39.0468,16.5753
88055,Buturo,Calabria,39.0468,16.5753
88055,Villaggio Racise,Calabria,39.0922,16.5432
88055,Taverna,Calabria,39.022,16.5808
88056,Pratora,Calabria,38.9116,16.5351
88056,Tiriolo,Calabria,38.9407,16.5105
88060,Marina Di Davoli,Calabria,38.6636,16.5482
88060,Montepaone,Calabria,38.7222,16.4979
88060,San Sostene,Calabria,38.6373,16.4875
88060,San Sostene Marina,Calabria,38.65,16.5525
88060,Gagliato,Calabria,38.6758,16.4606
88060,Davoli,Calabria,38.649,16.4876
88060,Sant'Andrea Ionio Marina,Calabria,38.62,16.5493
88060,Torre Di Ruggiero,Calabria,38.6529,16.3721
88060,Argusto,Calabria,38.6805,16.4363
88060,Santa Caterina Dello Ionio,Calabria,38.5332,16.5218
88060,Sant'Andrea Apostolo Dello Ionio,Calabria,38.6217,16.5305
88060,Santa Caterina Dello Ionio Marina,Calabria,38.5274,16.5707
88060,Gasperina,Calabria,38.7404,16.5067
88060,Isca Marina,Calabria,38.6034,16.5573
88060,Satriano,Calabria,38.6664,16.4797
88060,Isca Sullo Ionio,Calabria,38.601,16.5201
88060,Marina Di Sant'Andrea Jonio,Calabria,38.6386,16.5124
88060,Montepaone Lido,Calabria,38.7295,16.5424
88060,Montauro Stazione,Calabria,38.6386,16.5124
88060,Montauro,Calabria,38.7493,16.5123
88060,Badolato,Calabria,38.5687,16.5246
88060,Petrizzi,Calabria,38.7018,16.4719
88060,Marina Di Guardavalle,Calabria,38.4796,16.5766
88060,Badolato Marina,Calabria,38.5761,16.5653
88062,Novalba,Calabria,38.6538,16.3872
88062,Cardinale,Calabria,38.6538,16.3872
88064,Chiaravalle Centrale,Calabria,38.6794,16.4086
88065,Guardavalle,Calabria,38.5051,16.5067
88065,Guardavalle Marina,Calabria,38.4796,16.5766
88067,Cenadi,Calabria,38.7193,16.4158
88067,Centrache,Calabria,38.7287,16.431
88067,San Vito Sullo Ionio,Calabria,38.7075,16.4086
88067,Olivadi,Calabria,38.7256,16.4237
88068,Soverato,Calabria,38.6875,16.5419
88068,Soverato Marina,Calabria,38.685,16.5499
88068,Soverato Superiore,Calabria,38.6899,16.5339
88069,Staletti,Calabria,38.7643,16.5393
88069,Squillace Lido,Calabria,38.7778,16.5701
88069,Copanello,Calabria,38.761,16.5674
88069,Lido Di Squillace,Calabria,38.7778,16.5701
88069,Squillace,Calabria,38.7809,16.5117
88070,Botricello,Calabria,38.93,16.858
88100,Siano,Calabria,38.9155,16.6022
88100,Pontegrande,Calabria,38.9333,16.5667
88100,Catanzaro Lido,Calabria,38.8303,16.6278
88100,Catanzaro Sala,Calabria,38.9022,16.6008
88100,Santa Maria Di Catanzaro,Calabria,38.9022,16.6008
88100,Catanzaro,Calabria,38.8825,16.6009
88100,Sant'Elia,Calabria,38.9579,16.5852
88100,Cava Di Catanzaro,Calabria,38.8938,16.6223
88811,Ciro' Marina,Calabria,39.3688,17.1248
88812,Crucoli,Calabria,39.4271,17.0028
88812,Crucoli Torretta,Calabria,39.4536,17.0363
88812,Torretta,Calabria,39.4536,17.0363
88813,Ciro',Calabria,39.383,17.0638
88814,Melissa,Calabria,39.3095,17.0297
88814,Torre Melissa,Calabria,39.3101,17.1066
88815,Marina Di Strongoli,Calabria,39.2283,17.1035
88816,Strongoli,Calabria,39.2658,17.0541
88817,Carfizzi,Calabria,39.3077,16.9745
88817,San Nicola Dell'Alto,Calabria,39.2909,16.9718
88818,Pallagorio,Calabria,39.3076,16.9082
88819,Verzino,Calabria,39.3132,16.8561
88821,Corazzo,Calabria,39.1775,16.9466
88821,Rocca Di Neto,Calabria,39.1829,17.0076
88822,Casabona,Calabria,39.2495,16.9545
88822,Zinga,Calabria,39.261,16.9173
88823,Umbriatico,Calabria,39.3534,16.918
88823,Perticaro,Calabria,39.3418,16.8918
88824,Belvedere Di Spinello,Calabria,39.2836,16.9109
88825,Savelli,Calabria,39.3128,16.7764
88831,San Mauro Marchesato,Calabria,39.1056,16.9256
88831,Scandale,Calabria,39.1234,16.9619
88832,Altilia,Calabria,39.1814,16.8808
88832,Santa Severina,Calabria,39.1477,16.9111
88833,Caccuri,Calabria,39.2256,16.7777
88833,Cerenzia,Calabria,39.2455,16.7876
88834,Castelsilano,Calabria,39.2691,16.7674
88835,Roccabernarda,Calabria,39.1328,16.8608
88836,Cotronei,Calabria,39.1593,16.7769
88837,Camellino,Calabria,39.1286,16.7669
88837,Pagliarelle,Calabria,39.1402,16.751
88837,Foresta,Calabria,39.0994,16.8129
88837,Petilia Policastro,Calabria,39.1129,16.7817
88838,Mesoraca,Calabria,39.0795,16.7881
88838,Filippa,Calabria,39.0795,16.7881
88841,Sant'Anna,Calabria,38.9343,17.0573
88841,Punta Le Castella,Calabria,38.9343,17.0573
88841,Isola Di Capo Rizzuto,Calabria,38.9584,17.0924
88841,Le Castella,Calabria,38.9101,17.0222
88842,Steccato Di Cutro,Calabria,38.9449,16.924
88842,Cutro,Calabria,39.0348,16.9866
88842,San Leonardo Di Cutro,Calabria,38.9521,16.9813
88900,Crotone,Calabria,39.0808,17.1276
88900,Papanice,Calabria,39.0708,17.0272
88900,Villaggio Bucchi,Calabria,39.0758,17.0774
89010,Scido,Calabria,38.2444,15.9325
89010,Terranova Sappo Minulio,Calabria,38.3217,16.0075
89010,Varapodio,Calabria,38.3163,15.9835
89010,Molochio,Calabria,38.3079,16.0314
89011,Ceramida,Calabria,38.2967,15.8257
89011,Bagnara Calabra,Calabria,38.2878,15.8059
89011,Pellegrina,Calabria,38.2967,15.8257
89011,Marinella,Calabria,37.9897,16.1186
89011,Porelli Di Bagnara,Calabria,38.2256,15.8752
89011,Solano Inferiore,Calabria,38.2574,15.7999
89012,Delianuova,Calabria,38.2359,15.9171
89013,Marina Di Gioia Tauro,Calabria,38.4333,15.9167
89013,Gioia Tauro,Calabria,38.4251,15.8975
89014,Castellace,Calabria,38.3168,15.9396
89014,Piminoro,Calabria,38.2703,16.0082
89014,Messignadi,Calabria,38.2996,15.9964
89014,Oppido Mamertina,Calabria,38.2934,15.9839
89014,Zurgonadio,Calabria,38.295,15.982
89014,Tresilico,Calabria,38.295,15.982
89015,Taureana,Calabria,38.4,15.8667
89015,Palmi,Calabria,38.3594,15.8515
89015,Trodio,Calabria,38.3833,15.8667
89016,Cirello,Calabria,38.3742,15.9353
89016,Spina,Calabria,38.4181,15.9876
89016,Drosi,Calabria,38.4255,15.9571
89016,Rizziconi,Calabria,38.4099,15.9597
89017,San Giorgio Morgeto,Calabria,38.3919,16.0879
89018,Cannitello,Calabria,38.2333,15.65
89018,Villa San Giovanni,Calabria,38.2199,15.6369
89018,Acciarello,Calabria,38.2266,15.6434
89018,Ferrito,Calabria,38.2389,16.0312
89018,Pezzo Di Villa San Giovanni,Calabria,38.2266,15.6434
89020,Anoia Inferiore,Calabria,38.4362,16.0794
89020,Anoia,Calabria,38.4362,16.0794
89020,San Pier Fedele,Calabria,38.5246,16.1434
89020,Melicucca',Calabria,38.3031,15.8815
89020,Candidoni,Calabria,38.5055,16.0863
89020,San Procopio,Calabria,38.2821,15.8908
89020,Maropati,Calabria,38.4418,16.0975
89020,Tritanti,Calabria,38.4487,16.1014
89020,Sinopoli,Calabria,38.2634,15.8771
89020,San Pietro Di Carida',Calabria,38.5237,16.1353
89020,Melicucco,Calabria,38.433,16.0575
89020,Giffone,Calabria,38.4396,16.149
89020,Anoia Superiore,Calabria,38.4314,16.0974
89020,Serrata,Calabria,38.5129,16.1007
89020,Sinopoli Inferiore,Calabria,38.261,15.8857
89021,Cinquefrondi,Calabria,38.4162,16.0842
89022,Cittanova,Calabria,38.3543,16.079
89023,Stelletanone,Calabria,38.4921,16.0843
89023,Bellantone,Calabria,38.4921,16.0843
89023,Laureana Di Borrello,Calabria,38.4921,16.0843
89024,Polistena,Calabria,38.4054,16.0733
89025,Bosco,Calabria,38.4872,15.9796
89025,Rosarno,Calabria,38.4872,15.9796
89026,San Ferdinando,Calabria,38.484,15.9188
89027,Sant'Eufemia D'Aspromonte,Calabria,38.2631,15.8567
89028,Seminara,Calabria,38.336,15.8702
89028,Barritteri,Calabria,38.3296,15.8489
89028,Sant'Anna Di Seminara,Calabria,38.3233,15.8872
89028,Sant'Anna,Calabria,38.4964,16.1103
89029,Amato Di Taurianova,Calabria,38.3736,15.961
89029,Taurianova,Calabria,38.3553,16.0131
89029,San Martino Di Taurianova,Calabria,38.3616,15.9763
89029,San Martino,Calabria,38.3616,15.9763
89030,Natile Nuovo,Calabria,38.1858,16.0853
89030,San Luca,Calabria,38.1467,16.0663
89030,Africo,Calabria,38.0809,16.0411
89030,Sant'Agata Del Bianco,Calabria,38.0924,16.0825
89030,Natile,Calabria,38.0809,16.0411
89030,Bruzzano Zeffirio,Calabria,38.0133,16.0826
89030,Natile Vecchio,Calabria,38.1898,16.0514
89030,Canalello,Calabria,38.0185,16.1335
89030,Condofuri Marina,Calabria,37.9332,15.8717
89030,San Carlo,Calabria,37.9332,15.8717
89030,Caraffa Del Bianco,Calabria,38.0926,16.0877
89030,Belloro,Calabria,38.1417,16.1261
89030,Samo,Calabria,38.074,16.0593
89030,Motticella,Calabria,38.0263,16.0543
89030,Santuario Di Polsi,Calabria,38.1833,15.8833
89030,Ferruzzano,Calabria,38.037,16.0892
89030,Staiti,Calabria,37.9999,16.0334
89030,Careri,Calabria,38.1774,16.1161
89030,Casignana,Calabria,38.1019,16.0899
89030,Benestare,Calabria,38.1849,16.139
89030,Condofuri,Calabria,38.0045,15.8577
89031,Ardore,Calabria,38.1917,16.1673
89031,San Nicola,Calabria,38.1339,16.1598
89031,Bombile,Calabria,38.2047,16.1737
89032,Pardesca,Calabria,38.0814,16.1213
89032,Bianco,Calabria,38.0917,16.1516
89033,Bova,Calabria,37.9951,15.9319
89034,Bovalino Superiore,Calabria,38.169,16.1585
89034,Bosco Sant'Ippolito,Calabria,38.1354,16.1408
89034,Bovalino Marina,Calabria,38.1538,16.1723
89034,Bovalino,Calabria,38.1538,16.1723
89035,Bova Marina,Calabria,37.935,15.9174
89036,Galati,Calabria,37.9322,16.0672
89036,Capo Spartivento,Calabria,37.9539,16.0892
89036,Brancaleone Marina,Calabria,37.9667,16.1
89036,Brancaleone,Calabria,37.963,16.1004
89037,Ardore Marina,Calabria,38.1667,16.2
89037,Marina D'Ardore,Calabria,38.1667,16.2
89038,Palizzi,Calabria,37.9667,15.9867
89038,Pietrapennata,Calabria,37.9846,16.0077
89038,Marina Di Palizzi,Calabria,37.92,15.9793
89038,Palizzi Marina,Calabria,37.92,15.9793
89039,Plati',Calabria,38.2215,16.0453
89040,Riace,Calabria,38.4183,16.4812
89040,Placanica,Calabria,38.4108,16.4527
89040,Cirella,Calabria,38.2327,16.1004
89040,Condojanni,Calabria,38.2101,16.1961
89040,Portigliola,Calabria,38.2271,16.2029
89040,Antonimina,Calabria,38.273,16.1482
89040,Camini,Calabria,38.4318,16.4832
89040,Bivongi,Calabria,38.4833,16.4525
89040,Sant'Ilario Dello Ionio,Calabria,38.2191,16.1952
89040,Agnana Calabra,Calabria,38.3021,16.2272
89040,Cimina',Calabria,38.2462,16.1402
89040,Gerace,Calabria,38.2714,16.2207
89040,Pazzano,Calabria,38.4761,16.4511
89040,Monasterace Marina,Calabria,38.4349,16.5702
89040,Canolo Nuova,Calabria,38.3316,16.1622
89040,Marina Di Sant'Ilario Dello Ionio,Calabria,38.1982,16.2264
89040,Riace Marina,Calabria,38.3919,16.5303
89040,Canolo,Calabria,38.315,16.1999
89040,Monasterace,Calabria,38.4532,16.5516
89040,Marina Di Caulonia,Calabria,38.3468,16.4635
89040,Martone,Calabria,38.3535,16.288
89040,Stignano,Calabria,38.417,16.4701
89040,San Giovanni Di Gerace,Calabria,38.3651,16.2777
89041,Campoli Di Caulonia,Calabria,38.3891,16.4114
89041,Ursini,Calabria,38.4135,16.3995
89041,San Nicola Di Caulonia,Calabria,38.4145,16.3733
89041,Caulonia,Calabria,38.3817,16.4095
89041,Caulonia Marina,Calabria,38.3468,16.4635
89042,Gioiosa Ionica,Calabria,38.3272,16.3041
89043,Grotteria,Calabria,38.3651,16.2652
89043,Croce Ferrata,Calabria,38.3651,16.2652
89044,Merici,Calabria,38.2269,16.2395
89044,Moschetta,Calabria,38.221,16.2295
89044,Moschetta Di Locri,Calabria,38.221,16.2295
89044,Locri,Calabria,38.2387,16.2596
89045,Mammola,Calabria,38.3626,16.2387
89046,Marina Di Gioiosa Ionica,Calabria,38.3016,16.3315
89047,Roccella Ionica,Calabria,38.3212,16.3969
89048,Siderno Superiore,Calabria,38.3041,16.2747
89048,Donisi,Calabria,38.2833,16.3
89048,Siderno,Calabria,38.2699,16.2961
89048,Siderno Marina,Calabria,38.2858,16.2902
89049,Stilo,Calabria,38.4763,16.4675
89050,Cosoleto,Calabria,38.2748,15.9281
89050,Sitizano,Calabria,38.2807,15.9386
89050,Fiumara,Calabria,38.2127,15.6937
89050,San Roberto,Calabria,38.2111,15.7359
89050,Villa Mesa,Calabria,38.1965,15.7144
89050,Laganadi,Calabria,38.1739,15.7413
89050,Acquacalda,Calabria,38.2079,15.7587
89050,Colelli,Calabria,38.2116,15.7219
89050,Feroleto Della Chiesa,Calabria,38.4661,16.0701
89050,Plaesano,Calabria,38.4833,16.0833
89050,Sant'Alessio In Aspromonte,Calabria,38.1722,15.7573
89050,Calanna,Calabria,38.1846,15.7229
89052,Campo Calabro,Calabria,38.2161,15.6592
89054,Galatro,Calabria,38.4607,16.1084
89056,Santa Cristina D'Aspromonte,Calabria,38.2548,15.97
89056,Lubrichi,Calabria,38.2709,15.9496
89057,Santo Stefano In Aspromonte,Calabria,38.1691,15.7898
89057,Gambarie,Calabria,38.1667,15.8333
89058,Favazzina,Calabria,38.2597,15.7564
89058,Scilla,Calabria,38.252,15.7184
89058,Milea,Calabria,38.3617,15.7916
89058,Melia,Calabria,38.2389,16.0312
89060,Saline Joniche,Calabria,37.999,15.8037
89060,Cardeto,Calabria,38.0844,15.7658
89060,Roghudi,Calabria,37.925,15.7654
89060,Bagaladi,Calabria,38.0256,15.8215
89060,Ghorio,Calabria,37.9864,15.8122
89060,Roghudi Nuovo,Calabria,37.925,15.7654
89060,Roccaforte Del Greco,Calabria,38.0475,15.892
89062,Lazzaro,Calabria,37.9728,15.6651
89063,Prunella,Calabria,37.9405,15.7954
89063,Melito Di Porto Salvo,Calabria,37.9263,15.7499
89063,Anna',Calabria,37.9265,15.7537
89063,Lacco,Calabria,37.9402,15.7713
89063,Caredia,Calabria,37.9561,15.7966
89063,Pentedattilo,Calabria,37.9516,15.7608
89064,Saline Ioniche,Calabria,37.9396,15.7194
89064,Montebello Ionico,Calabria,37.9828,15.758
89064,Fossato Ionico,Calabria,38.0106,15.763
89064,Masella,Calabria,37.9658,15.7541
89065,Motta San Giovanni,Calabria,38.0103,15.7126
89069,Chorio,Calabria,37.9864,15.8122
89069,Marina Di San Lorenzo,Calabria,37.921,15.8317
89069,San Pantaleone,Calabria,37.9887,15.8424
89069,San Fantino,Calabria,37.998,15.8174
89069,San Lorenzo,Calabria,38.011,15.8344
89100,Reggio Calabria,Calabria,38.1105,15.6613
89121,Archi,Calabria,38.143,15.6613
89121,Reggio Calabria,Calabria,38.1105,15.6613
89121,Santa Caterina,Calabria,38.2748,16.2268
89122,Reggio Calabria,Calabria,38.1105,15.6613
89122,Vito,Calabria,38.128,15.6775
89123,Reggio Calabria,Calabria,38.1105,15.6613
89124,Reggio Calabria,Calabria,38.1105,15.6613
89124,Eremo,Calabria,38.1105,15.6613
89125,Reggio Calabria,Calabria,38.1105,15.6613
89126,Schindilifa',Calabria,38.1643,15.7583
89126,Sant'Elia Di Condera,Calabria,38.1411,15.7279
89126,Orti' Inferiore,Calabria,38.1411,15.7279
89126,Podargoni,Calabria,38.1638,15.7802
89126,Orti' Superiore,Calabria,38.1411,15.7279
89126,Trabocchetto,Calabria,38.1411,15.7279
89126,Trizzino,Calabria,38.1242,15.7134
89126,Terreti,Calabria,38.1208,15.7115
89126,Reggio Calabria,Calabria,38.1105,15.6613
89126,In Via Dalmazia,Calabria,38.1411,15.7279
89126,Arasi',Calabria,38.1389,15.7376
89126,Orti',Calabria,38.1478,15.7098
89126,Cerasi,Calabria,38.1587,15.7509
89127,Reggio Calabria,Calabria,38.1105,15.6613
89128,Spirito Santo,Calabria,38.2389,16.0312
89128,Reggio Calabria,Calabria,38.1105,15.6613
89129,Reggio Calabria,Calabria,38.1105,15.6613
89130,Reggio Calabria,Calabria,38.1105,15.6613
89131,Armo,Calabria,38.0706,15.714
89131,Puzzi,Calabria,38.0881,15.6862
89131,Ravagnese,Calabria,38.0881,15.6862
89131,Gallina,Calabria,38.0833,15.6833
89131,Reggio Calabria,Calabria,38.1105,15.6613
89132,Reggio Calabria,Calabria,38.1105,15.6613
89133,Mosorrofa,Calabria,38.095,15.7126
89133,Cataforio,Calabria,38.0885,15.7183
89133,San Giorgio Extra,Calabria,38.0982,15.6986
89133,Pavigliana,Calabria,38.1072,15.7211
89133,San Sperato,Calabria,38.1122,15.681
89133,Vinco,Calabria,38.0982,15.6986
89133,Reggio Calabria,Calabria,38.1105,15.6613
89133,Sbarre,Calabria,38.1,15.65
89133,San Salvatore,Calabria,38.0883,15.7281
89133,Cannavo',Calabria,38.0982,15.6986
89134,San Gregorio,Calabria,38.1122,15.681
89134,Reggio Calabria,Calabria,38.1105,15.6613
89134,Rosario Valanidi,Calabria,38.1122,15.681
89134,Croce Valanidi,Calabria,38.0667,15.6833
89134,Pellaro,Calabria,38.0167,15.65
89134,Bocale,Calabria,37.9916,15.6571
89135,Catona,Calabria,38.1854,15.642
89135,Salice Calabro,Calabria,38.1914,15.6592
89135,Rosali',Calabria,38.2,15.6833
89135,Villa San Giuseppe,Calabria,38.1122,15.681
89135,Gallico,Calabria,38.1667,15.6833
89135,Diminniti,Calabria,38.173,15.6971
89135,Reggio Calabria,Calabria,38.1105,15.6613
89135,Sambatello,Calabria,38.1786,15.6926
89812,Pizzo,Calabria,38.7526,16.187
89812,Pizzo Marina,Calabria,38.7526,16.187
89813,Menniti,Calabria,38.7456,16.3116
89813,Polia,Calabria,38.7512,16.3122
89813,Trecroci,Calabria,38.7565,16.3178
89814,Montesoro,Calabria,38.8157,16.2947
89814,Scarro,Calabria,38.8027,16.3082
89814,Filadelfia,Calabria,38.7847,16.292
89815,Francavilla Angitola,Calabria,38.7802,16.2723
89816,Pannaconi,Calabria,38.6929,16.0441
89816,San Cono,Calabria,38.6834,16.0128
89816,Favelloni,Calabria,38.6812,16.0272
89816,Cessaniti,Calabria,38.664,16.0296
89817,Briatico,Calabria,38.7225,16.0274
89817,Paradisoni,Calabria,38.7014,16.0451
89817,San Costantino Di Briatico,Calabria,38.7051,16.003
89817,San Costantino,Calabria,38.6328,16.0757
89817,Potenzoni,Calabria,38.689,16.0016
89817,Sciconi,Calabria,38.6922,16.0321
89818,Capistrano,Calabria,38.6913,16.2893
89819,Monterosso Calabro,Calabria,38.7175,16.2907
89821,San Nicola Da Crissa,Calabria,38.6635,16.2859
89821,Vallelonga,Calabria,38.6474,16.2966
89822,Simbario,Calabria,38.6116,16.336
89822,Serra San Bruno,Calabria,38.5747,16.3262
89822,Brognaturo,Calabria,38.6013,16.3414
89822,Spadola,Calabria,38.6038,16.337
89823,Mongiana,Calabria,38.5148,16.3194
89823,Fabrizia,Calabria,38.4899,16.2983
89824,Nardodipace,Calabria,38.4742,16.343
89831,Gerocarne,Calabria,38.5877,16.2182
89831,Ciano,Calabria,38.5762,16.2127
89831,Sorianello,Calabria,38.5942,16.2321
89831,Soriano Calabro,Calabria,38.6004,16.222
89831,Sant'Angelo Gerocarne,Calabria,38.6132,16.1704
89831,Sant'Angelo,Calabria,38.6132,16.1704
89832,Acquaro,Calabria,38.5573,16.1878
89832,Dasa',Calabria,38.5651,16.1952
89832,Arena,Calabria,38.5624,16.2106
89832,Limpidi,Calabria,38.5422,16.1742
89833,Monsoreto,Calabria,38.5151,16.1666
89833,Dinami,Calabria,38.5314,16.1446
89833,Melicucca' Di Dinami,Calabria,38.5372,16.1568
89834,Vazzano,Calabria,38.6329,16.248
89834,Pizzoni,Calabria,38.6229,16.2488
89841,Filandari,Calabria,38.6151,16.0314
89841,Presinaci,Calabria,38.6074,16.0176
89841,Moladi,Calabria,38.5833,16
89841,Pernocari,Calabria,38.6118,16.0046
89841,Pizzinni,Calabria,38.625,16.0469
89841,Rombiolo,Calabria,38.5953,16.0024
89841,Arzona,Calabria,38.625,16.0469
89842,Calimera Calabra,Calabria,38.5745,16.0193
89842,San Calogero,Calabria,38.5745,16.0193
89843,Stefanaconi,Calabria,38.6779,16.1242
89843,Maierato,Calabria,38.7111,16.1753
89843,Sant'Onofrio,Calabria,38.6975,16.1475
89843,Filogaso,Calabria,38.6829,16.2258
89844,Limbadi,Calabria,38.559,15.9644
89844,Badia,Calabria,38.563,15.9541
89844,Caroni,Calabria,38.5667,15.9667
89844,Motta Filocastro,Calabria,38.5649,15.9474
89844,Comerconi,Calabria,38.5814,15.9353
89844,Preitoni,Calabria,38.5754,15.9229
89844,Marina Di Nicotera,Calabria,38.5491,15.9358
89844,Nicotera,Calabria,38.5491,15.9358
89844,Mandaradoni,Calabria,38.5751,15.964
89851,San Costantino Calabro,Calabria,38.6328,16.0757
89851,Nao,Calabria,38.6266,16.0789
89851,Francica,Calabria,38.617,16.1001
89851,Jonadi,Calabria,38.6299,16.061
89852,Comparni,Calabria,38.5687,16.058
89852,San Giovanni,Calabria,38.5838,16.0844
89852,Mileto,Calabria,38.6078,16.0675
89852,Paravati,Calabria,38.5902,16.0581
89853,San Gregorio D'Ippona,Calabria,38.6453,16.1036
89861,Tropea,Calabria,38.6745,15.895
89861,Parghelia,Calabria,38.6819,15.9207
89861,Fitili,Calabria,38.6758,15.9315
89862,Brattiro',Calabria,38.6456,15.8868
89862,Caria,Calabria,38.6471,15.903
89862,Gasponi,Calabria,38.6634,15.9043
89862,Drapia,Calabria,38.6661,15.9112
89863,Caroniti,Calabria,38.596,15.9065
89863,Joppolo,Calabria,38.5834,15.8971
89863,Coccorino,Calabria,38.6055,15.8716
89864,Spilinga,Calabria,38.6282,15.9057
89864,Panaia,Calabria,38.6232,15.8926
89866,Barbalaconi,Calabria,38.6417,15.8617
89866,Lampazzone,Calabria,38.6319,15.8749
89866,San Nicolo',Calabria,38.6343,15.8515
89866,Santa Domenica Ricadi,Calabria,38.6622,15.8629
89866,San Nicolo' Di Ricadi,Calabria,38.6343,15.8515
89866,Santa Domenica,Calabria,38.6622,15.8629
89866,Ricadi,Calabria,38.6252,15.8667
89867,Zungri,Calabria,38.6567,15.9841
89867,Zaccanopoli,Calabria,38.6655,15.9287
89868,Zambrone,Calabria,38.6655,15.9287
89868,Daffina',Calabria,38.6814,15.9506
89868,San Giovanni Di Zambrone,Calabria,38.6748,15.9728
89900,Porto Salvo,Calabria,38.7063,16.0766
89900,Vibo Marina,Calabria,38.6881,16.0942
89900,Longobardi,Calabria,38.7036,16.1212
89900,Vena,Calabria,38.6881,16.0942
89900,Vibo Valentia,Calabria,38.6762,16.1009
89900,Piscopio,Calabria,38.6636,16.111
89900,Vena Superiore,Calabria,38.6667,16.0667
89900,Triparni,Calabria,38.6833,16.0667
89900,Vibo Valentia Marina,Calabria,38.7167,16.1167
83010,Grottolella,Campania,40.9714,14.7889
83010,Starze Di Summonte,Campania,40.9454,14.7734
83010,Starze,Campania,40.9454,14.7734
83010,Sant'Angelo A Scala,Campania,40.9746,14.7404
83010,San Felice,Campania,40.956,14.7893
83010,Capriglia Irpina,Campania,40.9603,14.7772
83010,Summonte,Campania,40.9487,14.7446
83010,Tufo,Campania,41.0126,14.8178
83010,Petruro Irpino,Campania,41.0319,14.7975
83010,Torrioni,Campania,41.0341,14.8135
83010,Chianche,Campania,41.0463,14.789
83011,Altavilla Irpina,Campania,41.0062,14.7809
83012,Cervinara,Campania,41.0204,14.6144
83012,Ioffredo,Campania,41.0215,14.6174
83012,Trescine,Campania,41.0226,14.6204
83013,Santuario Di Montevergine,Campania,40.9112,14.7501
83013,Mercogliano,Campania,40.9216,14.7449
83013,Torelli,Campania,40.9078,14.7518
83013,Torelli Di Mercogliano,Campania,40.9078,14.7518
83013,Torrette,Campania,40.9078,14.7518
83014,Ospedaletto D'Alpinolo,Campania,40.9391,14.7465
83015,Ciardelli Inferiore,Campania,41.0121,14.7352
83015,Pietrastornina,Campania,40.9954,14.7183
83016,Roccabascerana,Campania,41.0184,14.7168
83016,Tufara Valle,Campania,41.0316,14.7176
83016,Cassano Caudino,Campania,41.0316,14.7176
83016,Squillani,Campania,41.0447,14.7184
83017,Ferrari Di Cervinara,Campania,41.0329,14.5955
83017,Rotondi,Campania,41.0329,14.5955
83018,San Martino Valle Caudina,Campania,41.0276,14.6645
83020,Domicella,Campania,40.8802,14.5872
83020,Tavernola San Felice,Campania,40.8901,14.699
83020,Cesinali,Campania,40.8971,14.8277
83020,Celzi,Campania,40.8552,14.75
83020,Petruro,Campania,40.8674,14.7531
83020,Forino,Campania,40.8583,14.7325
83020,Aiello Del Sabato,Campania,40.8885,14.8212
83020,Pago Del Vallo Di Lauro,Campania,40.8972,14.6076
83020,Quadrelle,Campania,40.9485,14.6393
83020,Moschiano,Campania,40.8731,14.6559
83020,Santa Lucia Di Serino,Campania,40.8704,14.8759
83020,Contrada,Campania,40.8681,14.7775
83020,Casola,Campania,40.8885,14.5997
83020,Marzano Di Nola,Campania,40.9014,14.5836
83020,Sperone,Campania,40.9525,14.6052
83020,Quindici,Campania,40.865,14.6466
83020,Sirignano,Campania,40.9497,14.6293
83020,San Michele Di Serino,Campania,40.8756,14.8546
83020,Taurano,Campania,40.8844,14.6343
83021,Avella,Campania,40.96,14.6009
83022,Baiano,Campania,40.9514,14.6165
83023,Lauro,Campania,40.8797,14.6301
83023,Fontenovella,Campania,40.8794,14.623
83023,Migliano,Campania,40.8791,14.6158
83024,Monteforte Irpino,Campania,40.9025,14.744
83024,Molinelle,Campania,40.9029,14.7622
83025,Preturo,Campania,40.8221,14.7848
83025,Aterrana,Campania,40.8221,14.7848
83025,Caliano,Campania,40.8221,14.7848
83025,Borgo,Campania,40.8402,14.7836
83025,Figlioli,Campania,40.8221,14.7848
83025,Montoro,Campania,40.8221,14.7848
83025,Torchiati,Campania,40.8184,14.8017
83025,Misciano,Campania,40.8152,14.7864
83025,Borgo Di Montoro Inferiore,Campania,40.8221,14.7848
83025,Piazza Di Pandola,Campania,40.8075,14.7718
83025,Montoro Inferiore,Campania,40.8129,14.7747
83025,San Pietro,Campania,40.824,14.7848
83025,Piano,Campania,40.8205,14.76
83025,Montoro Superiore,Campania,40.817,14.7984
83025,Banzano,Campania,40.8434,14.8018
83026,Banzano Di Montoro Superiore,Campania,40.8739,14.7265
83026,San Pietro Di Montoro Superiore,Campania,40.8739,14.7265
83027,Mugnano Del Cardinale,Campania,40.9425,14.6361
83028,San Sossio Di Serino,Campania,40.8452,14.8404
83028,Canale,Campania,40.8521,14.8419
83028,San Biagio,Campania,40.9765,15.0791
83028,Ferrari Stazione Serino,Campania,40.8452,14.8404
83028,Sala,Campania,40.8288,14.8069
83028,Serino,Campania,40.8548,14.8722
83029,Solofra,Campania,40.8334,14.8371
83029,Sant'Andrea Apostolo,Campania,40.8334,14.8371
83029,Sant'Agata Irpina,Campania,40.8334,14.8371
83030,Sant'Angelo A Cancelli,Campania,41.0458,14.8639
83030,Greci,Campania,41.2518,15.1691
83030,Serra,Campania,41.1211,15.0665
83030,Castello Del Lago,Campania,41.0752,14.9232
83030,Savignano Stazione,Campania,41.0546,14.9575
83030,Prata Di Principato Ultra,Campania,40.9863,14.838
83030,Sant'Elena Irpina,Campania,41.0374,14.8893
83030,Pietradefusi,Campania,41.0432,14.8841
83030,Montaguto,Campania,41.2487,15.2484
83030,Taurasi,Campania,41.0108,14.9598
83030,Melito Irpino,Campania,41.1031,15.0523
83030,Zungoli,Campania,41.1277,15.2026
83030,Santa Paolina,Campania,41.022,14.8463
83030,Montefalcione,Campania,40.9617,14.8831
83030,Montefusco,Campania,41.0369,14.855
83030,Villanova Del Battista,Campania,41.119,15.1584
83030,Torre Le Nocelle,Campania,41.0231,14.9093
83030,Montefredane,Campania,40.9598,14.8137
83030,Campanarello,Campania,41.0472,14.9142
83030,Manocalzati,Campania,40.9415,14.8477
83030,Arcella,Campania,40.9579,14.8318
83030,Dentecane,Campania,41.0359,14.8942
83030,Savignano Irpino,Campania,41.227,15.1793
83030,Lapio,Campania,40.9829,14.9465
83030,Venticano,Campania,41.0472,14.9119
83030,San Barbato,Campania,40.9527,14.8485
83031,Ariano Irpino,Campania,41.1602,15.1063
83031,Ariano Irpino Stazione,Campania,41.1516,15.0893
83031,Ariano Scalo,Campania,41.1802,15.1176
83031,La Manna,Campania,41.1516,15.0893
83031,Palazzisi,Campania,41.1538,15.0209
83031,Orneta,Campania,41.1123,15.1126
83032,Bonito,Campania,41.0986,15.0007
83032,Morroni,Campania,41.0847,14.9541
83034,Casalbore,Campania,41.2337,15.0075
83035,Grottaminarda,Campania,41.0697,15.0589
83035,Carpignano,Campania,41.0375,15.0523
83036,Calore,Campania,41.0514,15.0111
83036,Passo Di Mirabella,Campania,41.0547,15.0165
83036,Pianopantano,Campania,41.0547,15.0165
83036,Mirabella Eclano,Campania,41.045,15.0002
83037,Montecalvo Irpino,Campania,41.1962,15.0345
83038,Montemiletto,Campania,41.0117,14.9003
83038,Montaperto,Campania,41.006,14.8938
83039,San Michele Di Pratola,Campania,40.989,14.8699
83039,San Michele Di Pratola Serra,Campania,40.989,14.8699
83039,Serra Di Pratola Serra,Campania,41.0214,14.9144
83039,Serra,Campania,41.1211,15.0665
83039,Pratola Serra,Campania,40.9866,14.8515
83040,Montemarano,Campania,40.9141,14.9977
83040,Castelfranci,Campania,40.9307,15.0433
83040,Conza Della Campania,Campania,40.8586,15.3365
83040,Fontanarosa,Campania,41.0181,15.0205
83040,Luogosano,Campania,40.9864,14.9921
83040,Carife,Campania,41.0267,15.2104
83040,Alvano,Campania,40.9594,15.3081
83040,Guardia Lombardi,Campania,40.9518,15.2088
83040,Mattinella,Campania,40.9374,15.3249
83040,Candida,Campania,40.9415,14.8723
83040,Quaglietta,Campania,40.7453,15.2343
83040,Pagliara,Campania,40.9965,15.1259
83040,Gesualdo,Campania,41.0055,15.0726
83040,Castel Baronia,Campania,41.0483,15.1888
83040,Cassano Irpino,Campania,40.8704,15.0259
83040,Castelvetere Sul Calore,Campania,40.9298,14.9864
83040,Cairano,Campania,40.8955,15.3707
83040,Caposele,Campania,40.8155,15.2234
83040,Frigento,Campania,41.011,15.1003
83040,Calabritto,Campania,40.7834,15.2229
83040,Pila Ai Piani,Campania,41.0401,15.1049
83040,Andretta,Campania,40.9374,15.3249
83040,Morra De Sanctis,Campania,40.929,15.2429
83040,Chiusano Di San Domenico,Campania,40.9331,14.9163
83040,Flumeri,Campania,41.0762,15.1507
83040,Materdomini,Campania,40.818,15.2359
83041,Aquilonia,Campania,40.9869,15.4751
83042,Atripalda,Campania,40.9187,14.8272
83043,Laceno,Campania,40.8044,15.1123
83043,Villaggio Laceno,Campania,40.8044,15.1123
83043,Bagnoli Irpino,Campania,40.831,15.0717
83044,Piano Regolatore,Campania,41.0094,15.3662
83044,Bisaccia,Campania,41.0092,15.377
83044,Bisaccia Nuova,Campania,41.0096,15.3555
83045,Calitri,Campania,40.9257,15.4039
83046,Lacedonia,Campania,41.0502,15.4217
83047,Lioni,Campania,40.8808,15.1834
83048,Sorbo Di Montella,Campania,40.85,15.0167
83048,Fontana Di Montella,Campania,40.8333,15.0167
83048,Montella,Campania,40.8437,15.0178
83049,Monteverde,Campania,40.9986,15.5336
83050,Rocca San Felice,Campania,40.9501,15.1666
83050,Senerchia,Campania,40.7413,15.205
83050,Vallesaccarda,Campania,41.0631,15.2521
83050,Sorbo Serpico,Campania,40.9169,14.8871
83050,Villamaina,Campania,40.9714,15.0885
83050,San Nicola Baronia,Campania,41.0581,15.2001
83050,Santo Stefano Del Sole,Campania,40.8941,14.8667
83050,Volturara Irpina,Campania,40.8829,14.918
83050,San Potito Ultra,Campania,40.928,14.8712
83050,Salza Irpina,Campania,40.9189,14.89
83050,San Sossio Baronia,Campania,41.0708,15.2012
83050,Scampitella,Campania,41.0925,15.3
83050,Parolise,Campania,40.9304,14.8817
83050,Sant'Angelo All'Esca,Campania,41.0066,14.993
83050,San Mango Sul Calore,Campania,40.9589,14.9725
83051,Nusco,Campania,40.8882,15.0919
83051,Ponteromito,Campania,40.8882,15.0919
83052,Paternopoli,Campania,40.9727,15.0324
83053,Sant'Andrea Di Conza,Campania,40.8448,15.3697
83054,Sant'Angelo Dei Lombardi,Campania,40.9294,15.1753
83054,San Vito,Campania,40.9456,15.0883
83054,San Vito Dei Lombardi,Campania,40.9375,15.1318
83055,Sturno,Campania,41.0222,15.1125
83056,Teora,Campania,40.8528,15.2534
83057,Torella Dei Lombardi,Campania,40.9373,15.1078
83058,Molini,Campania,41.061,15.2316
83058,Trevico,Campania,41.0481,15.2329
83059,Vallata,Campania,41.0402,15.2538
83100,Avellino,Campania,40.9149,14.791
83100,Picarelli,Campania,40.9418,14.7955
83100,Valle Ponticelli,Campania,40.9156,14.7949
83100,Bellizzi Irpino,Campania,40.8902,14.7982
82010,Montorsi,Campania,41.073,14.7989
82010,Ceppaloni,Campania,41.0452,14.761
82010,Sant'Angelo A Cupolo,Campania,41.0691,14.8037
82010,Monterocchetta,Campania,41.057,14.8155
82010,Ripabianca Tressanti,Campania,41.068,14.7578
82010,Terranova D'Arpaise,Campania,41.068,14.7578
82010,Pastene,Campania,41.0823,14.8134
82010,Pagliara,Campania,41.0653,14.7928
82010,Bagnara,Campania,41.0539,14.7912
82010,Terranova,Campania,41.0187,14.7483
82010,Motta,Campania,41.0864,14.7973
82010,San Martino Sannita,Campania,41.0655,14.8349
82010,San Nicola Manfredi,Campania,41.0751,14.8243
82010,San Giovanni Di Ceppaloni,Campania,41.0624,14.7527
82010,Moiano,Campania,41.0797,14.5443
82010,Luzzano,Campania,41.0682,14.5361
82010,Perrillo,Campania,41.0876,14.8059
82010,Iannassi,Campania,41.0912,14.8343
82010,Ripabianca,Campania,41.0597,14.7178
82010,Bosco Perrotta,Campania,41.0912,14.8343
82010,Beltiglio,Campania,41.0624,14.7527
82010,Arpaise,Campania,41.0298,14.7439
82010,Beltiglio Di Ceppaloni,Campania,41.0624,14.7527
82010,Maccoli,Campania,41.0876,14.8059
82010,Bucciano,Campania,41.0776,14.569
82010,Cavuoti,Campania,41.0744,14.7574
82010,San Leucio Del Sannio,Campania,41.0744,14.7574
82011,Airola,Campania,41.0587,14.5592
82011,Arpaia,Campania,41.0368,14.5517
82011,Paolisi,Campania,41.0373,14.5792
82011,Forchia,Campania,41.0314,14.5357
82013,Bonea,Campania,41.0731,14.6168
82015,Durazzano,Campania,41.0629,14.4495
82016,Varoni,Campania,41.0714,14.6392
82016,Cirignano,Campania,41.0805,14.6374
82016,Montesarchio,Campania,41.0623,14.641
82017,Pannarano,Campania,41.0108,14.7029
82018,San Giovanni Di San Giorgio Del Sannio,Campania,41.0639,14.8586
82018,San Giorgio Del Sannio,Campania,41.0684,14.8532
82018,Cubante,Campania,41.0639,14.8586
82018,San Nazzaro,Campania,41.0517,14.8572
82018,Calvi,Campania,41.0716,14.8652
82019,Bagnoli,Campania,41.0827,14.4402
82019,Faggiano,Campania,41.108,14.5208
82019,Sant'Agata De' Goti,Campania,41.0893,14.4974
82019,Laiano,Campania,41.1233,14.5347
82020,Fragneto Monforte,Campania,41.2463,14.7634
82020,Ginestra Degli Schiavoni,Campania,41.2799,15.0437
82020,Campolattaro,Campania,41.2869,14.7304
82020,Santa Croce Del Sannio,Campania,41.3879,14.7323
82020,Pago Veiano,Campania,41.2424,14.865
82020,San Giorgio La Molara,Campania,41.2767,14.931
82020,Fragneto L'Abate,Campania,41.2558,14.7838
82020,Molinara,Campania,41.2973,14.9087
82020,Foiano Di Val Fortore,Campania,41.3528,14.9763
82020,Paduli,Campania,41.1679,14.8869
82020,Baselice,Campania,41.393,14.9736
82020,Buonalbergo,Campania,41.2224,14.978
82020,Pesco Sannita,Campania,41.2327,14.8112
82020,Reino,Campania,41.2922,14.8235
82020,Pietrelcina,Campania,41.1994,14.8441
82020,Circello,Campania,41.3546,14.8091
82021,Apice Nuovo,Campania,41.1446,14.9349
82021,Sant'Arcangelo Trimonte,Campania,41.169,14.9388
82021,Apice,Campania,41.1201,14.931
82022,Castelfranco In Miscano,Campania,41.3007,15.0861
82023,Castelvetere In Val Fortore,Campania,41.4426,14.9412
82024,Colle Sannita,Campania,41.3637,14.8345
82024,Castelpagano,Campania,41.4018,14.8071
82024,Decorata,Campania,41.4105,14.8809
82025,Montefalcone Di Val Fortore,Campania,41.3243,15.009
82026,Cuffiano,Campania,41.3409,14.7515
82026,Morcone,Campania,41.3427,14.6689
82026,Sassinoro,Campania,41.3747,14.6645
82027,Pontelandolfo,Campania,41.2923,14.6896
82027,Casalduni,Campania,41.2608,14.6953
82027,Giallonardo,Campania,41.2855,14.6598
82028,San Bartolomeo In Galdo,Campania,41.416,15.0171
82029,San Marco Dei Cavoti,Campania,41.3088,14.8792
82030,Limatola,Campania,41.1401,14.3944
82030,Melizzano,Campania,41.1618,14.5055
82030,Pietraroja,Campania,41.3478,14.5496
82030,Biancano,Campania,41.145,14.3628
82030,Torrecuso,Campania,41.1858,14.6813
82030,Ponte,Campania,41.2155,14.6983
82030,Campoli Del Monte Taburno,Campania,41.1307,14.6465
82030,Paupisi,Campania,41.1966,14.6646
82030,Ave Gratia Plena,Campania,41.1333,14.4
82030,Massa,Campania,41.2669,14.5084
82030,Foglianise,Campania,41.1613,14.6711
82030,Castelpoto,Campania,41.1407,14.7007
82030,Torello,Campania,41.1811,14.5559
82030,Puglianello,Campania,41.2218,14.4502
82030,Faicchio,Campania,41.2782,14.4774
82030,Cautano,Campania,41.1501,14.6442
82030,Torello Di Melizzano,Campania,41.1811,14.5559
82030,Tocco Caudio,Campania,41.1259,14.6342
82030,Cacciano,Campania,41.15,14.65
82030,Frasso Telesino,Campania,41.1568,14.5278
82030,Apollosa,Campania,41.0916,14.6962
82030,Dugenta,Campania,41.1347,14.4535
82030,Giardoni,Campania,41.1189,14.4292
82030,San Salvatore Telesino,Campania,41.2354,14.4983
82030,San Lorenzello,Campania,41.276,14.5417
82031,Amorosi,Campania,41.2027,14.466
82032,Cerreto Sannita,Campania,41.283,14.5615
82033,Cusano Mutri,Campania,41.3362,14.5101
82033,Civitella Licinio,Campania,41.3101,14.5264
82034,San Lupo,Campania,41.2615,14.6353
82034,San Lorenzo Maggiore,Campania,41.2488,14.6244
82034,Guardia Sanframondi,Campania,41.2564,14.5985
82036,Solopaca,Campania,41.1954,14.5477
82037,Castelvenere,Campania,41.2344,14.5475
82037,Telese Terme,Campania,41.2219,14.5343
82038,Vitulano,Campania,41.1742,14.6482
82100,Perrillo,Campania,41.0876,14.8059
82100,Pastene,Campania,41.0823,14.8134
82100,Benevento,Campania,41.1307,14.7782
81010,Gioia Sannitica,Campania,41.2997,14.4438
81010,Squille,Campania,41.1553,14.4327
81010,Carattano,Campania,41.3425,14.3088
81010,Ciorlano,Campania,41.4502,14.1583
81010,Ailano,Campania,41.39,14.2054
81010,Castel Campagnano,Campania,41.1824,14.453
81010,Torcino,Campania,41.3425,14.3088
81010,Gallo Matese,Campania,41.4645,14.225
81010,Dragoni,Campania,41.2762,14.3037
81010,Calvisi,Campania,41.3249,14.4227
81010,Latina Di Baia,Campania,41.3425,14.3088
81010,Baia E Latina,Campania,41.3425,14.3088
81010,Letino,Campania,41.453,14.2554
81010,Valle Agricola,Campania,41.4248,14.2558
81010,Pratella,Campania,41.4058,14.1791
81010,Alvignanello,Campania,41.2029,14.4392
81010,San Gregorio Matese,Campania,41.3856,14.3722
81010,Prata Sannita,Campania,41.4328,14.2027
81010,Vallelunga,Campania,41.4929,14.1781
81010,San Giorgio,Campania,41.2706,14.3128
81010,Ruviano,Campania,41.2106,14.4098
81011,Totari,Campania,41.3019,14.3844
81011,Alife,Campania,41.3261,14.334
81012,Alvignano,Campania,41.2443,14.3367
81012,Marciano Freddo,Campania,41.219,14.3373
81013,Caiazzo,Campania,41.1844,14.3595
81013,Piana Di Monte Verna,Campania,41.1671,14.3337
81013,San Giovanni E Paolo,Campania,41.1758,14.3878
81013,Villa Santa Croce,Campania,41.188,14.3216
81014,Capriati A Volturno,Campania,41.468,14.146
81014,Fontegreca,Campania,41.4565,14.1838
81016,Sepicciano,Campania,41.35,14.3833
81016,San Potito Sannitico,Campania,41.337,14.3919
81016,Castello Del Matese,Campania,41.3667,14.3777
81016,Piedimonte Matese,Campania,41.3508,14.368
81016,Piedimonte D'Alife,Campania,41.35,14.3667
81017,Quattroventi,Campania,41.366,14.2523
81017,Sant'Angelo D'Alife,Campania,41.3612,14.2612
81017,Raviscanina,Campania,41.3709,14.2433
81020,Valle Di Maddaloni,Campania,41.0795,14.4179
81020,San Nicola La Strada,Campania,41.0524,14.3333
81020,Casapulla,Campania,41.0766,14.2893
81020,Castel Morrone,Campania,41.121,14.3547
81020,Recale,Campania,41.057,14.3027
81020,Capodrise,Campania,41.0427,14.3061
81020,Annunziata,Campania,41.121,14.3652
81020,San Marco Evangelista,Campania,41.037,14.3398
81021,Arienzo,Campania,41.0273,14.4977
81022,Casagiove,Campania,41.0712,14.3116
81023,Messercola,Campania,41.0395,14.4335
81023,Forchia Di Cervino,Campania,41.0391,14.4429
81023,Cervino,Campania,41.04,14.424
81024,Maddaloni,Campania,41.0358,14.3823
81024,Grotticella,Campania,41.0045,14.4224
81024,Montedecoro,Campania,41.0277,14.4177
81025,Cantone,Campania,41.2173,14.1608
81025,Marcianise,Campania,41.0306,14.2987
81027,Polvica,Campania,41.2173,14.1608
81027,Cave,Campania,41.3478,13.9995
81027,Cancello Di Ferrovia,Campania,41.1824,14.2434
81027,Cave Di San Felice,Campania,41.1824,14.2434
81027,San Marco Trotti,Campania,41.1824,14.2434
81027,San Felice A Cancello,Campania,41.017,14.4874
81028,Santa Maria A Vico,Campania,41.0261,14.4651
81030,Casapesenna,Campania,40.9915,14.1361
81030,Villa Di Briano,Campania,41,14.1607
81030,Casanova,Campania,41.1925,13.9634
81030,San Marcellino,Campania,40.99,14.1758
81030,Arnone,Campania,41.0751,14.031
81030,Carinola,Campania,41.1878,13.9824
81030,Parete,Campania,40.9589,14.1619
81030,Teverola,Campania,40.9956,14.2076
81030,Gricignano Di Aversa,Campania,40.9797,14.2309
81030,Cancello Ed Arnone,Campania,41.073,14.0271
81030,Sant'Arpino,Campania,40.9572,14.2507
81030,Frignano,Campania,40.9981,14.1791
81030,Orta Di Atella,Campania,40.9644,14.2685
81030,Baia Domizia,Campania,41.1833,13.8167
81030,Succivo,Campania,40.968,14.2556
81030,Cellole,Campania,41.2034,13.8533
81030,Cesa,Campania,40.9629,14.2308
81030,Villaggio Coppola Pinetamare,Campania,41.0545,14.0939
81030,Falciano Del Massico,Campania,41.1627,13.9481
81030,Nocelleto,Campania,41.1707,14.0157
81030,Casale Di Carinola,Campania,41.0545,14.0939
81030,Casaluce,Campania,40.9978,14.1967
81030,Castel Volturno,Campania,41.0329,13.9435
81030,Lusciano,Campania,40.97,14.1904
81030,Casale,Campania,41.2197,14.0023
81030,Cancello,Campania,41.0734,14.0254
81031,Aversa,Campania,40.9726,14.2074
81032,Carinaro,Campania,40.9829,14.2196
81033,Casal Di Principe,Campania,41.01,14.1301
81034,Mondragone,Campania,41.114,13.8916
81035,Garofali,Campania,41.2871,13.997
81035,Filorsi,Campania,41.2729,13.9882
81035,Roccamonfina,Campania,41.2868,13.9791
81035,Ameglio,Campania,41.3269,14.0422
81035,Fontanafredda,Campania,41.2846,13.9611
81035,Gallo,Campania,41.3,13.9833
81035,Marzano Appio,Campania,41.3177,14.045
81035,Grottola,Campania,41.3171,14.0412
81035,Campagnola,Campania,41.3017,14.032
81036,San Cipriano D'Aversa,Campania,40.9988,14.1317
81037,San Martino Di Sessa Aurunca,Campania,41.293,13.9262
81037,Valogno,Campania,41.25,13.9667
81037,San Martino,Campania,41.293,13.9262
81037,Cupa,Campania,41.2408,13.9075
81037,Fontanaradina,Campania,41.2757,13.9359
81037,Cascano,Campania,41.2323,13.9693
81037,Sant'Agata,Campania,41.2274,13.9371
81037,Sessa Aurunca,Campania,41.2399,13.9297
81037,Cupa E Fasani,Campania,41.2543,13.9184
81037,Fasani,Campania,41.2367,13.8775
81037,Corigliano,Campania,41.2821,13.9157
81037,Lauro Di Sessa Aurunca,Campania,41.2637,13.8906
81037,Piedimonte Di Sessa Aurunca,Campania,41.2543,13.9184
81037,Carano,Campania,41.2053,13.9097
81037,San Carlo,Campania,41.3108,13.9179
81037,Carano Di Sessa Aurunca,Campania,41.2053,13.9097
81037,Santa Maria Valongo,Campania,41.3003,13.9148
81037,Piedimonte,Campania,41.1889,13.8986
81037,San Castrese,Campania,41.2586,13.8654
81037,San Carlo Di Sessa Aurunca,Campania,41.3108,13.9179
81037,Avezzano Sorbello,Campania,41.2167,13.9333
81038,Trentola Ducenta,Campania,41.1538,14.0246
81039,Bonifica Villa Literno,Campania,41.0094,14.0761
81039,Villa Literno,Campania,41.0094,14.0761
81040,Curti,Campania,41.0762,14.2804
81040,San Felice,Campania,41.2987,14.1819
81040,Treglia,Campania,41.2219,14.2588
81040,Cisterna,Campania,41.192,14.2777
81040,Rocca D'Evandro,Campania,41.3886,13.9086
81040,Formicola,Campania,41.2108,14.2346
81040,Pietravairano,Campania,41.3252,14.1659
81040,Castel Di Sasso,Campania,41.1924,14.2777
81040,Pontelatone,Campania,41.1946,14.2481
81040,Bivio Mortola,Campania,41.3956,13.8966
81040,Liberi,Campania,41.2265,14.2899
81040,Cocuruzzo,Campania,41.3599,13.9112
81040,San Felice A Pietravairano,Campania,41.2987,14.1819
81040,Cisterna Di Castel Di Sasso,Campania,41.192,14.2777
81040,Maiorano Di Monte,Campania,41.2415,14.301
81040,Borgo Sant'Antonio Abate,Campania,41.2624,14.1641
81040,Camino,Campania,41.3839,13.9334
81041,Vitulazio,Campania,41.163,14.2134
81041,Bellona,Campania,41.1605,14.2331
81042,Giano Vetusto,Campania,41.2027,14.1934
81042,Pozzillo,Campania,41.2034,14.1953
81042,Petrulo,Campania,41.2167,14.15
81042,Calvi Risorta,Campania,41.216,14.1309
81042,Visciano,Campania,41.2167,14.1167
81042,Petrullo,Campania,41.2111,14.1573
81042,Val D'Assano,Campania,41.2111,14.1573
81042,Rocchetta E Croce,Campania,41.2111,14.1573
81043,Capua,Campania,41.1052,14.2127
81043,Sant'Angelo In Formis,Campania,41.1167,14.25
81044,Piccilli,Campania,41.3401,14.0344
81044,Vaglie,Campania,41.3517,13.9614
81044,Orchi,Campania,41.3214,14.0015
81044,Cave,Campania,41.3478,13.9995
81044,San Clemente,Campania,41.3403,13.956
81044,Tora E Piccilli,Campania,41.3406,13.9902
81044,Sipicciano,Campania,41.3406,13.9902
81044,Tora,Campania,41.3399,14.024
81044,Galluccio,Campania,41.3523,13.9537
81044,Conca Della Campania,Campania,41.3317,13.9914
81046,Borgo Rurale Appio,Campania,41.1039,14.0898
81046,Brezza,Campania,41.1107,14.112
81046,Grazzanise,Campania,41.0897,14.0988
81046,Borgo Appio,Campania,41.1114,14.0587
81047,Macerata Campania,Campania,41.0633,14.2775
81047,Caturano,Campania,41.0633,14.2775
81049,Mignano Monte Lungo,Campania,41.4059,13.9855
81049,San Pietro Infine,Campania,41.4455,13.9603
81049,Caspoli,Campania,41.381,13.9672
81050,Pastorano,Campania,41.1808,14.1982
81050,San Felice,Campania,41.2987,14.1819
81050,Musicile,Campania,41.0499,14.2894
81050,Portico Di Caserta,Campania,41.0556,14.2802
81050,Francolise,Campania,41.185,14.0567
81050,Santa Maria La Fossa,Campania,41.0917,14.1282
81050,Montanaro,Campania,41.2039,14.076
81050,Pantuliano,Campania,41.1683,14.1615
81050,Sant'Andrea Del Pizzone,Campania,41.1683,14.1615
81050,San Tammaro,Campania,41.0759,14.2311
81050,Camigliano,Campania,41.1812,14.2098
81050,Ciamprisco,Campania,41.15,14.0333
81050,Presenzano,Campania,41.3782,14.0916
81051,Pietramelara,Campania,41.2709,14.1871
81051,Roccaromana,Campania,41.2736,14.2219
81051,Statigliano,Campania,41.2782,14.2404
81052,Pignataro Maggiore,Campania,41.1901,14.1698
81053,Riardo,Campania,41.262,14.1505
81054,San Prisco,Campania,41.0859,14.2768
81055,Santa Maria Capua Vetere,Campania,41.0816,14.2534
81056,Sparanise,Campania,41.1879,14.0963
81057,Casale,Campania,41.2774,14.0583
81057,San Marco,Campania,41.2232,14.0203
81057,Casafredda,Campania,41.2708,14.0204
81057,Fontanelle,Campania,41.2444,14.0145
81057,Casale Di Teano,Campania,41.2774,14.0583
81057,Furnolo,Campania,41.2727,14.0434
81057,Casamostra,Campania,41.2512,14.0403
81057,Pugliano,Campania,41.232,14.0332
81057,San Giuliano,Campania,41.2302,14.0059
81057,Versano,Campania,41.278,14.0722
81057,Casi,Campania,41.2591,14.0376
81057,Teano,Campania,41.2513,14.0665
81058,Vairano Scalo,Campania,41.3257,14.1236
81058,Patenora,Campania,41.3257,14.1236
81058,Vairano,Campania,41.3257,14.1236
81058,Marzanello,Campania,41.3145,14.1161
81058,Vairano Patenora,Campania,41.337,14.1311
81059,Santa Lucia,Campania,41.3041,14.0794
81059,Vairano Stazione,Campania,41.3053,14.0888
81059,Montano,Campania,41.3066,14.102
81059,Caianello,Campania,41.3051,14.0852
81100,Casola,Campania,41.0951,14.3817
81100,Casola Di Caserta,Campania,41.0951,14.3817
81100,Sala Di Caserta,Campania,41.0833,14.3167
81100,San Leucio,Campania,41.1,14.3333
81100,San Clemente,Campania,41.3403,13.956
81100,San Clemente Di Caserta,Campania,41.3403,13.956
81100,Casertavecchia,Campania,41.0969,14.3674
81100,Ercole,Campania,41.1575,14.2436
81100,Centurano,Campania,41.1575,14.2436
81100,Mezzano,Campania,41.1575,14.2436
81100,Vaccheria,Campania,41.1575,14.2436
81100,Falciano,Campania,41.1575,14.2436
81100,Puccianiello,Campania,41.1575,14.2436
81100,Casolla,Campania,41.1575,14.2436
81100,Briano,Campania,41.1575,14.2436
81100,Tuoro,Campania,41.2676,14.0441
81100,Santa Barbara,Campania,41.0833,14.3667
81100,Tredici,Campania,41.1575,14.2436
81100,Staturano,Campania,41.1575,14.2436
81100,Caserta,Campania,41.0726,14.3323
80010,Quarto,Campania,40.8782,14.1435
80010,Villaricca,Campania,40.9201,14.1934
80010,Torretta,Campania,40.9102,14.1346
80010,Scalzapecora,Campania,40.9102,14.1346
80011,Pezzalunga,Campania,40.9795,14.436
80011,Acerra,Campania,40.9448,14.3714
80012,Calvizzano,Campania,40.9078,14.1858
80013,Casalnuovo Di Napoli,Campania,40.9097,14.3421
80013,Tavernanova,Campania,40.8438,14.3407
80013,Licignano Di Napoli,Campania,40.899,14.3528
80013,Casarea,Campania,40.8883,14.3635
80014,Giugliano In Campania,Campania,40.9285,14.202
80014,Varcaturo,Campania,40.9002,14.0376
80014,Lago Patria,Campania,40.9239,14.0339
80016,Torre Piscitelli,Campania,40.8971,14.1882
80016,San Rocco,Campania,40.8438,14.3407
80016,Marano Di Napoli,Campania,40.8971,14.1882
80017,Melito Di Napoli,Campania,40.9195,14.231
80018,Mugnano Di Napoli,Campania,40.9094,14.2098
80019,Qualiano,Campania,40.919,14.1535
80020,Parco Delle Acacie,Campania,40.9358,14.2795
80020,Frattaminore,Campania,40.9558,14.272
80020,Casavatore,Campania,40.8992,14.2766
80020,Crispano,Campania,40.9525,14.2899
80021,Afragola,Campania,40.923,14.3094
80022,Arzano,Campania,40.9096,14.2652
80023,Pascarola,Campania,40.9764,14.305
80023,Caivano,Campania,40.9575,14.3059
80024,Carditello,Campania,40.8438,14.3407
80024,Cardito,Campania,40.9459,14.2995
80025,Casandrino,Campania,40.9284,14.2474
80026,Arpino,Campania,40.8888,14.3202
80026,Casoria,Campania,40.9075,14.293
80027,Frattamaggiore,Campania,40.9414,14.2759
80028,Grumo Nevano,Campania,40.9359,14.2598
80029,Sant'Antimo,Campania,40.9422,14.2348
80030,Tufino,Campania,40.9559,14.5657
80030,Schiava,Campania,40.9267,14.5204
80030,San Paolo Bel Sito,Campania,40.9135,14.5486
80030,Gargani,Campania,40.9267,14.5204
80030,Scisciano,Campania,40.9066,14.4745
80030,Visciano,Campania,40.9238,14.5824
80030,Comiziano,Campania,40.9516,14.5512
80030,Roccarainola,Campania,40.9725,14.5428
80030,Castello Di Cisterna,Campania,40.9159,14.4112
80030,Camposano,Campania,40.9524,14.5299
80030,Cimitile,Campania,40.9423,14.5256
80030,Carbonara Di Nola,Campania,40.8744,14.5788
80030,San Vitaliano,Campania,40.9244,14.4746
80030,Spartimento,Campania,40.891,14.4724
80030,Liveri,Campania,40.9041,14.5654
80030,Gallo,Campania,40.9424,14.5455
80030,Mariglianella,Campania,40.9296,14.437
80031,Brusciano,Campania,40.9224,14.4239
80032,Casamarciano,Campania,40.9319,14.5532
80033,Cicciano,Campania,40.964,14.5349
80034,Selva,Campania,40.9634,14.4024
80034,Faibano,Campania,40.9441,14.4292
80034,Marigliano,Campania,40.9248,14.4561
80034,Casaferro,Campania,40.9441,14.4292
80034,Lausdomini,Campania,40.9441,14.4292
80035,Nola,Campania,40.9261,14.5282
80035,Polvica,Campania,40.8438,14.3407
80035,Cinquevie,Campania,40.8809,14.528
80035,Pollastri,Campania,40.9009,14.529
80035,Piazzolla,Campania,40.8896,14.5158
80036,Vico,Campania,40.8734,14.5685
80036,Palma Campania,Campania,40.8661,14.5517
80036,Castello,Campania,40.8577,14.5643
80036,Vico Di Palma,Campania,40.8734,14.5685
80038,Pomigliano D'Arco,Campania,40.9098,14.3832
80039,Piazzolla Di Saviano,Campania,40.8896,14.5158
80039,Saviano,Campania,40.9051,14.505
80040,Volla,Campania,40.8736,14.3408
80040,Pollena Trocchia,Campania,40.8513,14.3791
80040,Terzigno,Campania,40.804,14.4931
80040,Cercola,Campania,40.8604,14.3573
80040,San Sebastiano Al Vesuvio,Campania,40.8434,14.3643
80040,Musci,Campania,40.8786,14.366
80040,Poggiomarino,Campania,40.8011,14.5407
80040,Trecase,Campania,40.7694,14.4377
80040,Striano,Campania,40.8154,14.5753
80040,Caravita,Campania,40.8332,14.4411
80040,Flocco,Campania,40.7932,14.5401
80040,Boccia Al Mauro,Campania,40.8332,14.4411
80040,Massa Di Somma,Campania,40.8455,14.3751
80040,San Gennaro Vesuviano,Campania,40.8623,14.5241
80041,Boscoreale,Campania,40.7727,14.4812
80041,Marchesa,Campania,40.893,14.0996
80042,Boscotrecase,Campania,40.773,14.4619
80044,Ottaviano,Campania,40.8519,14.4783
80044,San Gennarello,Campania,40.8519,14.4783
80045,Mariconda,Campania,40.7479,14.4907
80045,Messigno,Campania,40.7479,14.4907
80045,Pompei Scavi,Campania,40.7501,14.4845
80045,Pompei,Campania,40.7457,14.497
80046,San Giorgio A Cremano,Campania,40.8326,14.3416
80047,Santa Maria La Scala,Campania,40.8356,14.5049
80047,San Giuseppe Vesuviano,Campania,40.8356,14.5049
80047,Casilli,Campania,40.8356,14.5049
80048,Starza Vecchia,Campania,40.8904,14.4014
80048,Ponte Di Ferro,Campania,40.8855,14.3939
80048,Madonna Dell'Arco,Campania,40.8667,14.3833
80048,Sant'Anastasia,Campania,40.8684,14.402
80049,Somma Vesuviana,Campania,40.8733,14.4387
80050,Pimonte,Campania,40.6736,14.5098
80050,Piazza Roma,Campania,40.7043,14.543
80050,Casola Di Napoli,Campania,40.6978,14.5301
80050,San Nicola,Campania,40.7099,14.5474
80050,Santa Maria La Carita',Campania,40.7161,14.5098
80050,Tralia,Campania,40.6735,14.5045
80050,Piazza,Campania,40.694,14.5264
80050,Lettere,Campania,40.7049,14.5449
80050,Franche,Campania,40.6718,14.5214
80051,Agerola,Campania,40.6377,14.5388
80051,Pianillo,Campania,40.6342,14.5492
80051,San Lazzaro Di Agerola,Campania,40.6269,14.5671
80051,Bomerano,Campania,40.6333,14.5333
80053,Castellammare Di Stabia,Campania,40.7021,14.4869
80053,Quisisana,Campania,40.7021,14.4869
80053,Scanzano,Campania,40.7021,14.4869
80053,Ponte Della Persica,Campania,40.7021,14.4869
80054,Caprile,Campania,40.6891,14.5204
80054,Gragnano,Campania,40.6891,14.5204
80055,Portici,Campania,40.8156,14.3372
80055,Bellavista,Campania,40.8156,14.3372
80056,Ercolano,Campania,40.8078,14.3501
80056,Resina,Campania,40.8078,14.3501
80057,Sant'Antonio Abate,Campania,40.7215,14.5402
80058,Torre Annunziata,Campania,40.7534,14.4525
80059,Torre Del Greco,Campania,40.7893,14.3681
80059,Santa Maria La Bruna,Campania,40.7893,14.3681
80059,Leopardi,Campania,40.7893,14.3681
80060,Massaquano,Campania,40.6672,14.4809
80060,Monte Faito,Campania,40.6672,14.4809
80061,Massa Lubrense,Campania,40.6094,14.372
80061,Termini,Campania,40.5895,14.3381
80061,Nerano,Campania,40.585,14.3507
80061,Sant'Agata Sui Due Golfi,Campania,40.6057,14.374
80061,Monticchio Di Massa Lubrense,Campania,40.5974,14.3587
80062,Meta,Campania,40.6408,14.4158
80063,Piano Di Sorrento,Campania,40.6281,14.4173
80065,Colli Di Fontanelle,Campania,40.6148,14.4142
80065,Sant'Agnello,Campania,40.6294,14.3996
80066,Seiano,Campania,40.657,14.4212
80066,Fornacelle,Campania,40.6556,14.4156
80066,Fornacella,Campania,40.6556,14.4156
80066,Montechiaro,Campania,40.6541,14.4099
80067,Capo Di Sorrento,Campania,40.6208,14.3739
80067,Sorrento,Campania,40.6238,14.381
80067,Priora,Campania,40.6178,14.3669
80069,Villaggio Monte Faito,Campania,40.6672,14.4809
80069,Vico Equense,Campania,40.6598,14.4339
80069,Moiano,Campania,40.6517,14.466
80070,Serrara Fontana,Campania,40.7148,13.8959
80070,Cuma,Campania,40.8467,14.0566
80070,Cappella,Campania,40.8998,14.5435
80070,Baia,Campania,40.8167,14.0667
80070,Bacoli,Campania,40.7967,14.0735
80070,Fusaro,Campania,40.8438,14.3407
80070,Testaccio D'Ischia,Campania,40.8438,14.3407
80070,Barano D'Ischia,Campania,40.7147,13.9252
80070,Monte Di Procida,Campania,40.7981,14.0502
80070,Succhivo,Campania,40.8438,14.3407
80070,Serrara,Campania,40.8438,14.3407
80070,Buonopane,Campania,40.8438,14.3407
80070,Capo Miseno,Campania,40.8438,14.3407
80070,Fontana,Campania,40.8438,14.3407
80070,Miliscola,Campania,40.8438,14.3407
80070,Torregaveta,Campania,40.8438,14.3407
80070,Sant'Angelo,Campania,40.8541,14.0925
80070,Miseno,Campania,40.7863,14.0844
80071,Anacapri,Campania,40.5517,14.2123
80073,Marina Grande Di Capri,Campania,40.55,14.2333
80073,Capri,Campania,40.5507,14.2426
80074,Casamicciola Terme,Campania,40.7466,13.912
80075,Monterone,Campania,40.7368,13.8674
80075,Forio,Campania,40.7376,13.86
80075,Panza,Campania,40.7159,13.8699
80076,Lacco Ameno,Campania,40.749,13.8872
80077,Ischia,Campania,40.7379,13.9486
80077,Piedimonte D'Ischia,Campania,40.7363,13.9531
80077,Ischia San Michele,Campania,40.7363,13.9531
80077,Sant'Antuono D'Ischia,Campania,40.7363,13.9531
80077,Ischia Ponte,Campania,40.7319,13.9596
80077,Ischia Porto,Campania,40.7391,13.951
80078,Pozzuoli,Campania,40.8322,14.1045
80078,Arco Felice,Campania,40.8443,14.0901
80078,Lucrino,Campania,40.8319,14.0831
80078,Cappuccini,Campania,40.8438,14.3407
80078,Licola,Campania,40.8443,14.0901
80078,Lido Di Licola,Campania,40.8443,14.0901
80078,Lago Averno,Campania,40.8443,14.0901
80078,Monterusciello,Campania,40.8687,14.0828
80079,Procida,Campania,40.7564,14.0146
80100,Napoli,Campania,40.8522,14.2681
80121,Napoli,Campania,40.8522,14.2681
80122,Napoli,Campania,40.8522,14.2681
80122,Chiaia,Campania,40.8522,14.2681
80123,Napoli,Campania,40.8522,14.2681
80124,Napoli,Campania,40.8522,14.2681
80124,Bagnoli,Campania,40.8132,14.1681
80125,Agnano,Campania,40.8343,14.1593
80125,Napoli,Campania,40.8522,14.2681
80126,Pianura,Campania,40.8591,14.1731
80126,Napoli,Campania,40.8522,14.2681
80126,Soccavo,Campania,40.8455,14.1926
80127,Napoli,Campania,40.8522,14.2681
80127,Vomero,Campania,40.8333,14.2333
80128,Napoli,Campania,40.8522,14.2681
80129,Napoli,Campania,40.8522,14.2681
80131,Arenella,Campania,40.8511,14.2591
80131,Napoli,Campania,40.8522,14.2681
80131,Cappella Cangiani,Campania,40.8511,14.2591
80131,Miano,Campania,40.85,14.25
80132,Napoli,Campania,40.8522,14.2681
80133,Napoli,Campania,40.8522,14.2681
80134,Napoli,Campania,40.8522,14.2681
80135,Napoli,Campania,40.8522,14.2681
80136,Napoli,Campania,40.8522,14.2681
80137,Napoli,Campania,40.8522,14.2681
80138,Napoli,Campania,40.8522,14.2681
80139,Napoli,Campania,40.8522,14.2681
80141,Napoli,Campania,40.8522,14.2681
80142,Napoli,Campania,40.8522,14.2681
80143,Napoli,Campania,40.8522,14.2681
80144,Napoli,Campania,40.8522,14.2681
80144,Secondigliano,Campania,40.9,14.2667
80144,San Pietro A Patierno,Campania,40.8761,14.2674
80145,Scampia,Campania,40.8674,14.2505
80145,Marianella,Campania,40.8674,14.2505
80145,Chiaiano Ed Uniti,Campania,40.8674,14.2505
80145,Napoli,Campania,40.8522,14.2681
80145,Miano,Campania,40.85,14.25
80145,Piscinola,Campania,40.9,14.2333
80146,San Giovanni A Teduccio,Campania,40.8333,14.3167
80146,Napoli,Campania,40.8522,14.2681
80147,Napoli,Campania,40.8522,14.2681
80147,Barra,Campania,40.8426,14.3185
80147,Ponticelli,Campania,40.8542,14.3304
84010,Atrani,Campania,40.6362,14.6093
84010,Ravello,Campania,40.6493,14.6117
84010,San Valentino Torio,Campania,40.7911,14.6033
84010,Corbara,Campania,40.7228,14.5919
84010,Furore,Campania,40.6206,14.549
84010,Maiori,Campania,40.6485,14.6407
84010,Minori,Campania,40.6503,14.6268
84010,San Lorenzo Di Sant'Egidio,Campania,40.7541,14.5897
84010,Tramonti,Campania,40.6915,14.6449
84010,Praiano,Campania,40.6121,14.5246
84010,Cetara,Campania,40.6476,14.7009
84010,Pontone,Campania,40.6432,14.6029
84010,Scala,Campania,40.6566,14.6076
84010,Sant'Egidio Del Monte Albino,Campania,40.7387,14.5945
84010,San Michele,Campania,40.6202,14.5502
84010,Erchie,Campania,40.6379,14.6937
84010,San Marzano Sul Sarno,Campania,40.778,14.5801
84010,Campinola,Campania,40.7041,14.6442
84010,Conca Dei Marini,Campania,40.6175,14.5731
84011,Amalfi,Campania,40.6349,14.6024
84011,Lone,Campania,40.6349,14.6024
84011,Pastena,Campania,40.6349,14.6024
84011,Pogerola,Campania,40.6349,14.6024
84011,Pogerola Di Amalfi,Campania,40.6349,14.6024
84011,Vettica Pastena,Campania,40.6349,14.6024
84012,Angri,Campania,40.7381,14.5707
84013,Passiano,Campania,40.7,14.6833
84013,San Pietro Di Cava,Campania,40.7,14.7167
84013,Corpo Di Cava,Campania,40.683,14.6893
84013,Alessia,Campania,40.6861,14.7287
84013,Marini,Campania,40.6175,14.5731
84013,Pregiato,Campania,40.681,14.6831
84013,Dupino,Campania,40.681,14.6831
84013,Santa Lucia Di Cava,Campania,40.681,14.6831
84013,Cava De' Tirreni,Campania,40.6995,14.7077
84013,Arcara,Campania,40.681,14.6831
84013,Badia Di Cava De' Tirreni,Campania,40.681,14.6831
84014,Nocera Inferiore,Campania,40.7454,14.6454
84015,Materdomini Di Nocera,Campania,40.75,14.6833
84015,Nocera Superiore,Campania,40.7425,14.6745
84016,Pagani,Campania,40.742,14.6145
84017,Montepertuso,Campania,40.6324,14.4929
84017,Positano,Campania,40.6283,14.4843
84018,San Pietro Di Scafati,Campania,40.7602,14.5372
84018,Scafati,Campania,40.7602,14.5372
84019,Benincasa,Campania,40.674,14.7185
84019,Raito,Campania,40.6694,14.718
84019,Molina Di Vietri Sul Mare,Campania,40.6832,14.7206
84019,Marina Di Vietri,Campania,40.6765,14.7192
84019,Molina,Campania,40.6832,14.7206
84019,Dragonea,Campania,40.6792,14.7109
84019,Vietri Sul Mare,Campania,40.6702,14.7266
84020,Centro Urbano,Campania,40.8199,15.3195
84020,Petina,Campania,40.5321,15.3735
84020,Ricigliano,Campania,40.668,15.4779
84020,Oliveto Citra,Campania,40.6904,15.2335
84020,Castelnuovo Di Conza,Campania,40.8206,15.3188
84020,Laviano,Campania,40.7862,15.3079
84020,Aquara,Campania,40.4439,15.2539
84020,Quadrivio Di Campagna,Campania,40.6249,15.1035
84020,Salvitelle,Campania,40.5906,15.4576
84020,Valva,Campania,40.7387,15.2681
84020,San Gregorio Magno,Campania,40.6599,15.3991
84020,Castelcivita,Campania,40.4937,15.2335
84020,Roscigno,Campania,40.4,15.3458
84020,Bivio Palomonte,Campania,40.6402,15.2967
84020,Perrazze,Campania,40.6806,15.2924
84020,Corleto Monforte,Campania,40.4376,15.3801
84020,Romagnano Al Monte,Campania,40.6103,15.4477
84020,Bellosguardo,Campania,40.4222,15.3122
84020,Palomonte,Campania,40.6625,15.2919
84020,Ottati,Campania,40.4629,15.3153
84020,Colliano,Campania,40.7229,15.2897
84020,Santomenna,Campania,40.8068,15.3264
84020,Serra Di Castelcivita,Campania,40.6185,15.3152
84020,Controne,Campania,40.5102,15.204
84021,Buccino,Campania,40.6367,15.3812
84021,Buccino Stazione,Campania,40.6172,15.3966
84021,Tufariello,Campania,40.5977,15.412
84022,Quadrivio,Campania,40.6249,15.1035
84022,Campagna,Campania,40.6666,15.1064
84022,Serradarce,Campania,40.6403,15.1542
84022,Puglietta,Campania,40.6504,15.1533
84023,Persano,Campania,40.55,15.05
84024,Bagni Di Contursi,Campania,40.6821,15.2534
84024,Contursi Terme,Campania,40.6503,15.2416
84025,Santa Cecilia Di Eboli,Campania,40.5222,15.0002
84025,Bivio Santa Cecilia,Campania,40.5222,15.0002
84025,Eboli,Campania,40.6175,15.0569
84025,Corno D'Oro,Campania,40.5718,14.986
84026,Postiglione,Campania,40.559,15.2324
84027,Sant'Angelo A Fasanella,Campania,40.4572,15.3409
84028,Borgo San Lazzaro,Campania,40.5826,15.1128
84028,Serre,Campania,40.5825,15.1856
84029,Sicignano Degli Alburni,Campania,40.5588,15.3056
84029,Zuppino,Campania,40.5783,15.2827
84029,Sicignano Degli Alburni Stazione,Campania,40.5715,15.3011
84029,Scorzo,Campania,40.5771,15.2642
84029,Galdo Degli Alburni,Campania,40.5623,15.3125
84029,Castelluccio Cosentino,Campania,40.5809,15.3407
84030,San Rufo,Campania,40.4345,15.4637
84030,Atena Lucana,Campania,40.4546,15.5563
84030,Torraca,Campania,40.111,15.6363
84030,Casaletto Spartano,Campania,40.1513,15.6206
84030,San Pietro Al Tanagro,Campania,40.4549,15.4869
84030,Casalbuono,Campania,40.2142,15.6872
84030,Sanza,Campania,40.2439,15.5542
84030,Caselle In Pittari,Campania,40.1732,15.5431
84030,Battaglia,Campania,40.1477,15.6243
84030,Pertosa,Campania,40.5435,15.4501
84030,Morigerati,Campania,40.1406,15.5551
84030,Sicili',Campania,40.1333,15.5333
84030,Taverne,Campania,40.4559,15.5391
84030,Tortorella,Campania,40.1424,15.6063
84030,Caggiano,Campania,40.5624,15.4963
84030,Atena Lucana Scalo,Campania,40.2942,15.5559
84030,Monte San Giacomo,Campania,40.3441,15.5422
84031,Auletta,Campania,40.5612,15.4231
84032,Buonabitacolo,Campania,40.2686,15.6212
84033,Montesano Sulla Marcellana,Campania,40.2761,15.7039
84033,Prato Comune,Campania,40.2772,15.6871
84033,Tardiano,Campania,40.2539,15.7477
84033,Montesano Scalo,Campania,40.2814,15.6583
84033,Arenabianca,Campania,40.2957,15.6906
84034,Padula Scalo,Campania,40.339,15.6563
84034,Padula,Campania,40.339,15.6563
84035,Polla,Campania,40.5143,15.4971
84036,Sala Consilina,Campania,40.4013,15.5914
84036,Trinita',Campania,40.4013,15.5914
84037,Sant'Arsenio,Campania,40.4711,15.484
84038,Caiazzano,Campania,40.3311,15.6036
84038,Sassano,Campania,40.3403,15.5656
84038,Silla,Campania,40.3606,15.5869
84039,Prato Perillo,Campania,40.3969,15.525
84039,Pantano Di Teggiano,Campania,40.3868,15.5229
84039,San Marco Di Teggiano,Campania,40.3843,15.5034
84039,Teggiano,Campania,40.3792,15.5405
84040,Velina,Campania,40.2022,15.1603
84040,Celle Di Bulgheria,Campania,40.0954,15.4032
84040,Poderia,Campania,40.094,15.383
84040,Casal Velino Marina,Campania,40.1767,15.1222
84040,Cannalonga,Campania,40.2446,15.2933
84040,Ponte,Campania,40.19,15.2371
84040,Alfano,Campania,40.1769,15.4245
84040,Acquavella,Campania,40.2092,15.1179
84040,Campora,Campania,40.3054,15.2924
84040,Castelnuovo Cilento,Campania,40.2185,15.178
84040,Castelnuovo Vallo Stazione,Campania,40.19,15.2371
84040,Casal Velino,Campania,40.1903,15.1114
84040,Marina Di Casal Velino,Campania,40.1767,15.1222
84042,Acerno,Campania,40.7377,15.0569
84043,Agropoli Stazione,Campania,40.3492,14.9907
84043,Agropoli,Campania,40.3492,14.9907
84044,Matinella,Campania,40.5016,15.0669
84044,Albanella,Campania,40.4794,15.1145
84045,Carillia,Campania,40.5331,15.0623
84045,Borgo Carillia,Campania,40.5331,15.0623
84045,Altavilla Silentina,Campania,40.5301,15.1315
84045,Cerrelli,Campania,40.5285,15.1051
84046,Marina Di Ascea,Campania,40.1426,15.1837
84046,Mandia,Campania,40.1549,15.249
84046,Catona Di Ascea,Campania,40.1499,15.2355
84046,Mandia Di Ascea,Campania,40.1549,15.249
84046,Ascea,Campania,40.1408,15.1858
84046,Terradura Di Ascea,Campania,40.1562,15.217
84046,Catona,Campania,40.1499,15.2355
84046,Terradura,Campania,40.1562,15.217
84047,Licinella,Campania,40.4066,14.9976
84047,Vannullo,Campania,40.4513,15.0279
84047,Santa Venere,Campania,40.4106,15.0123
84047,Torre Di Paestum,Campania,40.4066,14.9976
84047,Ponte Barizzo,Campania,40.4932,15.0176
84047,Cafasso,Campania,40.4382,15.0111
84047,Borgo Nuovo,Campania,40.4382,15.0111
84047,Capaccio,Campania,40.4243,15.0798
84047,Gromola,Campania,40.4739,14.9905
84047,Rettifilo,Campania,40.4513,15.0279
84047,Vuccolo Di Maiorano,Campania,40.4598,15.057
84047,Capaccio Scalo,Campania,40.4553,15.0089
84047,Paestum,Campania,40.4223,15.0073
84047,Laura,Campania,40.4322,14.9889
84048,Ogliastro Marina,Campania,40.2337,14.9395
84048,Santa Maria Di Castellabate,Campania,40.2978,14.9521
84048,Santa Maria,Campania,40.2978,14.9521
84048,San Marco,Campania,40.2674,14.939
84048,Castellabate,Campania,40.2821,14.9574
84049,Castel San Lorenzo,Campania,40.4198,15.2252
84050,Ispani,Campania,40.0873,15.5583
84050,Matonti,Campania,40.3028,15.0234
84050,Futani,Campania,40.1516,15.3237
84050,Laureana Cilento,Campania,40.3011,15.0388
84050,Magliano Vetere,Campania,40.347,15.2367
84050,Laurito,Campania,40.1691,15.4074
84050,Giungano,Campania,40.3945,15.1079
84050,Capizzo,Campania,40.3539,15.2171
84050,Magliano Nuovo,Campania,40.336,15.2563
84050,Sorvaro,Campania,40.2588,15.2122
84050,Capitello,Campania,40.21,15.0015
84050,Cuccaro Vetere,Campania,40.164,15.3068
84050,Lustra,Campania,40.2883,15.0683
84051,San Nicola,Campania,40.0897,15.2819
84051,Centola,Campania,40.0698,15.3119
84051,San Severino,Campania,40.0896,15.3457
84051,Palinuro,Campania,40.0368,15.2881
84051,San Nicola Di Centola,Campania,40.0897,15.2819
84051,San Severino Di Centola,Campania,40.0896,15.3457
84051,Foria,Campania,40.0931,15.3234
84052,Ceraso,Campania,40.1943,15.2561
84052,Massascusa,Campania,40.1999,15.2752
84052,San Sumino,Campania,40.1941,15.2678
84052,San Biase,Campania,40.2034,15.282
84052,Santa Barbara,Campania,40.179,15.2579
84053,Monte Cicerale,Campania,40.3482,15.1109
84053,Cicerale,Campania,40.344,15.1296
84055,Felitto,Campania,40.3735,15.2431
84056,Cardile,Campania,40.2701,15.2439
84056,Gioi,Campania,40.2897,15.2181
84057,Villa Littorio,Campania,40.3664,15.3366
84057,Laurino,Campania,40.3392,15.3381
84059,Marina Di Camerota,Campania,40.0036,15.3672
84059,Licusati,Campania,40.0541,15.3644
84059,Camerota,Campania,40.0326,15.3705
84059,Lentiscosa,Campania,40.0219,15.3829
84060,Omignano,Campania,40.2493,15.0841
84060,Perito,Campania,40.2985,15.1475
84060,Montecorice,Campania,40.2344,14.985
84060,Monteforte Cilento,Campania,40.3648,15.1949
84060,Moio Della Civitella,Campania,40.2471,15.2689
84060,Pellare,Campania,40.25,15.2833
84060,Case Del Conte,Campania,40.2411,14.9677
84060,Omignano Stazione,Campania,40.2398,15.1645
84060,Omignano Scalo,Campania,40.25,15.1333
84060,Acquavena,Campania,40.0838,15.4456
84060,Piano Vetrale,Campania,40.3,15.2
84060,Massicelle,Campania,40.1395,15.3279
84060,Prignano Cilento,Campania,40.3333,15.0674
84060,Vatolla,Campania,40.2825,15.0264
84060,Montano Antilia,Campania,40.1626,15.3632
84060,Ostigliano,Campania,40.3148,15.142
84060,Abatemarco,Campania,40.1457,15.3593
84060,Ortodonico,Campania,40.2311,15.0038
84060,Fornelli,Campania,40.2433,14.9986
84060,Roccagloriosa,Campania,40.1063,15.4364
84060,Agnone Cilento,Campania,40.2163,14.9974
84060,Perdifumo,Campania,40.2669,15.0165
84060,Orria,Campania,40.2997,15.1712
84060,Mercato Cilento,Campania,40.2711,15.0415
84060,Novi Velia,Campania,40.2226,15.286
84061,Ogliastro Cilento,Campania,40.3511,15.0464
84061,Eredita,Campania,40.3667,15.05
84061,Finocchito,Campania,40.3519,15.0732
84062,Olevano Sul Tusciano,Campania,40.6572,15.023
84062,Monticelli,Campania,40.65,15.0167
84062,Ariano,Campania,40.6567,15.0248
84062,Salitto,Campania,40.6741,15.0224
84062,Valle,Campania,40.2679,15.0709
84065,Piaggine,Campania,40.345,15.3778
84066,Marina Di Pisciotta,Campania,40.1076,15.247
84066,Pisciotta,Campania,40.1089,15.2346
84066,Rodio,Campania,40.1299,15.2405
84066,Caprioli,Campania,40.0841,15.2661
84067,Santa Marina,Campania,40.1052,15.5415
84067,Policastro Bussentino,Campania,40.0751,15.5217
84068,Pioppi,Campania,40.1744,15.0887
84068,Galdo,Campania,40.2119,15.0519
84068,Cannicchio,Campania,40.1915,15.043
84068,Celso,Campania,40.2011,15.0577
84068,Galdo Cilento,Campania,40.1918,15.0543
84068,Acciaroli,Campania,40.181,15.0272
84068,Pollica,Campania,40.1907,15.0572
84069,Serra,Campania,40.3293,14.9839
84069,Fonte,Campania,40.456,15.1151
84069,Acquaviva,Campania,40.4564,15.1609
84069,Roccadaspide,Campania,40.4233,15.1912
84069,Carratiello,Campania,40.4553,15.1776
84070,Serramezzana,Campania,40.2446,15.0325
84070,Casalsottano,Campania,40.2167,15.0333
84070,Salento,Campania,40.2491,15.1894
84070,Valle Dell'Angelo,Campania,40.3438,15.3685
84070,San Giovanni A Piro,Campania,40.0515,15.4462
84070,Scario,Campania,40.0621,15.4742
84070,Sacco,Campania,40.3767,15.3778
84070,San Mauro Cilento,Campania,40.2263,15.0448
84070,Rofrano,Campania,40.2128,15.4285
84070,Stella Cilento,Campania,40.2318,15.0929
84070,Trentinara,Campania,40.4,15.1154
84070,San Mauro La Bruca,Campania,40.1225,15.2911
84070,Bosco,Campania,40.055,15.4553
84070,Rutino,Campania,40.3007,15.0733
84073,Sapri,Campania,40.0746,15.6321
84074,Sessa Cilento,Campania,40.2592,15.0758
84074,Santa Lucia Cilento,Campania,40.2583,15.0907
84074,San Mango,Campania,40.2646,15.0596
84074,San Mango Cilento,Campania,40.2646,15.0596
84075,Gorga,Campania,40.3185,15.2405
84075,Stio,Campania,40.3102,15.2515
84076,Torchiara,Campania,40.3216,15.0537
84076,Copersito,Campania,40.3147,15.0625
84076,Copersito Cilento,Campania,40.3182,15.0581
84077,Castel Ruggero,Campania,40.1328,15.4725
84077,Torre Orsaia,Campania,40.1328,15.4725
84078,Vallo Della Lucania,Campania,40.2279,15.2663
84078,Massa Della Lucania,Campania,40.2307,15.2606
84078,Pattano,Campania,40.2278,15.235
84078,Angellara,Campania,40.2365,15.2805
84079,Vibonati,Campania,40.0992,15.5836
84079,Villammare,Campania,40.0775,15.594
84080,Capezzano Inferiore,Campania,40.7007,14.773
84080,Capezzano,Campania,40.7282,14.7763
84080,Capezzano Superiore,Campania,40.7282,14.7763
84080,Calvanico,Campania,40.7762,14.827
84080,Capriglia,Campania,40.7322,14.7604
84080,Coperchia,Campania,40.72,14.7665
84080,Pellezzano,Campania,40.7252,14.7574
84080,Cologna,Campania,40.7152,14.7736
84081,Fusara,Campania,40.7363,14.7956
84081,Baronissi,Campania,40.7482,14.7738
84081,Antessano,Campania,40.7329,14.7774
84081,Acquamela,Campania,40.7397,14.7844
84081,Caprecano,Campania,40.7414,14.7909
84081,Saragnano,Campania,40.7397,14.7844
84081,Sava,Campania,40.7397,14.7844
84082,Manzi,Campania,40.4754,14.9996
84082,San Nazario,Campania,40.1319,15.2915
84082,Bracigliano,Campania,40.8188,14.7077
84083,Castelluccio,Campania,40.5809,15.3407
84083,Castel San Giorgio,Campania,40.782,14.7009
84083,Lanzara,Campania,40.7747,14.6762
84083,Fimiani,Campania,40.7125,14.9059
84084,Gaiano,Campania,40.7548,14.8164
84084,Villa,Campania,40.7872,14.7909
84084,Pizzolano,Campania,40.7825,14.7819
84084,Settefichi,Campania,40.7744,14.8083
84084,Fisciano,Campania,40.7718,14.7945
84084,Penta,Campania,40.7613,14.7852
84084,Lancusi,Campania,40.7613,14.7852
84084,Bolano,Campania,40.7613,14.7852
84085,Monticelli,Campania,40.7695,14.755
84085,Mercato San Severino,Campania,40.7847,14.7537
84085,Pandola,Campania,40.441,15.2297
84085,Curteri,Campania,40.7782,14.8144
84085,Spiano,Campania,40.7615,14.7501
84085,Sant'Angelo,Campania,40.7722,14.7604
84085,Sant'Eustachio,Campania,40.7691,14.6965
84085,Piazza Del Galdo,Campania,40.7739,14.717
84085,Ciorani,Campania,40.8052,14.7318
84085,Sant'Angelo Di Mercato San Severino,Campania,40.7739,14.717
84085,Acquarola,Campania,40.7687,14.7253
84085,Carifi,Campania,40.7914,14.7321
84085,Torello,Campania,40.683,14.9602
84086,Roccapiemonte,Campania,40.7601,14.6909
84086,Casali San Potito,Campania,40.7639,14.675
84086,Casali Di Roccapiemonte,Campania,40.7639,14.675
84087,Episcopio,Campania,40.8075,14.6215
84087,Lavorate,Campania,40.8075,14.6215
84087,Sarno,Campania,40.8075,14.6215
84088,Siano,Campania,40.8021,14.6933
84090,Capitignano,Campania,40.7185,14.9046
84090,Castelpagano,Campania,40.6735,14.9181
84090,San Mango Piemonte,Campania,40.7002,14.8392
84090,Prepezzano,Campania,40.7275,14.8912
84090,Montecorvino Pugliano,Campania,40.6792,14.9447
84090,Castiglione Del Genovesi,Campania,40.7237,14.848
84090,Pugliano,Campania,40.6788,14.9454
84090,Santa Tecla,Campania,40.6735,14.9181
84090,Sieti,Campania,40.7425,14.9028
84090,Giffoni Sei Casali,Campania,40.7019,14.9013
84091,Santa Lucia Di Battipaglia,Campania,40.5825,14.9561
84091,Belvedere Di Battipaglia,Campania,40.6413,14.8833
84091,Battipaglia,Campania,40.6086,14.9821
84091,Sant'Anna,Campania,40.7328,14.7116
84092,Bellizzi,Campania,40.6198,14.9468
84092,Bivio,Campania,40.6402,15.2967
84095,Giffoni Valle Piana,Campania,40.7181,14.9423
84095,Ornito,Campania,40.6903,14.9264
84095,Santa Caterina,Campania,40.7202,14.8961
84095,Mercato,Campania,40.7161,14.9401
84095,Curti,Campania,40.751,14.9214
84095,San Giovanni,Campania,40.7253,14.7505
84096,Montecorvino Rovella,Campania,40.6918,14.9786
84096,Macchia,Campania,40.6535,14.9788
84096,Gauro,Campania,40.714,14.9637
84096,San Martino Montecorvino Rovella,Campania,40.6864,14.9737
84096,Lenzi,Campania,40.6864,14.9737
84098,Magazzeno,Campania,40.6113,14.8567
84098,Pontecagnano,Campania,40.6445,14.8763
84098,Pontecagnano Faiano,Campania,40.6358,14.8902
84098,Sant'Antonio,Campania,40.6363,14.8984
84098,Sant'Antonio Di Pontecagnano,Campania,40.6363,14.8984
84098,Faiano,Campania,40.6625,14.9024
84098,Corvinia,Campania,40.6241,14.9088
84099,Campigliano,Campania,40.6825,14.8729
84099,Pezzano,Campania,40.6977,14.8697
84099,Filetta,Campania,40.6977,14.8697
84099,San Cipriano Picentino,Campania,40.7201,14.872
84099,Vignale,Campania,40.6995,14.8711
84100,Salerno,Campania,40.6755,14.7933
84121,Salerno,Campania,40.6755,14.7933
84122,Salerno,Campania,40.6755,14.7933
84123,Salerno,Campania,40.6755,14.7933
84124,Salerno,Campania,40.6755,14.7933
84125,Salerno,Campania,40.6755,14.7933
84126,Salerno,Campania,40.6755,14.7933
84127,Torrione Di Salerno,Campania,40.7789,14.7359
84127,Salerno,Campania,40.6755,14.7933
84128,Pastena Di Salerno,Campania,40.6755,14.7933
84128,Salerno,Campania,40.6755,14.7933
84129,Salerno,Campania,40.6755,14.7933
84130,Salerno,Campania,40.6755,14.7933
84131,San Leonardo,Campania,40.441,15.2297
84131,Fuorni,Campania,40.6406,14.8492
84131,Mercatello Di Salerno,Campania,40.6586,14.8026
84131,Salerno,Campania,40.6755,14.7933
84132,Salerno,Campania,40.6755,14.7933
84133,Salerno,Campania,40.6755,14.7933
84134,Salerno,Campania,40.6755,14.7933
84134,Giovi,Campania,40.6755,14.7933
84135,Ogliara,Campania,40.8232,14.8015
84135,Matierno,Campania,40.8232,14.8015
84135,Fratte,Campania,40.441,15.2297
84135,Salerno,Campania,40.6755,14.7933
40010,Santa Maria In Duno,Emilia-Romagna,44.6286,11.3982
40010,Padulle,Emilia-Romagna,44.6295,11.2774
40010,Osteria Nuova,Emilia-Romagna,44.5846,11.2374
40010,Sala Bolognese,Emilia-Romagna,44.6139,11.2567
40010,Bentivoglio,Emilia-Romagna,44.6369,11.4174
40010,Interporto Bentivoglio,Emilia-Romagna,44.6237,11.3838
40010,San Marino,Emilia-Romagna,44.6043,11.4217
40011,Anzola Dell'Emilia,Emilia-Romagna,44.542,11.2055
40011,Santa Maria In Strada,Emilia-Romagna,44.5715,11.159
40011,San Giacomo Del Martignone,Emilia-Romagna,44.6,11.2167
40011,Lavino Di Mezzo,Emilia-Romagna,44.5326,11.2354
40012,Calderara Di Reno,Emilia-Romagna,44.5631,11.2711
40012,Lippo,Emilia-Romagna,44.5653,11.2658
40012,Longara,Emilia-Romagna,44.5711,11.3039
40012,Bargellino,Emilia-Romagna,44.5454,11.2576
40012,Tavernelle D'Emilia,Emilia-Romagna,44.5734,11.2482
40012,Tavernelle Emilia,Emilia-Romagna,44.5734,11.2482
40013,Trebbo,Emilia-Romagna,44.5563,11.319
40013,Villa Salina,Emilia-Romagna,44.5545,11.3518
40013,Trebbo Di Reno,Emilia-Romagna,44.5642,11.3489
40013,Progresso,Emilia-Romagna,44.5689,11.3642
40013,Castel Maggiore,Emilia-Romagna,44.5771,11.3607
40014,Palata Pepoli,Emilia-Romagna,44.7922,11.2332
40014,Crevalcore,Emilia-Romagna,44.7197,11.1477
40014,Caselle,Emilia-Romagna,44.4832,11.4232
40015,Bosco Di Galliera,Emilia-Romagna,44.7357,11.5072
40015,San Vincenzo,Emilia-Romagna,44.7388,11.4367
40015,San Venanzio,Emilia-Romagna,44.7452,11.4373
40015,Bosco,Emilia-Romagna,44.7357,11.5072
40015,Galliera Frazione,Emilia-Romagna,44.7411,11.4564
40015,Galliera,Emilia-Romagna,44.7499,11.3938
40016,San Giorgio Di Piano,Emilia-Romagna,44.6472,11.3745
40017,San Giovanni In Persiceto,Emilia-Romagna,44.6384,11.1842
40017,Budrie,Emilia-Romagna,44.5909,11.1818
40017,Decima,Emilia-Romagna,44.7104,11.2298
40017,San Matteo Della Decima,Emilia-Romagna,44.6474,11.1906
40017,Amola Di Piano,Emilia-Romagna,44.65,11.1667
40018,San Pietro In Casale,Emilia-Romagna,44.7008,11.4049
40018,Maccaretolo,Emilia-Romagna,44.7183,11.4301
40019,Sant'Agata Bolognese,Emilia-Romagna,44.6602,11.1329
40020,Casalfiumanese,Emilia-Romagna,44.2969,11.624
40021,Borgo Tossignano,Emilia-Romagna,44.2823,11.5966
40021,Tossignano,Emilia-Romagna,44.2725,11.6043
40022,Castel Del Rio,Emilia-Romagna,44.2135,11.5041
40022,Moraduccio Di Valsalva,Emilia-Romagna,44.2378,11.4935
40022,Giugnola,Emilia-Romagna,44.2378,11.4935
40022,Moraduccio,Emilia-Romagna,44.2378,11.4935
40022,Sassoleone,Emilia-Romagna,44.2621,11.4829
40023,Castel Guelfo Di Bologna,Emilia-Romagna,44.4317,11.6759
40024,Osteria Grande,Emilia-Romagna,44.4284,11.5218
40024,Gaiana,Emilia-Romagna,44.455,11.5743
40024,Gallo,Emilia-Romagna,44.4176,11.5495
40024,Castel San Pietro Terme,Emilia-Romagna,44.3985,11.5855
40024,San Martino In Pedriolo,Emilia-Romagna,44.3529,11.5604
40025,Fontanelice,Emilia-Romagna,44.2593,11.5585
40025,Carseggio,Emilia-Romagna,44.2333,11.5167
40026,Ponticelli,Emilia-Romagna,44.3208,11.653
40026,Piratello,Emilia-Romagna,44.37,11.6705
40026,San Prospero,Emilia-Romagna,44.3645,11.7755
40026,Imola,Emilia-Romagna,44.3592,11.7132
40026,Sasso Morelli,Emilia-Romagna,44.4162,11.7379
40026,Spazzate Sassatelli,Emilia-Romagna,44.5258,11.7808
40026,Sesto Imolese,Emilia-Romagna,44.4595,11.7292
40027,Bubano,Emilia-Romagna,44.4134,11.7823
40027,Mordano,Emilia-Romagna,44.397,11.8076
40030,Suviana,Emilia-Romagna,44.1381,11.0365
40030,Berzantina,Emilia-Romagna,44.1579,10.9808
40030,Grizzana Morandi,Emilia-Romagna,44.2582,11.1529
40030,Castel Di Casio,Emilia-Romagna,44.1628,11.0351
40030,Piano Di Setta,Emilia-Romagna,44.1987,11.0733
40030,Pian Di Casale,Emilia-Romagna,44.1871,11.0117
40030,Piandisetta,Emilia-Romagna,44.2565,11.1816
40030,Badi,Emilia-Romagna,44.1198,11.0257
40030,Pioppe Di Salvaro,Emilia-Romagna,44.3095,11.1621
40032,Ponte Di Verzuno,Emilia-Romagna,44.2007,11.0556
40032,Camugnano,Emilia-Romagna,44.1711,11.0883
40032,Bargi,Emilia-Romagna,44.1253,11.0613
40033,Casalecchio Di Reno,Emilia-Romagna,44.4756,11.2749
40033,Cantagallo,Emilia-Romagna,44.4756,11.2749
40033,Ceretolo,Emilia-Romagna,44.4756,11.2749
40034,Rocca Di Roffeno,Emilia-Romagna,44.2939,11.0329
40034,Santa Maria Di Labante,Emilia-Romagna,44.2888,11.0055
40034,Villa D'Aiano,Emilia-Romagna,44.2949,10.9827
40034,Castel D'Aiano,Emilia-Romagna,44.2775,11.001
40035,Creda,Emilia-Romagna,44.1921,11.1722
40035,Lagaro,Emilia-Romagna,44.2176,11.1789
40035,Castiglione Dei Pepoli,Emilia-Romagna,44.1428,11.1603
40035,Baragazza,Emilia-Romagna,44.1282,11.2012
40036,Monzuno,Emilia-Romagna,44.2782,11.2668
40036,Rioveggio,Emilia-Romagna,44.274,11.1989
40036,Vado,Emilia-Romagna,44.3169,11.2585
40037,Pontecchio Marconi,Emilia-Romagna,44.4333,11.2667
40037,Sasso Marconi,Emilia-Romagna,44.4006,11.2518
40037,Fontana,Emilia-Romagna,44.3843,11.2377
40037,Borgonuovo,Emilia-Romagna,44.4356,11.2707
40038,Vergato,Emilia-Romagna,44.2823,11.1095
40038,Riola,Emilia-Romagna,44.2304,11.0571
40038,Susano,Emilia-Romagna,44.2984,11.0881
40038,Tole',Emilia-Romagna,44.3297,11.0601
40038,Cereglio,Emilia-Romagna,44.3061,11.0689
40041,Santa Maria Villiana,Emilia-Romagna,44.2439,11.0038
40041,Marano,Emilia-Romagna,44.2269,11.0357
40041,Bombiana,Emilia-Romagna,44.2142,10.9745
40041,Silla,Emilia-Romagna,44.1833,10.9744
40041,Gaggio Montano,Emilia-Romagna,44.1958,10.9352
40042,Farneto Di Lizzano,Emilia-Romagna,44.1666,10.8809
40042,Pianaccio,Emilia-Romagna,44.1359,10.8744
40042,Vidiciatico,Emilia-Romagna,44.17,10.8756
40042,Monteacuto Delle Alpi,Emilia-Romagna,44.137,10.8897
40042,Rocca Corneta,Emilia-Romagna,44.2016,10.8651
40042,Querciola,Emilia-Romagna,44.1938,10.8867
40042,Lizzano In Belvedere,Emilia-Romagna,44.1613,10.8941
40043,Marzabotto,Emilia-Romagna,44.343,11.2059
40043,Lama Di Setta,Emilia-Romagna,44.3419,11.27
40043,Lama Di Reno,Emilia-Romagna,44.3667,11.2167
40043,Pian Di Venola,Emilia-Romagna,44.3331,11.1879
40046,Borgo Capanne,Emilia-Romagna,44.133,10.974
40046,Ponte Della Venturina,Emilia-Romagna,44.1304,10.9911
40046,Castelluccio,Emilia-Romagna,44.1518,10.9274
40046,Molino Del Pallone,Emilia-Romagna,44.1003,10.9614
40046,Granaglione,Emilia-Romagna,44.1166,10.9609
40046,Porretta Terme,Emilia-Romagna,44.1633,10.9743
40046,Casa Forlai,Emilia-Romagna,44.1231,10.9573
40046,Vizzero,Emilia-Romagna,44.0663,10.9118
40046,Casa Calistri,Emilia-Romagna,44.1231,10.9573
40046,Capugnano,Emilia-Romagna,44.1231,10.9573
40048,Piano Del Voglio,Emilia-Romagna,44.1676,11.215
40048,San Benedetto Val Di Sambro,Emilia-Romagna,44.2141,11.2357
40048,Madonna Dei Fornelli,Emilia-Romagna,44.2022,11.2602
40048,Castel Dell'Alpi,Emilia-Romagna,44.1837,11.2777
40050,Calderino,Emilia-Romagna,44.4577,11.1993
40050,Savazza,Emilia-Romagna,44.3016,11.3982
40050,Pizzano,Emilia-Romagna,44.355,11.415
40050,Castello Di Serravalle,Emilia-Romagna,44.4379,11.0317
40050,Argelato,Emilia-Romagna,44.6401,11.3436
40050,Monteveglio,Emilia-Romagna,44.4686,11.091
40050,Centergross,Emilia-Romagna,44.4657,11.2815
40050,Bisano,Emilia-Romagna,44.4657,11.2815
40050,Loiano,Emilia-Romagna,44.2681,11.3284
40050,Castello D'Argile,Emilia-Romagna,44.678,11.2971
40050,Monte San Giovanni,Emilia-Romagna,44.4201,11.1717
40050,Castelletto,Emilia-Romagna,44.4402,11.0648
40050,Funo,Emilia-Romagna,44.4657,11.2815
40050,Gavignano,Emilia-Romagna,44.4657,11.2815
40050,Rignano Bolognese,Emilia-Romagna,44.4657,11.2815
40050,San Benedetto Del Querceto,Emilia-Romagna,44.4657,11.2815
40050,Casadio,Emilia-Romagna,44.6173,11.3313
40050,Monterenzio,Emilia-Romagna,44.3263,11.4045
40050,Monte San Pietro,Emilia-Romagna,44.4387,11.134
40050,Venezzano,Emilia-Romagna,44.6833,11.3333
40050,San Martino,Emilia-Romagna,44.4523,11.6782
40051,Casoni,Emilia-Romagna,44.629,11.4615
40051,Pegola,Emilia-Romagna,44.6907,11.5003
40051,Altedo,Emilia-Romagna,44.6706,11.4902
40051,Malalbergo,Emilia-Romagna,44.7187,11.5322
40052,San Gabriele,Emilia-Romagna,44.6667,11.5833
40052,Baricella,Emilia-Romagna,44.6482,11.538
40052,Mondonuovo,Emilia-Romagna,44.6667,11.5833
40052,Boschi,Emilia-Romagna,44.6916,11.5572
40053,Bazzano,Emilia-Romagna,44.5018,11.0868
40053,Valsamoggia,Emilia-Romagna,44.5018,11.0868
40054,Vedrana,Emilia-Romagna,44.5565,11.5731
40054,Budrio,Emilia-Romagna,44.5374,11.5344
40054,Bagnarola,Emilia-Romagna,44.5539,11.4958
40054,Riccardina,Emilia-Romagna,44.5528,11.5239
40054,Mezzolara,Emilia-Romagna,44.5892,11.5649
40055,Fiesso,Emilia-Romagna,44.5114,11.4829
40055,Castenaso,Emilia-Romagna,44.514,11.4684
40055,Villanova,Emilia-Romagna,44.4999,11.4311
40056,Pragatto,Emilia-Romagna,44.5228,11.125
40056,Calcara,Emilia-Romagna,44.547,11.1337
40056,Muffa,Emilia-Romagna,44.5094,11.1092
40056,Crespellano,Emilia-Romagna,44.512,11.1322
40057,Lovoleto,Emilia-Romagna,44.5867,11.4268
40057,Quarto Inferiore,Emilia-Romagna,44.5309,11.4168
40057,Fabbreria Di Cadriana,Emilia-Romagna,44.5588,11.4218
40057,Granarolo Dell'Emilia,Emilia-Romagna,44.5588,11.4218
40059,Villa Fontana,Emilia-Romagna,44.4946,11.6088
40059,Sant'Antonio,Emilia-Romagna,44.5667,11.7167
40059,Ganzanigo,Emilia-Romagna,44.4791,11.656
40059,Buda,Emilia-Romagna,44.4787,11.6381
40059,Portonovo,Emilia-Romagna,44.5319,11.7529
40059,Medicina,Emilia-Romagna,44.4787,11.6381
40060,Vedegheto,Emilia-Romagna,44.3422,11.1124
40060,Toscanella,Emilia-Romagna,44.3825,11.6397
40060,Dozza,Emilia-Romagna,44.3619,11.6355
40060,Savigno,Emilia-Romagna,44.3919,11.0748
40060,Gallo Bolognese,Emilia-Romagna,44.3696,11.3656
40061,Minerbio,Emilia-Romagna,44.6181,11.4726
40061,Ca' De' Fabbri,Emilia-Romagna,44.6196,11.455
40062,Selva,Emilia-Romagna,44.5565,11.6285
40062,Molinella,Emilia-Romagna,44.6176,11.6672
40062,San Pietro Capofiume,Emilia-Romagna,44.6504,11.648
40062,Selva Malvezzi,Emilia-Romagna,44.6063,11.6533
40062,San Martino In Argine,Emilia-Romagna,44.5888,11.6065
40062,Marmorta,Emilia-Romagna,44.6184,11.7162
40063,Monghidoro,Emilia-Romagna,44.2233,11.3233
40064,Ozzano Dell'Emilia,Emilia-Romagna,44.4443,11.4755
40064,Mercatale,Emilia-Romagna,44.3916,11.4302
40065,Livergnano,Emilia-Romagna,44.3246,11.333
40065,Pianoro,Emilia-Romagna,44.3889,11.3426
40065,Pianoro Vecchio,Emilia-Romagna,44.3567,11.3378
40066,Pieve Di Cento,Emilia-Romagna,44.7129,11.3092
40067,Rastignano,Emilia-Romagna,44.4362,11.3569
40068,Martiri Di Pizzocalvo,Emilia-Romagna,44.4499,11.398
40068,Castel Dei Britti,Emilia-Romagna,44.4257,11.4335
40068,Pulce,Emilia-Romagna,44.4491,11.4115
40068,San Lazzaro Di Savena,Emilia-Romagna,44.4705,11.4085
40068,Ponticella,Emilia-Romagna,44.4545,11.3785
40068,San Lazzaro,Emilia-Romagna,44.4705,11.4085
40068,Farneto,Emilia-Romagna,44.4368,11.4064
40069,Riale,Emilia-Romagna,44.4833,11.2333
40069,Zola Predosa,Emilia-Romagna,44.4897,11.2183
40069,Zola,Emilia-Romagna,44.4897,11.2183
40069,Ponte Ronca,Emilia-Romagna,44.5017,11.1897
40100,Bologna,Emilia-Romagna,44.4938,11.3387
40121,Bologna,Emilia-Romagna,44.4938,11.3387
40122,Bologna,Emilia-Romagna,44.4938,11.3387
40123,Bologna,Emilia-Romagna,44.4938,11.3387
40124,Bologna,Emilia-Romagna,44.4938,11.3387
40125,Bologna,Emilia-Romagna,44.4938,11.3387
40126,Bologna,Emilia-Romagna,44.4938,11.3387
40127,Bologna,Emilia-Romagna,44.4938,11.3387
40127,San Donnino,Emilia-Romagna,44.4308,11.3476
40128,Corticella,Emilia-Romagna,44.5489,11.3552
40128,Bologna,Emilia-Romagna,44.4938,11.3387
40129,Bologna,Emilia-Romagna,44.4938,11.3387
40131,Bertalia,Emilia-Romagna,44.4938,11.3387
40131,Bologna,Emilia-Romagna,44.4938,11.3387
40132,Bologna,Emilia-Romagna,44.4938,11.3387
40132,Borgo Panigale,Emilia-Romagna,44.5167,11.2667
40133,Bologna,Emilia-Romagna,44.4938,11.3387
40134,Bologna,Emilia-Romagna,44.4938,11.3387
40135,Bologna,Emilia-Romagna,44.4938,11.3387
40135,Casaglia,Emilia-Romagna,44.4308,11.3476
40136,Gaibola,Emilia-Romagna,44.471,11.3274
40136,Roncrio,Emilia-Romagna,44.471,11.3274
40136,Bologna,Emilia-Romagna,44.4938,11.3387
40136,Paderno,Emilia-Romagna,44.4481,11.316
40137,Bologna,Emilia-Romagna,44.4938,11.3387
40138,Roveri,Emilia-Romagna,44.4308,11.3476
40138,Bologna,Emilia-Romagna,44.4938,11.3387
40139,Bologna,Emilia-Romagna,44.4938,11.3387
40141,Monte Donato,Emilia-Romagna,44.4719,11.3527
40141,San Ruffillo,Emilia-Romagna,44.45,11.3667
40141,Bologna,Emilia-Romagna,44.4938,11.3387
47010,Portico Di Romagna,Emilia-Romagna,44.0266,11.7813
47010,San Benedetto In Alpe,Emilia-Romagna,43.9831,11.6877
47010,Portico E San Benedetto,Emilia-Romagna,44.0265,11.7815
47010,Galeata,Emilia-Romagna,43.9961,11.9106
47010,Strada San Zeno,Emilia-Romagna,44.0206,11.8814
47010,Bocconi,Emilia-Romagna,44.0086,11.7446
47010,Premilcuore,Emilia-Romagna,43.9808,11.7819
47011,Pieve Salutare,Emilia-Romagna,44.1501,11.926
47011,Castrocaro Terme E Terra Del Sole,Emilia-Romagna,44.1868,11.9607
47011,Terra Del Sole,Emilia-Romagna,44.1684,11.9434
47012,Voltre,Emilia-Romagna,44.0327,12.0381
47012,Nespoli,Emilia-Romagna,44.0261,11.9784
47012,Civitella Di Romagna,Emilia-Romagna,44.0078,11.944
47012,Cusercoli,Emilia-Romagna,44.0451,12.0074
47013,San Ruffillo,Emilia-Romagna,44.0369,12.0375
47013,Dovadola,Emilia-Romagna,44.1221,11.8871
47014,Rico',Emilia-Romagna,44.076,12.0344
47014,Vitignano,Emilia-Romagna,44.1263,12.0204
47014,Teodorano,Emilia-Romagna,44.085,12.1072
47014,Meldola,Emilia-Romagna,44.1278,12.0626
47014,San Colombano,Emilia-Romagna,44.0982,12.0494
47014,San Colombano Di Meldola,Emilia-Romagna,44.0982,12.0494
47014,Para,Emilia-Romagna,44.146,12.0683
47015,Santa Reparata,Emilia-Romagna,44.1595,11.7929
47015,Modigliana,Emilia-Romagna,44.1595,11.7929
47016,Rocca Delle Caminate,Emilia-Romagna,44.101,11.9688
47016,Tontola,Emilia-Romagna,44.0574,11.9427
47016,Predappio,Emilia-Romagna,44.1032,11.9841
47016,Predappio Alta,Emilia-Romagna,44.1002,11.9612
47016,Fiumana,Emilia-Romagna,44.1433,11.9872
47017,Rocca San Casciano,Emilia-Romagna,44.0587,11.8427
47017,Calbola,Emilia-Romagna,44.0587,11.8427
47018,Biserno,Emilia-Romagna,43.9021,11.8444
47018,Corniolo,Emilia-Romagna,43.9073,11.7945
47018,Santa Sofia,Emilia-Romagna,43.9472,11.9087
47019,Tredozio,Emilia-Romagna,44.0796,11.7414
47020,Oriola,Emilia-Romagna,44.0745,12.3189
47020,Montiano,Emilia-Romagna,44.0823,12.3046
47020,Budrio,Emilia-Romagna,44.0992,12.3403
47020,Longiano,Emilia-Romagna,44.0745,12.3297
47020,Roncofreddo,Emilia-Romagna,44.0422,12.3008
47021,Vessa,Emilia-Romagna,43.8928,12.0254
47021,San Piero In Bagno,Emilia-Romagna,43.8579,11.9772
47021,Bagno Di Romagna,Emilia-Romagna,43.8355,11.9602
47021,Monte Guidi,Emilia-Romagna,43.8656,12.0011
47021,Selvapiana,Emilia-Romagna,43.8761,12.0417
47023,Pievesestina,Emilia-Romagna,44.1248,12.2363
47023,Macerone,Emilia-Romagna,44.1563,12.3302
47023,San Mauro In Valle,Emilia-Romagna,44.1248,12.2363
47023,Sant'Egidio,Emilia-Romagna,44.1536,12.2703
47023,Saiano,Emilia-Romagna,44.093,12.2493
47023,Lizzano,Emilia-Romagna,44.1272,12.1769
47023,Cesuola,Emilia-Romagna,44.1112,12.2372
47023,Rio Marano,Emilia-Romagna,44.1211,12.2678
47023,Torre Del Moro,Emilia-Romagna,44.1248,12.2363
47023,Case Scuola Vecchia,Emilia-Romagna,44.1248,12.2363
47023,San Giorgio Di Cesena,Emilia-Romagna,44.1248,12.2363
47023,Ronta,Emilia-Romagna,44.1969,12.2511
47023,Madonna Dell Ulivo,Emilia-Romagna,44.1151,12.2778
47023,Calisese,Emilia-Romagna,44.1017,12.3012
47023,San Vittore,Emilia-Romagna,44.1,12.2
47023,Martorano,Emilia-Romagna,44.1758,12.2889
47023,Gattolino,Emilia-Romagna,44.1697,12.2975
47023,Diegaro,Emilia-Romagna,44.1596,12.1913
47023,Borello,Emilia-Romagna,44.0585,12.1799
47023,San Carlo Di Cesena,Emilia-Romagna,44.0911,12.1931
47023,Celletta,Emilia-Romagna,44.1205,12.1874
47023,Roversano,Emilia-Romagna,44.088,12.2077
47023,Tessello,Emilia-Romagna,44.1019,12.1406
47023,Cesena,Emilia-Romagna,44.1391,12.2431
47023,Aie,Emilia-Romagna,44.1195,12.1962
47023,Settecrociari,Emilia-Romagna,44.1323,12.1858
47023,Bulgaria,Emilia-Romagna,44.1127,12.3259
47025,Mercato Saraceno,Emilia-Romagna,43.9627,12.1964
47025,Cella,Emilia-Romagna,44.0014,12.2009
47025,Linaro,Emilia-Romagna,43.9966,12.1085
47025,Monte Castello,Emilia-Romagna,43.9488,12.1847
47025,Piavola,Emilia-Romagna,44.0267,12.1392
47025,Ciola,Emilia-Romagna,43.9807,12.1403
47025,Bora Bassa,Emilia-Romagna,44.0464,12.1807
47025,Bacciolino,Emilia-Romagna,44.028,12.1928
47025,Tornano,Emilia-Romagna,43.9313,12.2413
47027,Pieve Di Rivoschio,Emilia-Romagna,44.0017,12.0681
47027,Ranchio,Emilia-Romagna,43.9697,12.0806
47027,Sarsina,Emilia-Romagna,43.9198,12.1426
47027,Quarto,Emilia-Romagna,43.8917,12.0867
47027,Sorbano,Emilia-Romagna,43.9247,12.1569
47027,Quarto Di Sarsina,Emilia-Romagna,43.9415,12.107
47028,Verghereto,Emilia-Romagna,43.7945,12.0052
47028,Balze,Emilia-Romagna,43.7774,12.0938
47028,Alfero,Emilia-Romagna,43.8473,12.0554
47030,San Giovanni In Galilea,Emilia-Romagna,43.9999,12.3503
47030,Savignano Di Rigo,Emilia-Romagna,43.9244,12.2219
47030,Montegelli,Emilia-Romagna,43.9791,12.2462
47030,Montepetra,Emilia-Romagna,43.9312,12.1925
47030,Rontagnano,Emilia-Romagna,43.9539,12.2294
47030,Borghi,Emilia-Romagna,44.0322,12.3562
47030,Lo Stradone,Emilia-Romagna,44.0323,12.3871
47030,San Mauro A Mare,Emilia-Romagna,44.1637,12.4463
47030,San Mauro Pascoli,Emilia-Romagna,44.1089,12.4195
47030,San Martino In Converseto,Emilia-Romagna,44.02,12.3292
47030,Sogliano Al Rubicone,Emilia-Romagna,44.005,12.3012
47032,Polenta,Emilia-Romagna,44.1174,12.1319
47032,Collinello,Emilia-Romagna,44.1163,12.1476
47032,Bertinoro,Emilia-Romagna,44.1487,12.1365
47032,Fratta Terme,Emilia-Romagna,44.1416,12.1021
47032,Capocolle,Emilia-Romagna,44.1646,12.177
47032,Santa Maria Nuova,Emilia-Romagna,44.2,12.1939
47032,Panighina,Emilia-Romagna,44.1716,12.1632
47032,Collinello Polenta,Emilia-Romagna,44.1515,12.1503
47034,Selbagnone,Emilia-Romagna,44.1741,12.1091
47034,Forlimpopoli,Emilia-Romagna,44.1911,12.1287
47035,Gambettola,Emilia-Romagna,44.1175,12.337
47039,Savignano Sul Rubicone,Emilia-Romagna,44.0901,12.3993
47039,Fiumicino Di Savignano,Emilia-Romagna,44.1214,12.4006
47042,Bagnarola,Emilia-Romagna,44.1623,12.3428
47042,Cesenatico,Emilia-Romagna,44.1999,12.3991
47042,Sala,Emilia-Romagna,44.1564,12.3834
47042,Villalta,Emilia-Romagna,44.1817,12.3742
47043,Gatteo A Mare,Emilia-Romagna,44.1707,12.4355
47043,Gatteo,Emilia-Romagna,44.1119,12.3914
47043,Sant'Angelo In Salute,Emilia-Romagna,44.1413,12.4134
47100,Vecchiazzano,Emilia-Romagna,44.2274,12.0381
47100,Carpena,Emilia-Romagna,44.1854,12.0643
47100,Villa Rovere,Emilia-Romagna,44.2274,12.0381
47100,Cava,Emilia-Romagna,44.2274,12.0381
47100,San Varano,Emilia-Romagna,44.2097,12.0153
47100,Carpinello,Emilia-Romagna,44.2392,12.1189
47100,San Lorenzo In Noceto,Emilia-Romagna,44.1613,12.0063
47100,Villanova,Emilia-Romagna,44.2474,11.9807
47100,Villafranca,Emilia-Romagna,44.2947,12.0167
47100,Pianta,Emilia-Romagna,44.2442,12.0539
47100,Ronco,Emilia-Romagna,44.2086,12.0644
47100,Barisano,Emilia-Romagna,44.2844,12.0784
47100,Rovere,Emilia-Romagna,44.2027,11.9771
47100,San Martino In Strada,Emilia-Romagna,44.1838,12.0357
47100,Roncadello,Emilia-Romagna,44.2668,12.0458
47121,Forlì,Emilia-Romagna,44.2218,12.0414
47122,Forlì,Emilia-Romagna,44.2218,12.0414
44011,Anita,Emilia-Romagna,44.566,12.0776
44011,Santa Maria Codifiume,Emilia-Romagna,44.6642,11.651
44011,Ospital Monacale,Emilia-Romagna,44.6667,11.7
44011,Campotto,Emilia-Romagna,44.5722,11.7922
44011,Boccaleone,Emilia-Romagna,44.6408,11.8039
44011,La Fiorana,Emilia-Romagna,44.6319,11.9049
44011,Argenta,Emilia-Romagna,44.614,11.8355
44011,Filo,Emilia-Romagna,44.5865,11.9282
44011,Traghetto,Emilia-Romagna,44.6419,11.6883
44011,Consandolo,Emilia-Romagna,44.6561,11.7752
44011,San Biagio,Emilia-Romagna,44.5869,11.8692
44011,Longastrino,Emilia-Romagna,44.5885,12.0098
44011,Bando,Emilia-Romagna,44.6333,11.9
44011,San Nicolo',Emilia-Romagna,44.708,11.7097
44012,Gavello,Emilia-Romagna,44.9137,11.2974
44012,Ospitale,Emilia-Romagna,44.9,11.4333
44012,Pilastri,Emilia-Romagna,44.9467,11.2883
44012,Burana,Emilia-Romagna,44.9141,11.3525
44012,Stellata,Emilia-Romagna,44.9457,11.4208
44012,Scortichino,Emilia-Romagna,44.8833,11.3333
44012,Bondeno,Emilia-Romagna,44.8894,11.4154
44014,Madonna Boschi,Emilia-Romagna,44.5575,12.0682
44015,Runco,Emilia-Romagna,44.7395,11.7735
44015,Portoverrara,Emilia-Romagna,44.693,11.8346
44015,Portomaggiore,Emilia-Romagna,44.6976,11.8076
44015,Maiero,Emilia-Romagna,44.7239,11.8298
44015,Ripapersico,Emilia-Romagna,44.6876,11.7854
44015,Gambulaga,Emilia-Romagna,44.7441,11.7906
44019,Voghiera,Emilia-Romagna,44.7556,11.7518
44019,Voghenza,Emilia-Romagna,44.7686,11.7494
44019,Montesanto,Emilia-Romagna,44.7296,11.7268
44020,Medelana,Emilia-Romagna,44.7744,11.8727
44020,Dogato,Emilia-Romagna,44.749,11.8888
44020,San Giovanni,Emilia-Romagna,44.7269,12.0493
44020,San Giuseppe Di Comacchio,Emilia-Romagna,44.722,12.2171
44020,Ostellato,Emilia-Romagna,44.7456,11.9428
44020,Masi San Giacomo,Emilia-Romagna,44.7748,11.7938
44020,Goro,Emilia-Romagna,44.8515,12.2965
44020,Gorino,Emilia-Romagna,44.8229,12.3477
44020,San Giovanni Di Ostellato,Emilia-Romagna,44.7269,12.0493
44020,Rovereto Ferrarese,Emilia-Romagna,44.7738,12.0552
44020,Masi Torello,Emilia-Romagna,44.7946,11.8018
44020,Gorino Di Goro,Emilia-Romagna,44.8229,12.3477
44021,Pontemaodino,Emilia-Romagna,44.8333,12.15
44021,Pontelangorino,Emilia-Romagna,44.8609,12.1486
44021,Pomposa,Emilia-Romagna,44.8504,12.172
44021,Codigoro,Emilia-Romagna,44.8309,12.1107
44021,Mezzogoro,Emilia-Romagna,44.9026,12.0993
44022,Comacchio,Emilia-Romagna,44.6948,12.1819
44022,Volania,Emilia-Romagna,44.7262,12.1338
44022,Vaccolino,Emilia-Romagna,44.8023,12.1786
44022,San Giuseppe,Emilia-Romagna,44.722,12.2171
44023,Lagosanto,Emilia-Romagna,44.7628,12.1401
44023,Marozzo,Emilia-Romagna,44.7838,12.1237
44026,Monticelli,Emilia-Romagna,44.9148,12.1857
44026,Mesola,Emilia-Romagna,44.9183,12.2312
44026,Bosco Mesola,Emilia-Romagna,44.8764,12.2314
44026,Massenzatica,Emilia-Romagna,44.9256,12.1725
44026,Bosco,Emilia-Romagna,44.8764,12.2314
44026,Ariano,Emilia-Romagna,44.9415,12.1155
44026,Ariano Ferrarese,Emilia-Romagna,44.9415,12.1155
44027,Migliarino,Emilia-Romagna,44.7699,11.933
44027,Massa Fiscaglia,Emilia-Romagna,44.8098,12.0075
44027,Migliaro,Emilia-Romagna,44.7992,11.9744
44027,Fiscaglia,Emilia-Romagna,44.793,11.9716
44028,Chiesa Nuova,Emilia-Romagna,44.7764,11.4256
44028,Poggio Renatico,Emilia-Romagna,44.7658,11.487
44028,Coronella,Emilia-Romagna,44.8023,11.5232
44028,Gallo,Emilia-Romagna,44.7314,11.5528
44029,Lido Degli Estensi,Emilia-Romagna,44.6664,12.25
44029,Porto Garibaldi,Emilia-Romagna,44.6812,12.2368
44029,Lido Di Spina,Emilia-Romagna,44.6489,12.2492
44030,Guarda,Emilia-Romagna,44.969,11.8017
44030,Guarda Ferrarese,Emilia-Romagna,44.9482,11.7823
44030,Ruina,Emilia-Romagna,44.9125,11.7401
44030,Alberone Di Guarda,Emilia-Romagna,44.9482,11.7823
44030,Alberone Di Ro,Emilia-Romagna,44.9645,11.8272
44033,Serravalle,Emilia-Romagna,44.9653,12.0466
44033,Cologna,Emilia-Romagna,44.9689,11.8955
44033,Berra,Emilia-Romagna,44.9766,11.9773
44033,Ro,Emilia-Romagna,44.9469,11.7601
44034,Tamara,Emilia-Romagna,44.8815,11.7724
44034,Sabbioncello San Pietro,Emilia-Romagna,44.8444,11.8141
44034,Gradizza,Emilia-Romagna,44.8716,11.8347
44034,Zenzalino,Emilia-Romagna,44.8833,11.8257
44034,Fossalta,Emilia-Romagna,44.8517,11.7667
44034,Sabbioncello San Vittore,Emilia-Romagna,44.8387,11.8269
44034,Ambrogio,Emilia-Romagna,44.9117,11.9119
44034,Cesta,Emilia-Romagna,44.9167,11.8667
44034,Copparo,Emilia-Romagna,44.8926,11.8229
44034,Coccanile,Emilia-Romagna,44.9239,11.8739
44034,Saletta,Emilia-Romagna,44.9,11.7667
44035,Brazzolo,Emilia-Romagna,44.8633,11.8902
44037,Jolanda Di Savoia,Emilia-Romagna,44.8832,11.9791
44039,Formignana,Emilia-Romagna,44.8423,11.8593
44039,Tresigallo,Emilia-Romagna,44.816,11.8947
44039,Rero,Emilia-Romagna,44.816,11.8947
44039,Final Di Rero,Emilia-Romagna,44.816,11.8947
44041,Casumaro,Emilia-Romagna,44.8169,11.3347
44041,Buonacompra,Emilia-Romagna,44.8053,11.3392
44041,Reno Centese,Emilia-Romagna,44.8284,11.3301
44042,Corpo Reno,Emilia-Romagna,44.7559,11.3079
44042,Corpo Di Reno,Emilia-Romagna,44.7559,11.3079
44042,Cento,Emilia-Romagna,44.731,11.2872
44042,Penzale,Emilia-Romagna,44.7742,11.3045
44042,Alberone,Emilia-Romagna,44.814,11.3097
44042,Alberone Di Cento,Emilia-Romagna,44.814,11.3097
44043,Mirabello,Emilia-Romagna,44.823,11.4567
44045,Dodici Morelli,Emilia-Romagna,44.7923,11.2912
44045,Renazzo,Emilia-Romagna,44.7653,11.2861
44047,San Carlo,Emilia-Romagna,44.8036,11.41
44047,Dosso,Emilia-Romagna,44.7681,11.3394
44047,Sant'Agostino,Emilia-Romagna,44.7922,11.3852
44049,Vigarano Pieve,Emilia-Romagna,44.8613,11.5095
44049,Vigarano Mainarda,Emilia-Romagna,44.8408,11.4935
44121,Ferrara,Emilia-Romagna,44.838,11.6206
44122,Ferrara,Emilia-Romagna,44.838,11.6206
44123,Ferrara,Emilia-Romagna,44.838,11.6206
44124,Ferrara,Emilia-Romagna,44.838,11.6206
41011,Panzano,Emilia-Romagna,44.6203,11.04
41011,Campogalliano,Emilia-Romagna,44.6887,10.8471
41011,Saliceto Buzzalino,Emilia-Romagna,44.7005,10.864
41012,Carpi,Emilia-Romagna,44.7824,10.8777
41012,Budrione,Emilia-Romagna,44.816,10.8586
41012,Santa Croce,Emilia-Romagna,44.7948,10.8819
41012,Migliarina,Emilia-Romagna,44.8104,10.836
41012,San Marino,Emilia-Romagna,44.5367,10.8926
41012,Cortile,Emilia-Romagna,44.7959,10.9683
41012,San Martino Secchia,Emilia-Romagna,44.7948,10.8819
41012,Gargallo,Emilia-Romagna,44.7426,10.8611
41012,Fossoli,Emilia-Romagna,44.8216,10.8898
41013,Riolo,Emilia-Romagna,44.6139,11.0871
41013,Recovato,Emilia-Romagna,44.6384,11.0634
41013,Manzolino,Emilia-Romagna,44.5958,11.0998
41013,Piumazzo,Emilia-Romagna,44.5463,11.0673
41013,Castelfranco Emilia,Emilia-Romagna,44.5945,11.0498
41013,Cavazzona,Emilia-Romagna,44.5733,11.119
41013,Rastellino,Emilia-Romagna,44.6346,11.0969
41013,Gaggio Di Piano,Emilia-Romagna,44.5995,11.0833
41014,Levizzano Rangone,Emilia-Romagna,44.4855,10.9098
41014,Ca' Di Sola,Emilia-Romagna,44.5299,10.9545
41014,Castelvetro Di Modena,Emilia-Romagna,44.5042,10.9467
41014,Solignano Nuovo,Emilia-Romagna,44.5275,10.9263
41015,Bagazzano,Emilia-Romagna,44.6574,11.0229
41015,Campazzo,Emilia-Romagna,44.7011,11.036
41015,La Grande,Emilia-Romagna,44.7178,11.0633
41015,Via Larga,Emilia-Romagna,44.6725,11.069
41015,Nonantola,Emilia-Romagna,44.6779,11.0379
41015,Redu',Emilia-Romagna,44.6549,11.0696
41016,Novi Di Modena,Emilia-Romagna,44.8897,10.9003
41016,Sant'Antonio In Mercadello,Emilia-Romagna,44.8642,10.9499
41016,Rovereto Sulla Secchia,Emilia-Romagna,44.877,10.9251
41017,Stuffione,Emilia-Romagna,44.7534,11.1189
41017,Ravarino,Emilia-Romagna,44.7248,11.0959
41018,San Cesario Sul Panaro,Emilia-Romagna,44.5635,11.0351
41019,Appalto,Emilia-Romagna,44.7211,10.9059
41019,Sozzigalli,Emilia-Romagna,44.7491,10.9741
41019,Limidi,Emilia-Romagna,44.7643,10.92
41019,Soliera,Emilia-Romagna,44.7339,10.9218
41020,Castello,Emilia-Romagna,44.321,10.7108
41020,Serpiano,Emilia-Romagna,44.2543,10.6325
41020,Castellino,Emilia-Romagna,44.2496,10.6503
41020,Riolunato,Emilia-Romagna,44.231,10.6531
41020,Castellino Brocco,Emilia-Romagna,44.2583,10.6578
41020,Groppo,Emilia-Romagna,44.2354,10.6425
41021,Canevare,Emilia-Romagna,44.2005,10.7614
41021,Fanano,Emilia-Romagna,44.2125,10.7966
41021,Fellicarolo,Emilia-Romagna,44.1884,10.7577
41021,Trignano,Emilia-Romagna,44.5367,10.8926
41021,Trignano Nel Frignano,Emilia-Romagna,44.1918,10.7764
41021,Serrazzone,Emilia-Romagna,44.1918,10.7764
41021,Trentino Nel Frignano,Emilia-Romagna,44.1918,10.7764
41021,Ospitale,Emilia-Romagna,44.1659,10.7901
41021,Ospitale Nel Frignano,Emilia-Romagna,44.1918,10.7764
41021,Lotta,Emilia-Romagna,44.1918,10.7764
41022,Dogana Nuova,Emilia-Romagna,44.1689,10.6469
41022,Fiumalbo,Emilia-Romagna,44.1793,10.6472
41022,Faidello,Emilia-Romagna,44.1584,10.6465
41023,Mocogno,Emilia-Romagna,44.3105,10.7138
41023,Vaglio,Emilia-Romagna,44.293,10.725
41023,Montecenere,Emilia-Romagna,44.3116,10.7706
41023,Sassostorno,Emilia-Romagna,44.2669,10.6976
41023,Cadignano,Emilia-Romagna,44.3283,10.7174
41023,Pianorso,Emilia-Romagna,44.3427,10.7027
41023,Barigazzo,Emilia-Romagna,44.2648,10.6529
41023,La Santona,Emilia-Romagna,44.2717,10.6704
41023,Lama,Emilia-Romagna,44.3073,10.7306
41023,Lama Mocogno,Emilia-Romagna,44.2996,10.709
41025,Montecreto,Emilia-Romagna,44.246,10.7176
41025,Acquaria,Emilia-Romagna,44.2788,10.7638
41026,Pavullo Nel Frignano,Emilia-Romagna,44.3335,10.8354
41026,Castagneto,Emilia-Romagna,44.3438,10.8911
41026,Montecuccolo,Emilia-Romagna,44.3125,10.8153
41026,Verica,Emilia-Romagna,44.3265,10.9027
41026,Benedello,Emilia-Romagna,44.3667,10.8667
41026,Miceno,Emilia-Romagna,44.332,10.8311
41026,Iddiano,Emilia-Romagna,44.332,10.8311
41026,Crocette,Emilia-Romagna,44.332,10.8311
41026,Renno,Emilia-Romagna,44.3021,10.8074
41026,Sasso Guidano,Emilia-Romagna,44.332,10.8311
41026,Montorso,Emilia-Romagna,44.332,10.8311
41026,Gaiato,Emilia-Romagna,44.2833,10.8667
41026,Coscogno,Emilia-Romagna,44.3833,10.8667
41026,Montebonello,Emilia-Romagna,44.3739,10.8002
41026,Frassineti,Emilia-Romagna,44.3483,10.7775
41026,Niviano,Emilia-Romagna,44.3161,10.8668
41026,Camatta,Emilia-Romagna,44.3098,10.7949
41026,Gaianello,Emilia-Romagna,44.315,10.8011
41026,Olina,Emilia-Romagna,44.3046,10.7813
41026,Sant'Antonio,Emilia-Romagna,44.3659,10.8365
41026,Monzone,Emilia-Romagna,44.3272,10.788
41027,Roccapelago,Emilia-Romagna,44.2038,10.5899
41027,Sant'Andrea Pelago,Emilia-Romagna,44.2149,10.6114
41027,Tagliole,Emilia-Romagna,44.1662,10.6005
41027,Sant'Anna Pelago,Emilia-Romagna,44.1974,10.6046
41027,Pievepelago,Emilia-Romagna,44.2048,10.6166
41028,San Dalmazio Nel Frignano,Emilia-Romagna,44.4339,10.7994
41028,Ligorzano,Emilia-Romagna,44.4339,10.7994
41028,Varana,Emilia-Romagna,44.4515,10.7632
41028,San Dalmazio,Emilia-Romagna,44.4167,10.85
41028,Pompeano,Emilia-Romagna,44.3996,10.7598
41028,Rocca Santa Maria,Emilia-Romagna,44.4825,10.8037
41028,Pazzano,Emilia-Romagna,44.4339,10.7994
41028,Selva Nel Frignano,Emilia-Romagna,44.4339,10.7994
41028,Ricco' Nel Frignano,Emilia-Romagna,44.4339,10.7994
41028,Monfestino,Emilia-Romagna,44.4274,10.7906
41028,Ricco',Emilia-Romagna,44.4333,10.85
41028,Faeto,Emilia-Romagna,44.4275,10.7648
41028,Serramazzoni,Emilia-Romagna,44.4274,10.7906
41028,Selva,Emilia-Romagna,44.3964,10.793
41028,Valle,Emilia-Romagna,44.4333,10.8
41028,Montagnana,Emilia-Romagna,44.4778,10.8273
41029,Roncoscaglia,Emilia-Romagna,44.2411,10.7456
41029,Casine,Emilia-Romagna,44.3182,10.7651
41029,Castellaro,Emilia-Romagna,44.2589,10.7769
41029,Rocchetta Sandri,Emilia-Romagna,44.2502,10.84
41029,Castellaro Nel Frignano,Emilia-Romagna,44.2591,10.7821
41029,Sestola,Emilia-Romagna,44.2299,10.7735
41029,Vesale,Emilia-Romagna,44.2564,10.7914
41030,Staggia,Emilia-Romagna,44.803,11.0532
41030,Solara,Emilia-Romagna,44.7716,11.0929
41030,San Prospero,Emilia-Romagna,44.7897,11.0221
41030,Gorghetto,Emilia-Romagna,44.7705,11.0722
41030,Bomporto,Emilia-Romagna,44.7339,11.0367
41030,Bastiglia,Emilia-Romagna,44.9161,11.0979
41030,San Lorenzo Della Pioppa,Emilia-Romagna,44.7606,11.0038
41030,Staggia Modenese,Emilia-Romagna,44.787,11.0385
41030,San Pietro In Elda,Emilia-Romagna,44.787,11.0385
41030,Sorbara,Emilia-Romagna,44.7481,11.0073
41030,San Lorenzo Pioppa,Emilia-Romagna,44.7606,11.0038
41030,San Martino,Emilia-Romagna,44.8085,11.0136
41030,San Martino Di San Prospero,Emilia-Romagna,44.8085,11.0136
41030,San Pietro,Emilia-Romagna,44.7726,11.0448
41031,Camposanto,Emilia-Romagna,44.7901,11.1405
41032,Cavezzo,Emilia-Romagna,44.835,11.0289
41032,Motta Sulla Secchia,Emilia-Romagna,44.8286,11.0079
41032,Motta,Emilia-Romagna,44.8254,10.9974
41032,Villa Motta,Emilia-Romagna,44.8254,10.9974
41033,Vallalta,Emilia-Romagna,44.9432,11.0071
41033,Concordia Sulla Secchia,Emilia-Romagna,44.9126,10.988
41033,Fossa Di Concordia,Emilia-Romagna,44.923,11.0236
41033,Fossa,Emilia-Romagna,44.923,11.0236
41033,San Giovanni,Emilia-Romagna,44.85,10.8667
41033,Santa Caterina,Emilia-Romagna,44.9265,10.9816
41034,Finale Emilia,Emilia-Romagna,44.8337,11.2938
41034,Reno Finalese,Emilia-Romagna,44.8334,11.3212
41035,Massa Finalese,Emilia-Romagna,44.8524,11.2143
41036,Camurana,Emilia-Romagna,44.8621,11.0771
41036,Medolla,Emilia-Romagna,44.8467,11.0676
41036,Villafranca,Emilia-Romagna,44.8343,11.0604
41036,Villafranca Di Medolla,Emilia-Romagna,44.8477,11.0683
41037,San Martino Spino,Emilia-Romagna,44.9333,11.2333
41037,Cividale,Emilia-Romagna,44.5367,10.8926
41037,Gavello,Emilia-Romagna,44.9256,11.1804
41037,Quarantoli,Emilia-Romagna,44.9195,11.1032
41037,Mortizzuolo,Emilia-Romagna,44.9042,11.1157
41037,Tramuschio,Emilia-Romagna,44.9589,11.0864
41037,Ponte San Pellegrino,Emilia-Romagna,44.8667,11.15
41037,Mirandola,Emilia-Romagna,44.8852,11.069
41037,San Martino Carano,Emilia-Romagna,44.8869,11.0428
41037,San Giacomo Roncole,Emilia-Romagna,44.8572,11.0601
41038,Rivara,Emilia-Romagna,44.8406,11.1695
41038,San Biagio In Padule,Emilia-Romagna,44.8419,11.1591
41038,Confine,Emilia-Romagna,44.8419,11.1591
41038,Pavignane,Emilia-Romagna,44.8622,11.177
41038,San Biagio,Emilia-Romagna,44.8612,11.1221
41038,San Felice Sul Panaro,Emilia-Romagna,44.8367,11.1379
41038,Dogaro,Emilia-Romagna,44.8089,11.1892
41039,San Possidonio,Emilia-Romagna,44.874,10.9809
41040,Ponte Gombola,Emilia-Romagna,44.3863,10.7259
41040,San Martino Vallata,Emilia-Romagna,44.3787,10.7164
41040,Gombola,Emilia-Romagna,44.3863,10.7259
41040,Polinago,Emilia-Romagna,44.345,10.726
41040,Cassano,Emilia-Romagna,44.3971,10.688
41042,Fiorano Modenese,Emilia-Romagna,44.5389,10.8117
41042,Ubersetto,Emilia-Romagna,44.5509,10.8569
41042,Spezzano,Emilia-Romagna,44.5449,10.8343
41043,Casinalbo,Emilia-Romagna,44.6,10.85
41043,Corlo Di Formigine,Emilia-Romagna,44.5833,10.8333
41043,Colombaro,Emilia-Romagna,44.5515,10.8963
41043,Magreta,Emilia-Romagna,44.6,10.8
41043,Colombaro Di Formigine,Emilia-Romagna,44.5515,10.8963
41043,Formigine,Emilia-Romagna,44.5727,10.8474
41044,Riccovolto,Emilia-Romagna,44.258,10.5509
41044,Piandelagotti,Emilia-Romagna,44.2262,10.5172
41044,Rovolo,Emilia-Romagna,44.2928,10.5206
41044,Romanoro,Emilia-Romagna,44.3112,10.5241
41044,Frassinoro,Emilia-Romagna,44.2945,10.5712
41044,Sassatella,Emilia-Romagna,44.2985,10.595
41044,Fontanaluccia,Emilia-Romagna,44.2669,10.5067
41044,Cargedolo,Emilia-Romagna,44.2732,10.5696
41044,Madonna Di Pietravolta,Emilia-Romagna,44.2579,10.5313
41045,Lago,Emilia-Romagna,44.3188,10.6181
41045,Vitriola,Emilia-Romagna,44.3562,10.6315
41045,Montefiorino,Emilia-Romagna,44.3538,10.6237
41045,Macognano,Emilia-Romagna,44.3547,10.5444
41045,Gusciola,Emilia-Romagna,44.3493,10.5872
41045,Farneta,Emilia-Romagna,44.3492,10.5706
41045,Casola,Emilia-Romagna,44.3333,10.6
41045,Rubbiano,Emilia-Romagna,44.5367,10.8926
41046,Palagano,Emilia-Romagna,44.3215,10.6466
41046,Monchio Nel Frignano,Emilia-Romagna,44.3425,10.6486
41046,Susano,Emilia-Romagna,44.3557,10.6631
41046,Boccassuolo,Emilia-Romagna,44.2834,10.6157
41046,Monchio,Emilia-Romagna,44.3857,10.6472
41046,Savoniero,Emilia-Romagna,44.3459,10.6534
41046,Costrignano,Emilia-Romagna,44.3626,10.6654
41048,Prignano Sulla Secchia,Emilia-Romagna,44.4384,10.6919
41048,Pigneto,Emilia-Romagna,44.4731,10.7165
41048,Moncerrato,Emilia-Romagna,44.436,10.7273
41048,Castelvecchio Sulla Secchia,Emilia-Romagna,44.4482,10.6717
41048,Castelvecchio,Emilia-Romagna,44.4482,10.6717
41048,Sasso Morello,Emilia-Romagna,44.445,10.6916
41048,Morano,Emilia-Romagna,44.445,10.6916
41048,Montebaranzone,Emilia-Romagna,44.4777,10.7749
41048,Saltino,Emilia-Romagna,44.4194,10.6395
41048,Saltino Sulla Secchia,Emilia-Romagna,44.4194,10.6395
41049,San Michele Dei Mucchietti,Emilia-Romagna,44.5085,10.7473
41049,Sassuolo,Emilia-Romagna,44.5432,10.7848
41049,Montegibbio,Emilia-Romagna,44.5258,10.766
41051,Montale,Emilia-Romagna,44.5692,10.9077
41051,Montale Rangone,Emilia-Romagna,44.5692,10.9077
41051,Castelnuovo Rangone,Emilia-Romagna,44.5494,10.9335
41052,Samone,Emilia-Romagna,44.3666,10.9479
41052,Guiglia,Emilia-Romagna,44.4243,10.9612
41052,Rocca Malatina,Emilia-Romagna,44.3888,10.9647
41052,Gainazzo,Emilia-Romagna,44.3679,10.9352
41052,Rocchetta,Emilia-Romagna,44.4198,10.9421
41052,Pieve Di Trebbio,Emilia-Romagna,44.3981,10.9505
41052,Pieve Trebbio,Emilia-Romagna,44.3981,10.9505
41052,Monteorsello,Emilia-Romagna,44.3948,10.9503
41052,Castellino Delle Formiche,Emilia-Romagna,44.3948,10.9503
41053,Gorzano,Emilia-Romagna,44.5163,10.8798
41053,Torre Maina,Emilia-Romagna,44.499,10.8734
41053,Maranello,Emilia-Romagna,44.531,10.8689
41053,Pozza,Emilia-Romagna,44.5264,10.8923
41054,Villa Bianca,Emilia-Romagna,44.5367,10.8926
41054,Festa',Emilia-Romagna,44.4045,10.9102
41054,Ospitaletto,Emilia-Romagna,44.4352,10.883
41054,Marano Sul Panaro,Emilia-Romagna,44.4592,10.9688
41055,Semelano,Emilia-Romagna,44.3167,10.9667
41055,San Martino,Emilia-Romagna,44.2783,10.9155
41055,San Giacomo Maggiore,Emilia-Romagna,44.2607,10.9315
41055,Montespecchio,Emilia-Romagna,44.2607,10.9315
41055,Castelluccio,Emilia-Romagna,44.2264,10.8964
41055,Montalto,Emilia-Romagna,44.5367,10.8926
41055,Salto,Emilia-Romagna,44.2829,10.9287
41055,Maserno,Emilia-Romagna,44.2535,10.9312
41055,Bertocchi,Emilia-Romagna,44.2607,10.9315
41055,Iola,Emilia-Romagna,44.2461,10.9515
41055,Iola Di Montese,Emilia-Romagna,44.2461,10.9515
41055,Castelluccio Di Moscheda,Emilia-Romagna,44.2264,10.8964
41055,Montese,Emilia-Romagna,44.2699,10.9454
41056,Formica,Emilia-Romagna,44.4684,11.0134
41056,Magazzino,Emilia-Romagna,44.475,11.0239
41056,Garofano,Emilia-Romagna,44.4587,11.0006
41056,Savignano Sul Panaro,Emilia-Romagna,44.4804,11.0351
41056,Mulino,Emilia-Romagna,44.4926,11.0467
41057,San Vito,Emilia-Romagna,44.5582,10.9743
41057,Spilamberto,Emilia-Romagna,44.5327,11.017
41058,Vignola,Emilia-Romagna,44.4838,11.011
41059,Monteombraro,Emilia-Romagna,44.3833,11
41059,Missano,Emilia-Romagna,44.3513,10.9533
41059,Ciano,Emilia-Romagna,44.4118,11.0283
41059,Rosola,Emilia-Romagna,44.3244,10.9728
41059,Montecorone,Emilia-Romagna,44.3774,10.9829
41059,Ciano Nel Frignano,Emilia-Romagna,44.358,10.9917
41059,Zocca,Emilia-Romagna,44.3457,10.9931
41059,Montealbano,Emilia-Romagna,44.358,10.9917
41059,Montetortore,Emilia-Romagna,44.3122,11.0113
41100,Baggiovara,Emilia-Romagna,44.6042,10.8626
41100,Lesignana,Emilia-Romagna,44.6849,10.8933
41100,Saliceto San Giuliano,Emilia-Romagna,44.6429,10.9017
41100,Chiesa Nuova Di Marzaglia,Emilia-Romagna,44.6409,10.806
41100,Saliceto Panaro,Emilia-Romagna,44.6429,10.9017
41100,Vaciglio,Emilia-Romagna,44.6429,10.9017
41100,Villanova San Pancrazio,Emilia-Romagna,44.6429,10.9017
41100,Ganaceto,Emilia-Romagna,44.709,10.8997
41100,Freto,Emilia-Romagna,44.6429,10.9017
41100,Marzaglia,Emilia-Romagna,44.6511,10.8037
41100,Villanova,Emilia-Romagna,44.6889,10.9174
41100,San Damaso,Emilia-Romagna,44.601,10.9737
41100,San Donnino,Emilia-Romagna,44.5833,10.9667
41100,Modena,Emilia-Romagna,44.6478,10.9254
41100,Albareto,Emilia-Romagna,44.6896,10.9671
41100,Cognento,Emilia-Romagna,44.6333,10.8667
41100,Portile,Emilia-Romagna,44.5811,10.9378
41121,Modena,Emilia-Romagna,44.6478,10.9254
41122,Modena,Emilia-Romagna,44.6478,10.9254
41124,Modena,Emilia-Romagna,44.6478,10.9254
41125,Modena,Emilia-Romagna,44.6478,10.9254
41126,Modena,Emilia-Romagna,44.6478,10.9254
41127,Modena,Emilia-Romagna,44.6478,10.9254
29010,Fontana Fredda,Emilia-Romagna,44.9738,9.6788
29010,Vernasca,Emilia-Romagna,44.7987,9.8305
29010,Valconasso,Emilia-Romagna,44.9671,9.782
29010,Campremoldo Sopra E Sotto,Emilia-Romagna,44.9738,9.6788
29010,Villanova,Emilia-Romagna,45.026,9.9986
29010,Nibbiano,Emilia-Romagna,44.9051,9.3283
29010,Casaliggio,Emilia-Romagna,44.994,9.5728
29010,Pecorara,Emilia-Romagna,44.8758,9.3839
29010,San Giuliano Piacentino,Emilia-Romagna,45.0694,9.9943
29010,San Giuliano,Emilia-Romagna,45.0694,9.9943
29010,Castelvetro Piacentino,Emilia-Romagna,45.1022,9.9904
29010,Pianello Val Tidone,Emilia-Romagna,44.9467,9.4052
29010,Trevozzo,Emilia-Romagna,44.95,9.3954
29010,Castelnuovo Fogliani,Emilia-Romagna,44.8667,9.4667
29010,San Nicolo' A Trebbia,Emilia-Romagna,44.9738,9.6788
29010,Bacedasco Sotto,Emilia-Romagna,44.9738,9.6788
29010,Villanova Sull'Arda,Emilia-Romagna,44.9738,9.6788
29010,Mezzano Chitantolo,Emilia-Romagna,44.9738,9.6788
29010,Alseno,Emilia-Romagna,44.8976,9.9641
29010,Calendasco,Emilia-Romagna,45.0866,9.5965
29010,San Nicolo',Emilia-Romagna,45.0568,9.6054
29010,Gazzola,Emilia-Romagna,44.9601,9.549
29010,Gragnano Trebbiense,Emilia-Romagna,45.0122,9.5714
29010,Rottofreno,Emilia-Romagna,45.0553,9.5501
29010,Tassara,Emilia-Romagna,44.9505,9.3336
29010,Campremoldo Sopra,Emilia-Romagna,44.9992,9.5336
29010,Lusurasco,Emilia-Romagna,44.8888,9.9099
29010,San Nazzaro D'Ongina,Emilia-Romagna,45.0763,9.8989
29010,Pontenure,Emilia-Romagna,44.9982,9.7914
29010,Stra',Emilia-Romagna,44.9504,9.4199
29010,Rezzanello,Emilia-Romagna,44.9109,9.518
29010,Chiaravalle,Emilia-Romagna,44.9241,9.9708
29010,San Pietro In Cerro,Emilia-Romagna,45.0214,9.9499
29010,Piozzano,Emilia-Romagna,44.9253,9.4956
29010,Cadeo,Emilia-Romagna,44.9747,9.833
29010,Besenzone,Emilia-Romagna,44.9869,9.956
29010,Sarmato,Emilia-Romagna,45.0568,9.4968
29010,Ziano Piacentino,Emilia-Romagna,44.9998,9.3949
29010,Agazzano,Emilia-Romagna,44.9473,9.5188
29010,Campremoldo Sotto,Emilia-Romagna,45.0262,9.5502
29010,Vicobarone,Emilia-Romagna,44.9871,9.3563
29010,Sant'Imento,Emilia-Romagna,45.0785,9.5679
29010,Caminata,Emilia-Romagna,44.8497,9.6673
29010,Vigoleno,Emilia-Romagna,44.8167,9.9012
29010,Roveleto,Emilia-Romagna,44.9633,9.8539
29010,Olza,Emilia-Romagna,44.733,9.7162
29010,Fogarole,Emilia-Romagna,45.1065,9.9625
29010,Monticelli D'Ongina,Emilia-Romagna,45.0885,9.9342
29011,Castelnovo Val Tidone,Emilia-Romagna,45.0011,9.4428
29011,Castelnuovo,Emilia-Romagna,44.9878,9.4422
29011,Borgonovo Val Tidone,Emilia-Romagna,45.0144,9.4435
29012,Caorso,Emilia-Romagna,45.0491,9.8746
29013,Rezzano,Emilia-Romagna,44.8715,9.7829
29013,Carpaneto Piacentino,Emilia-Romagna,44.9135,9.787
29014,Vigolo Marchese,Emilia-Romagna,44.8796,9.8444
29014,Castell'Arquato,Emilia-Romagna,44.8545,9.8733
29015,Ganaghello,Emilia-Romagna,45.0423,9.3865
29015,Creta,Emilia-Romagna,45.0235,9.3798
29015,Castel San Giovanni,Emilia-Romagna,45.0601,9.4378
29015,Fontana Pradosa,Emilia-Romagna,45.0615,9.4627
29016,Cortemaggiore,Emilia-Romagna,44.9918,9.9284
29017,Baselicaduce,Emilia-Romagna,44.9448,9.9399
29017,San Protaso,Emilia-Romagna,44.922,9.8623
29017,Fiorenzuola D'Arda,Emilia-Romagna,44.9243,9.9133
29018,Chiavenna Rocchetta,Emilia-Romagna,44.844,9.8198
29018,Rustigazzo,Emilia-Romagna,44.7874,9.7417
29018,Lugagnano Val D'Arda,Emilia-Romagna,44.823,9.8283
29019,Godi,Emilia-Romagna,44.9043,9.735
29019,San Giorgio Piacentino,Emilia-Romagna,44.952,9.7377
29019,San Damiano,Emilia-Romagna,44.9149,9.7061
29020,Travo,Emilia-Romagna,44.8632,9.5443
29020,Vigolzone,Emilia-Romagna,44.9139,9.6685
29020,Quarto,Emilia-Romagna,44.9969,9.6635
29020,Gossolengo,Emilia-Romagna,45.0025,9.618
29020,Villo',Emilia-Romagna,44.896,9.658
29020,Carmiano,Emilia-Romagna,44.8524,9.6184
29020,Ponte Organasco,Emilia-Romagna,44.6849,9.3066
29020,Grazzano Visconti,Emilia-Romagna,44.9346,9.672
29020,Coli,Emilia-Romagna,44.7458,9.4147
29020,Perino,Emilia-Romagna,44.8184,9.503
29020,Morfasso,Emilia-Romagna,44.7227,9.7022
29020,Marsaglia,Emilia-Romagna,44.7123,9.3835
29020,Pej,Emilia-Romagna,44.8318,9.5366
29020,Zerba,Emilia-Romagna,44.6655,9.288
29020,Quadrelli,Emilia-Romagna,44.8488,9.5397
29020,Quadrelli Di Fellino,Emilia-Romagna,44.8318,9.5366
29020,Corte Brugnatella,Emilia-Romagna,44.8318,9.5366
29020,Cerignale,Emilia-Romagna,44.6779,9.3508
29020,Settima,Emilia-Romagna,44.9732,9.6542
29021,Bramaiano,Emilia-Romagna,44.859,9.6648
29021,Groppoducale,Emilia-Romagna,44.859,9.6648
29021,San Bernardino,Emilia-Romagna,44.793,9.6087
29021,San Giovanni,Emilia-Romagna,45.0058,9.7771
29021,Bettola,Emilia-Romagna,44.7783,9.6086
29022,Cassolo,Emilia-Romagna,44.811,9.4487
29022,Bobbio,Emilia-Romagna,44.7683,9.3841
29022,Santa Maria,Emilia-Romagna,44.9128,9.4554
29022,Passo Penice,Emilia-Romagna,44.8131,9.4053
29022,Ceci,Emilia-Romagna,44.8131,9.4053
29022,Vaccarezza,Emilia-Romagna,44.7917,9.3696
29022,Santa Maria Di Bobbio,Emilia-Romagna,44.7862,9.3447
29022,Mezzano Scotti,Emilia-Romagna,44.8088,9.4294
29023,Mareto,Emilia-Romagna,44.7021,9.5037
29023,Le Moline,Emilia-Romagna,44.6567,9.5833
29023,Groppallo,Emilia-Romagna,44.696,9.6003
29023,Farini,Emilia-Romagna,44.7127,9.5689
29024,Torrio Casetta,Emilia-Romagna,44.5784,9.4464
29024,Torrio Sopra,Emilia-Romagna,44.5742,9.4441
29024,Salsominore,Emilia-Romagna,44.6459,9.4032
29024,Brugneto,Emilia-Romagna,44.6672,9.4275
29024,Ferriere,Emilia-Romagna,44.6439,9.4966
29024,Torrio Sopra E Sotto E Casetta,Emilia-Romagna,44.6347,9.4692
29024,Centenaro,Emilia-Romagna,44.6667,9.5333
29024,Centenaro Castello,Emilia-Romagna,44.6667,9.5333
29025,Groppovisdomo,Emilia-Romagna,44.7901,9.6959
29025,Gropparello,Emilia-Romagna,44.8335,9.728
29025,Sariano,Emilia-Romagna,44.8584,9.747
29026,Ottone,Emilia-Romagna,44.6233,9.3327
29026,Orezzoli,Emilia-Romagna,44.6075,9.3788
29027,Podenzano,Emilia-Romagna,44.9548,9.6831
29027,San Polo,Emilia-Romagna,44.9787,9.7407
29028,Biana,Emilia-Romagna,44.8215,9.6228
29028,Ponte Dell'Olio,Emilia-Romagna,44.8676,9.6443
29028,Torrano,Emilia-Romagna,44.8926,9.6889
29029,Roveleto Landi,Emilia-Romagna,44.9356,9.6061
29029,Niviano Castello,Emilia-Romagna,44.9303,9.6131
29029,Ancarano Di Sopra,Emilia-Romagna,44.9303,9.6131
29029,Rivergaro,Emilia-Romagna,44.915,9.6044
29029,Niviano,Emilia-Romagna,44.9403,9.6288
29100,Baia Del Re,Emilia-Romagna,45.018,9.7312
29100,Raffaelina,Emilia-Romagna,45.018,9.7312
29100,Pittolo,Emilia-Romagna,45.0139,9.6637
29100,San Lazzaro Alberoni,Emilia-Romagna,45.018,9.7312
29100,San Bonico,Emilia-Romagna,45.0136,9.6928
29100,Sant'Antonio,Emilia-Romagna,44.8792,9.871
29100,Verza,Emilia-Romagna,45.018,9.7312
29100,Piacenza,Emilia-Romagna,45.0524,9.6934
29100,Gerbido Di Mortizza,Emilia-Romagna,45.018,9.7312
29100,Borgo Trebbia,Emilia-Romagna,45.018,9.7312
29100,Roncaglia,Emilia-Romagna,45.0429,9.7963
29100,Mortizza,Emilia-Romagna,45.0769,9.7558
29100,Raffaellina,Emilia-Romagna,45.0134,9.6373
29100,Gerbido,Emilia-Romagna,45.0549,9.7489
29100,Mucinasso,Emilia-Romagna,45.0145,9.7212
29121,Piacenza,Emilia-Romagna,45.0524,9.6934
29122,Piacenza,Emilia-Romagna,45.0524,9.6934
43010,Bianconese,Emilia-Romagna,44.8495,10.2186
43010,Monchio Delle Corti,Emilia-Romagna,44.4117,10.1237
43010,Fontanelle,Emilia-Romagna,44.9695,10.2151
43010,Fontevivo,Emilia-Romagna,44.8594,10.1728
43010,Rigoso,Emilia-Romagna,44.369,10.1367
43010,Riana Di Monchio,Emilia-Romagna,44.4204,10.0897
43010,Ponte Taro,Emilia-Romagna,44.8287,10.2104
43010,Riana,Emilia-Romagna,44.4204,10.0897
43010,Castelguelfo,Emilia-Romagna,44.8333,10.1833
43010,Ragazzola,Emilia-Romagna,45.0099,10.1904
43010,Valditacca,Emilia-Romagna,44.6972,10.1631
43010,Roccabianca,Emilia-Romagna,44.6972,10.1631
43011,Roncole Verdi,Emilia-Romagna,44.9524,10.0732
43011,Busseto,Emilia-Romagna,44.9794,10.0433
43012,Fontanellato,Emilia-Romagna,44.8819,10.1763
43012,Parola,Emilia-Romagna,44.856,10.1086
43013,Riano,Emilia-Romagna,44.5945,10.2001
43013,Pilastro,Emilia-Romagna,44.6825,10.2888
43013,Cozzano,Emilia-Romagna,44.5736,10.1959
43013,Langhirano,Emilia-Romagna,44.6191,10.2665
43013,Torrechiara,Emilia-Romagna,44.6583,10.2831
43013,Pastorello,Emilia-Romagna,44.5687,10.2317
43014,Medesano,Emilia-Romagna,44.7582,10.1379
43014,Felegara,Emilia-Romagna,44.7219,10.1127
43014,Ramiola,Emilia-Romagna,44.7006,10.0911
43015,Costamezzana,Emilia-Romagna,44.8095,10.1773
43015,Cella Di Costamezzana,Emilia-Romagna,44.8095,10.1773
43015,Noceto,Emilia-Romagna,44.8095,10.1773
43016,Zibello,Emilia-Romagna,45.0185,10.1297
43016,Polesine Parmense,Emilia-Romagna,45.0168,10.0902
43016,Pieveottoville,Emilia-Romagna,45.0126,10.1551
43017,San Secondo Parmense,Emilia-Romagna,44.9222,10.2304
43018,Coltaro,Emilia-Romagna,44.9662,10.3204
43018,San Quirico Trecasali,Emilia-Romagna,44.9269,10.2576
43018,Gramignazzo,Emilia-Romagna,44.988,10.2534
43018,Ronco Campo Canneto,Emilia-Romagna,44.9053,10.2596
43018,Trecasali,Emilia-Romagna,44.9375,10.2728
43018,Viarolo,Emilia-Romagna,44.8734,10.2528
43018,Sissa,Emilia-Romagna,44.9593,10.2606
43018,Sissa Trecasali,Emilia-Romagna,44.9367,10.2682
43019,Soragna,Emilia-Romagna,44.9269,10.1201
43021,Beduzzo,Emilia-Romagna,44.4801,10.0839
43021,Vestola Ghiare,Emilia-Romagna,44.5181,10.1288
43021,Ghiare Di Corniglio,Emilia-Romagna,44.5181,10.1288
43021,Corniglio,Emilia-Romagna,44.4743,10.0901
43021,Bosco Di Corniglio,Emilia-Romagna,44.4451,10.0359
43021,Bosco,Emilia-Romagna,44.4451,10.0359
43022,Basilicanova,Emilia-Romagna,44.698,10.3523
43022,Montechiarugolo,Emilia-Romagna,44.6926,10.4213
43022,Basilicagoiano,Emilia-Romagna,44.7054,10.4046
43022,Monticelli Terme,Emilia-Romagna,44.7288,10.3944
43022,Monticelli Terme Di Montechiarugolo,Emilia-Romagna,44.7288,10.3944
43024,Neviano Degli Arduini,Emilia-Romagna,44.5834,10.3164
43024,Scurano,Emilia-Romagna,44.5,10.2833
43024,Mozzano,Emilia-Romagna,44.553,10.2822
43024,Lupazzano,Emilia-Romagna,44.5532,10.302
43024,Vezzano,Emilia-Romagna,44.5467,10.2537
43024,Provazzano,Emilia-Romagna,44.5467,10.2537
43024,Bazzano Parmense,Emilia-Romagna,44.5467,10.2537
43024,Sasso Di Neviano,Emilia-Romagna,44.5467,10.2537
43024,Mediano,Emilia-Romagna,44.5276,10.3172
43025,Vairo,Emilia-Romagna,44.4595,10.2205
43025,Isola,Emilia-Romagna,44.5558,10.2176
43025,Selvanizza,Emilia-Romagna,44.4373,10.2244
43025,Palanzano,Emilia-Romagna,44.4363,10.194
43025,Ranzano,Emilia-Romagna,44.4598,10.2515
43025,Isola Di Palanzano,Emilia-Romagna,44.4325,10.1705
43025,Ruzzano,Emilia-Romagna,44.4802,10.2817
43025,Vairo Superiore,Emilia-Romagna,44.4146,10.2038
43028,Lagrimone,Emilia-Romagna,44.4928,10.2395
43028,Capoponte,Emilia-Romagna,44.5596,10.2292
43028,Carpaneto,Emilia-Romagna,44.5157,10.2179
43028,Musiara Inferiore,Emilia-Romagna,44.4977,10.1839
43028,Tizzano Val Parma,Emilia-Romagna,44.5193,10.1982
43028,Capriglio,Emilia-Romagna,44.4774,10.2033
43028,Reno,Emilia-Romagna,44.5373,10.1864
43029,Castione De' Baratti,Emilia-Romagna,44.5995,10.3617
43029,Mamiano,Emilia-Romagna,44.6742,10.342
43029,Vignale,Emilia-Romagna,44.6374,10.3993
43029,Traversetolo,Emilia-Romagna,44.6424,10.3804
43030,Marzolara,Emilia-Romagna,44.6329,10.1725
43030,Calestano,Emilia-Romagna,44.6022,10.1236
43030,Bore,Emilia-Romagna,44.7187,9.7921
43030,Ravarano,Emilia-Romagna,44.5791,10.0772
43032,Bardi,Emilia-Romagna,44.6314,9.7291
43032,Gravago,Emilia-Romagna,44.6248,9.6806
43032,Santa Giustina Val Di Lecca,Emilia-Romagna,44.6248,9.6806
43032,Santa Giustina,Emilia-Romagna,44.6699,10.0473
43032,Pione,Emilia-Romagna,44.6182,9.6322
43035,Sant'Ilario Di Baganza,Emilia-Romagna,44.654,10.2093
43035,San Michele Di Tiorre,Emilia-Romagna,44.6853,10.2632
43035,Felino,Emilia-Romagna,44.699,10.2383
43036,Chiusa Ferranda,Emilia-Romagna,44.9042,10.096
43036,Fidenza,Emilia-Romagna,44.8669,10.0604
43036,Castione Marchesi,Emilia-Romagna,44.9125,10.0298
43036,Castione Dei Marchesi,Emilia-Romagna,44.9125,10.0298
43036,Pieve Di Cusignano,Emilia-Romagna,44.8991,10.054
43036,Cogolonchio,Emilia-Romagna,44.8991,10.054
43037,Mulazzano Ponte,Emilia-Romagna,44.6023,10.2686
43037,Mulazzano,Emilia-Romagna,44.6214,10.2871
43037,San Michele Cavana,Emilia-Romagna,44.5851,10.2638
43037,Lesignano De' Bagni,Emilia-Romagna,44.6435,10.3004
43037,Santa Maria Del Piano,Emilia-Romagna,44.6547,10.3158
43038,San Vitale,Emilia-Romagna,44.6667,10.1916
43038,San Vitale Di Baganza,Emilia-Romagna,44.701,10.2036
43038,Sala Baganza,Emilia-Romagna,44.7156,10.2262
43038,Talignano,Emilia-Romagna,44.7207,10.1931
43039,Salsomaggiore Terme,Emilia-Romagna,44.8159,9.9864
43039,Tabiano,Emilia-Romagna,44.8079,9.9844
43039,Bagni Di Tabiano,Emilia-Romagna,44.8078,10.021
43039,Bargone,Emilia-Romagna,44.8079,9.9844
43039,Cangelasio,Emilia-Romagna,44.8079,9.9844
43039,Campore,Emilia-Romagna,44.6699,10.0473
43039,Congelasio,Emilia-Romagna,44.8079,9.9844
43039,Pie' Di Via,Emilia-Romagna,44.7834,9.9678
43039,Scipione,Emilia-Romagna,44.8247,9.9624
43040,Corniana,Emilia-Romagna,44.6143,10.0542
43040,Lesignano Palmia,Emilia-Romagna,44.6215,10.1214
43040,Selva Del Bocchetto,Emilia-Romagna,44.6287,10.0332
43040,Cassio,Emilia-Romagna,44.5864,10.0346
43040,Prelerna,Emilia-Romagna,44.6249,9.9418
43040,Viazzano,Emilia-Romagna,44.6867,10.0477
43040,Boschi Di Bardone,Emilia-Romagna,44.6345,10.0793
43040,Terenzo,Emilia-Romagna,44.6105,10.0896
43040,Specchio,Emilia-Romagna,44.6616,9.9478
43040,Solignano,Emilia-Romagna,44.6131,9.9755
43040,Varano De' Melegari,Emilia-Romagna,44.6881,10.0115
43040,Casola,Emilia-Romagna,44.5199,10.162
43040,Vianino,Emilia-Romagna,44.6837,9.9336
43041,Bedonia,Emilia-Romagna,44.504,9.6349
43041,Pontestrambo,Emilia-Romagna,44.4562,9.5667
43041,Drusco,Emilia-Romagna,44.5414,9.5533
43041,Masanti Di Sotto,Emilia-Romagna,44.5703,9.6236
43041,Ponteceno,Emilia-Romagna,44.5399,9.6031
43041,Molino Dell'Anzola,Emilia-Romagna,44.5296,9.6015
43041,Masanti,Emilia-Romagna,44.5658,9.6274
43042,Casaselvatica,Emilia-Romagna,44.5493,10.0377
43042,Bergotto,Emilia-Romagna,44.5175,9.9423
43042,Ghiare,Emilia-Romagna,44.5527,9.9305
43042,Ghiare Di Berceto,Emilia-Romagna,44.5527,9.9305
43042,Berceto,Emilia-Romagna,44.509,9.991
43042,Castellonchio,Emilia-Romagna,44.5478,10.0054
43042,Fugazzolo,Emilia-Romagna,44.5247,10.0155
43043,Pontolo,Emilia-Romagna,44.4966,9.8258
43043,Porcigatone,Emilia-Romagna,44.5268,9.7415
43043,Tiedoli,Emilia-Romagna,44.5096,9.8061
43043,Ostia Parmense,Emilia-Romagna,44.5177,9.847
43043,Ostia Di Borgo Val Di Taro,Emilia-Romagna,44.5177,9.847
43043,Borgo Val Di Taro,Emilia-Romagna,44.489,9.7691
43044,Gaiano,Emilia-Romagna,44.7239,10.1727
43044,San Martino Sinzano,Emilia-Romagna,44.7523,10.2509
43044,Collecchio,Emilia-Romagna,44.752,10.2154
43044,Ozzano Taro,Emilia-Romagna,44.7097,10.1409
43044,Madregolo,Emilia-Romagna,44.7922,10.2209
43045,Piantonia,Emilia-Romagna,44.6644,10.0935
43045,Fornovo Di Taro,Emilia-Romagna,44.6947,10.1018
43045,Neviano De' Rossi,Emilia-Romagna,44.6661,10.1583
43045,Ricco',Emilia-Romagna,44.7005,10.1209
43045,Sivizzano,Emilia-Romagna,44.643,10.1167
43047,Mariano,Emilia-Romagna,44.5667,9.8167
43047,Iggio,Emilia-Romagna,44.7441,9.8744
43047,Grotta,Emilia-Romagna,44.779,9.9285
43047,Pellegrino Parmense,Emilia-Romagna,44.7295,9.9324
43048,Sant'Andrea Bagni,Emilia-Romagna,44.723,10.0886
43048,Varano Dei Marchesi,Emilia-Romagna,44.7375,10.0602
43048,Varano Marchesi,Emilia-Romagna,44.7521,10.0318
43049,Pessola,Emilia-Romagna,44.6284,9.8689
43049,Carpadasco,Emilia-Romagna,44.6456,9.8588
43049,Varsi,Emilia-Romagna,44.6627,9.8488
43050,San Martino Di Valmozzola,Emilia-Romagna,44.5667,9.9
43050,Mormorola,Emilia-Romagna,44.5684,9.8831
43050,Valmozzola,Emilia-Romagna,44.5732,9.9172
43050,Stazione Valmozzola,Emilia-Romagna,44.5788,9.9429
43050,Valmozzola Stazione,Emilia-Romagna,44.5788,9.9429
43051,Bertorella,Emilia-Romagna,44.4806,9.7113
43051,San Quirico D'Albareto,Emilia-Romagna,44.4587,9.7029
43051,Albareto,Emilia-Romagna,44.4469,9.7023
43051,San Quirico,Emilia-Romagna,44.4488,9.6951
43052,Colorno,Emilia-Romagna,44.6338,9.9599
43053,Compiano,Emilia-Romagna,44.4961,9.6621
43053,Cereseto,Emilia-Romagna,44.5752,9.6786
43053,Strela,Emilia-Romagna,44.5128,9.6912
43055,Mezzano Superiore,Emilia-Romagna,44.9322,10.4247
43055,Casale,Emilia-Romagna,44.7182,10.2474
43055,Mezzano Inferiore,Emilia-Romagna,44.9129,10.4584
43055,Mezzano Rondani,Emilia-Romagna,44.8544,10.3768
43056,San Polo,Emilia-Romagna,44.8896,10.3568
43056,Torrile,Emilia-Romagna,44.9252,10.3238
43058,Chiozzola,Emilia-Romagna,44.8294,10.3916
43058,Sorbolo,Emilia-Romagna,44.8459,10.4438
43058,Mezzani,Emilia-Romagna,44.8544,10.3768
43059,Casale Di Tornolo,Emilia-Romagna,44.4563,9.5808
43059,Santa Maria Del Taro,Emilia-Romagna,44.4329,9.4913
43059,Tornolo,Emilia-Romagna,44.4852,9.6274
43059,Tarsogno,Emilia-Romagna,44.4508,9.6235
43100,Corcagnano,Emilia-Romagna,44.721,10.3027
43100,Vigatto,Emilia-Romagna,44.72,10.3304
43100,San Pancrazio Parmense,Emilia-Romagna,44.8,10.2667
43100,Marano,Emilia-Romagna,44.7209,10.3708
43100,San Lazzaro Parmense,Emilia-Romagna,44.7589,10.311
43100,Porporano,Emilia-Romagna,44.7527,10.3505
43100,Fraore,Emilia-Romagna,44.7589,10.311
43100,Vicofertile,Emilia-Romagna,44.7856,10.262
43100,San Leonardo,Emilia-Romagna,44.7589,10.311
43100,Cortile San Martino,Emilia-Romagna,44.7589,10.311
43100,Fontanini,Emilia-Romagna,44.7511,10.3165
43100,Paradigna,Emilia-Romagna,44.8494,10.3452
43100,Moletolo,Emilia-Romagna,44.7589,10.311
43100,San Prospero Parmense,Emilia-Romagna,44.7589,10.311
43100,Vicomero,Emilia-Romagna,44.8864,10.3243
43100,Gaione,Emilia-Romagna,44.7583,10.2903
43100,Parma,Emilia-Romagna,44.7994,10.3262
43100,Baganzola,Emilia-Romagna,44.8551,10.3071
43100,Alberi,Emilia-Romagna,44.7484,10.3305
43100,Botteghino,Emilia-Romagna,44.7444,10.3642
43100,Fontana,Emilia-Romagna,44.605,10.2152
43100,Carignano,Emilia-Romagna,44.7268,10.2745
43100,Panocchia,Emilia-Romagna,44.677,10.3093
43121,Parma,Emilia-Romagna,44.7994,10.3262
43122,Parma,Emilia-Romagna,44.7994,10.3262
43123,Parma,Emilia-Romagna,44.7994,10.3262
43124,Parma,Emilia-Romagna,44.7994,10.3262
43125,Parma,Emilia-Romagna,44.7994,10.3262
43126,Parma,Emilia-Romagna,44.7994,10.3262
43216,Parma,Emilia-Romagna,44.7994,10.3262
48010,Casal Borsetti,Emilia-Romagna,44.3237,11.9914
48011,Alfonsine,Emilia-Romagna,44.4563,12.08
48012,Villanova Di Bagnacavallo,Emilia-Romagna,44.4198,12.0259
48012,Abbatesse,Emilia-Romagna,44.4198,12.0259
48012,Bagnacavallo,Emilia-Romagna,44.414,11.9781
48012,Glorie,Emilia-Romagna,44.4699,12.0771
48012,Traversara,Emilia-Romagna,44.4112,12.0252
48012,Villanova,Emilia-Romagna,44.381,12.1165
48012,Boncellino,Emilia-Romagna,44.3807,11.9922
48012,Masiera,Emilia-Romagna,44.4618,11.9663
48013,Fognano,Emilia-Romagna,44.2051,11.7378
48013,Brisighella,Emilia-Romagna,44.2223,11.7736
48013,San Cassiano,Emilia-Romagna,44.1464,11.6883
48013,Monteromano,Emilia-Romagna,44.1998,11.7646
48013,San Martino In Gattara,Emilia-Romagna,44.1998,11.7646
48013,Marzeno,Emilia-Romagna,44.2254,11.8586
48013,Zattaglia,Emilia-Romagna,44.1998,11.7646
48014,Castel Bolognese,Emilia-Romagna,44.3198,11.799
48015,Madonna Degli Angeli,Emilia-Romagna,44.2562,12.3133
48015,Castiglione,Emilia-Romagna,44.2562,12.3133
48015,Pinarella,Emilia-Romagna,44.2417,12.3711
48015,Villa Inferno,Emilia-Romagna,44.2309,12.3179
48015,Pisignano,Emilia-Romagna,44.2379,12.2684
48015,Savio,Emilia-Romagna,44.3114,12.2947
48015,Cervia,Emilia-Romagna,44.262,12.3481
48015,Cervia Milano Marittima,Emilia-Romagna,44.2741,12.3517
48015,Cannuzzo,Emilia-Romagna,44.2352,12.241
48017,San Patrizio,Emilia-Romagna,44.4922,11.8252
48017,Conselice,Emilia-Romagna,44.5116,11.8285
48017,Lavezzola,Emilia-Romagna,44.561,11.8756
48018,Case San Martino,Emilia-Romagna,44.2961,11.9077
48018,Celle,Emilia-Romagna,44.2896,11.8374
48018,San Silvestro,Emilia-Romagna,44.3714,11.9968
48018,Errano,Emilia-Romagna,44.2597,11.8286
48018,Sarna,Emilia-Romagna,44.24,11.8315
48018,Santa Lucia Delle Spianate,Emilia-Romagna,44.2961,11.9077
48018,Cosina,Emilia-Romagna,44.2579,11.9533
48018,Reda,Emilia-Romagna,44.3016,11.9686
48018,Fossolo,Emilia-Romagna,44.3556,11.9945
48018,Granarolo,Emilia-Romagna,44.3586,11.9346
48018,Prada,Emilia-Romagna,44.3434,12.0164
48018,San Martino,Emilia-Romagna,44.2663,11.8821
48018,Faenza,Emilia-Romagna,44.2901,11.8795
48018,Mezzeno,Emilia-Romagna,44.3151,11.9267
48018,Castel Raniero,Emilia-Romagna,44.2747,11.8397
48020,Sant'Alberto,Emilia-Romagna,44.5382,12.1619
48020,Sant'Agata Sul Santerno,Emilia-Romagna,44.4435,11.8611
48020,Savarna,Emilia-Romagna,44.5072,12.1062
48022,Lugo,Emilia-Romagna,44.4214,11.9109
48022,Passogatto,Emilia-Romagna,44.5362,11.9004
48022,Ascensione,Emilia-Romagna,44.4851,11.8992
48022,San Potito,Emilia-Romagna,44.4323,11.9399
48022,Voltana,Emilia-Romagna,44.5411,11.9353
48022,San Lorenzo Di Lugo,Emilia-Romagna,44.4757,11.8949
48022,Belricetto,Emilia-Romagna,44.4968,11.9059
48022,Giovecca,Emilia-Romagna,44.5333,11.8833
48022,Santa Maria In Fabriago,Emilia-Romagna,44.4833,11.8667
48022,Villa San Martino,Emilia-Romagna,44.416,11.8674
48022,San Bernardino,Emilia-Romagna,44.5146,11.8869
48024,Massa Lombarda,Emilia-Romagna,44.447,11.8209
48024,Villa Serraglio,Emilia-Romagna,44.447,11.8209
48025,Riolo Terme,Emilia-Romagna,44.2761,11.7272
48025,Borgo Rivola,Emilia-Romagna,44.2616,11.6717
48026,San Pancrazio,Emilia-Romagna,44.3581,12.0785
48026,Russi,Emilia-Romagna,44.3764,12.0334
48026,Godo,Emilia-Romagna,44.3917,12.075
48027,Gaiano,Emilia-Romagna,44.3428,11.8416
48027,Solarolo,Emilia-Romagna,44.3589,11.8466
48031,Bagnara Di Romagna,Emilia-Romagna,44.3893,11.8273
48032,Casola Valsenio,Emilia-Romagna,44.2244,11.6249
48033,Cotignola,Emilia-Romagna,44.3857,11.9385
48033,San Severo,Emilia-Romagna,44.3688,11.9013
48033,Barbiano,Emilia-Romagna,44.3895,11.8865
48034,Fusignano,Emilia-Romagna,44.4666,11.9564
48100,San Zaccaria,Emilia-Romagna,44.2705,12.2141
48100,San Romualdo,Emilia-Romagna,44.4957,12.1709
48100,Romea Vecchia,Emilia-Romagna,44.3891,12.2325
48100,San Pietro In Vincoli,Emilia-Romagna,44.3005,12.1456
48100,Campiano,Emilia-Romagna,44.2987,12.1977
48100,Coccolia,Emilia-Romagna,44.2956,12.1085
48100,Durazzano,Emilia-Romagna,44.2811,12.1192
48100,Lido Di Savio,Emilia-Romagna,44.3152,12.3419
48100,Mezzano,Emilia-Romagna,44.4662,12.0863
48100,Roncalceci,Emilia-Romagna,44.3477,12.1183
48100,Classe,Emilia-Romagna,44.3796,12.2365
48100,Lido Di Classe,Emilia-Romagna,44.3291,12.3349
48100,San Bartolo,Emilia-Romagna,44.3612,12.1801
48100,Madonna Dell'Albero,Emilia-Romagna,44.3811,12.2004
48100,San Pietro In Campiano,Emilia-Romagna,44.2894,12.1789
48100,Lido Adriano,Emilia-Romagna,44.4167,12.3055
48100,Porto Fuori,Emilia-Romagna,44.4056,12.2522
48100,Marina Romea,Emilia-Romagna,44.5149,12.2711
48100,Ghibullo,Emilia-Romagna,44.3457,12.1396
48100,Carraie,Emilia-Romagna,44.3062,12.1811
48100,Ravenna,Emilia-Romagna,44.4134,12.2012
48100,San Pietro In Trento,Emilia-Romagna,44.3175,12.0822
48100,Castiglione Di Ravenna,Emilia-Romagna,44.2612,12.2606
48100,Camerlona,Emilia-Romagna,44.4471,12.1236
48100,Piangipane,Emilia-Romagna,44.422,12.0907
48100,Punta Marina,Emilia-Romagna,44.4427,12.2909
48100,Fosso Ghiaia,Emilia-Romagna,44.3552,12.2543
48100,Gambellara,Emilia-Romagna,44.3307,12.1365
48100,Santerno,Emilia-Romagna,44.437,12.0553
48100,Filetto,Emilia-Romagna,44.3356,12.0743
48100,Ducenta,Emilia-Romagna,44.2835,12.1446
48100,Ammonite,Emilia-Romagna,44.4563,12.08
48100,Fornace Zarattini,Emilia-Romagna,44.4167,12.1333
48100,Porto Corsini,Emilia-Romagna,44.4941,12.2787
48100,Santo Stefano,Emilia-Romagna,44.374,12.1858
48100,Marina Di Ravenna,Emilia-Romagna,44.4862,12.2809
42010,Toano,Emilia-Romagna,44.376,10.5631
42010,Cavola,Emilia-Romagna,44.4003,10.5318
42010,Rio Saliceto,Emilia-Romagna,44.8115,10.8041
42010,San Cassiano,Emilia-Romagna,44.4307,10.6221
42010,Cerredolo,Emilia-Romagna,44.4035,10.6168
42010,Quara,Emilia-Romagna,44.355,10.5071
42011,Bagnolo In Piano,Emilia-Romagna,44.7644,10.6736
42012,Campagnola Emilia,Emilia-Romagna,44.8393,10.7651
42013,Villalunga,Emilia-Romagna,44.5607,10.7562
42013,Veggia,Emilia-Romagna,44.5607,10.7562
42013,Casalgrande,Emilia-Romagna,44.5847,10.7355
42013,Salvaterra,Emilia-Romagna,44.5993,10.7686
42014,Cadiroggio,Emilia-Romagna,44.5493,10.7429
42014,Roteglia,Emilia-Romagna,44.4842,10.6883
42014,Castellarano,Emilia-Romagna,44.5183,10.7373
42015,Budrio,Emilia-Romagna,44.7506,10.7407
42015,Correggio,Emilia-Romagna,44.7674,10.7834
42015,San Martino,Emilia-Romagna,44.7796,10.8067
42015,Prato,Emilia-Romagna,44.7159,10.748
42015,Fosdondo,Emilia-Romagna,44.7743,10.7348
42016,San Girolamo,Emilia-Romagna,44.9218,10.7284
42016,Guastalla,Emilia-Romagna,44.9117,10.6619
42016,Pieve,Emilia-Romagna,44.6379,10.4276
42017,Santa Maria,Emilia-Romagna,44.6059,10.5517
42017,Vezzola,Emilia-Romagna,44.8,10.7167
42017,San Bernardino,Emilia-Romagna,44.865,10.6753
42017,San Giovanni,Emilia-Romagna,44.4833,10.4333
42017,Novellara,Emilia-Romagna,44.8449,10.7274
42018,San Martino In Rio,Emilia-Romagna,44.7337,10.7849
42019,Pratissolo,Emilia-Romagna,44.6042,10.674
42019,Arceto,Emilia-Romagna,44.6176,10.7246
42019,Iano,Emilia-Romagna,44.5875,10.6668
42019,Ca' De Caroli,Emilia-Romagna,44.588,10.6746
42019,Fellegara,Emilia-Romagna,44.6105,10.697
42019,Chiozza,Emilia-Romagna,44.6059,10.5517
42019,Ventoso,Emilia-Romagna,44.5862,10.6877
42019,Scandiano,Emilia-Romagna,44.5983,10.6956
42019,Rondinara,Emilia-Romagna,44.5601,10.6512
42019,Bosco,Emilia-Romagna,44.6226,10.6715
42020,Quattro Castella,Emilia-Romagna,44.635,10.4743
42020,Montecavolo,Emilia-Romagna,44.6328,10.5426
42020,Puianello,Emilia-Romagna,44.6263,10.5642
42020,Rosano,Emilia-Romagna,44.4581,10.3817
42020,Cola,Emilia-Romagna,44.4518,10.359
42020,Roncolo,Emilia-Romagna,44.6338,10.497
42020,San Polo D'Enza,Emilia-Romagna,44.6269,10.4267
42020,Vetto,Emilia-Romagna,44.4841,10.3388
42020,Albinea,Emilia-Romagna,44.6286,10.6102
42020,Borzano,Emilia-Romagna,44.6036,10.6367
42021,Barco,Emilia-Romagna,44.6883,10.4958
42021,Bibbiano,Emilia-Romagna,44.6629,10.4739
42022,Boretto,Emilia-Romagna,44.9016,10.5515
42023,Cadelbosco Di Sotto,Emilia-Romagna,44.8014,10.6158
42023,Argine,Emilia-Romagna,44.7749,10.6343
42023,Cadelbosco Di Sopra,Emilia-Romagna,44.7657,10.599
42024,Meletole,Emilia-Romagna,44.8488,10.5822
42024,Castelnovo Di Sotto,Emilia-Romagna,44.8125,10.5669
42025,Cavriago,Emilia-Romagna,44.6946,10.5259
42026,Compiano D'Enza,Emilia-Romagna,44.5876,10.4329
42026,Ciano D'Enza,Emilia-Romagna,44.5998,10.4104
42026,Canossa,Emilia-Romagna,44.5755,10.4554
42027,Montecchio Emilia,Emilia-Romagna,44.6994,10.4521
42028,Poviglio,Emilia-Romagna,44.8423,10.5394
42030,Sologno,Emilia-Romagna,44.3643,10.3949
42030,Viano,Emilia-Romagna,44.5452,10.6244
42030,Montalto,Emilia-Romagna,44.5546,10.5467
42030,Vezzano Sul Crostolo,Emilia-Romagna,44.6024,10.5447
42030,Civago,Emilia-Romagna,44.2541,10.4742
42030,Succiso,Emilia-Romagna,44.4572,10.509
42030,San Giovanni Di Querciola,Emilia-Romagna,44.4572,10.509
42030,Asta Nell'Emilia,Emilia-Romagna,44.4572,10.509
42030,Pecorile,Emilia-Romagna,44.5867,10.5083
42030,Gazzano,Emilia-Romagna,44.275,10.5019
42030,Villa Minozzo,Emilia-Romagna,44.3648,10.4654
42030,Minozzo,Emilia-Romagna,44.3577,10.4343
42030,La Vecchia,Emilia-Romagna,44.5658,10.5294
42030,Regnano,Emilia-Romagna,44.5588,10.5753
42031,Baiso,Emilia-Romagna,44.4967,10.6008
42031,Casino Levizzano,Emilia-Romagna,44.4911,10.7553
42031,Levizzano,Emilia-Romagna,44.6059,10.5517
42032,Cervarezza,Emilia-Romagna,44.3892,10.3307
42032,Pieve San Vincenzo,Emilia-Romagna,44.3899,10.2145
42032,Castagneto,Emilia-Romagna,44.4071,10.2385
42032,Ramiseto,Emilia-Romagna,44.4128,10.2769
42032,Collagna,Emilia-Romagna,44.3469,10.2735
42032,Ligonchio,Emilia-Romagna,44.3164,10.3422
42032,Cinquecerri,Emilia-Romagna,44.3491,10.3279
42032,Succiso Nuovo,Emilia-Romagna,44.3621,10.1949
42032,Busana,Emilia-Romagna,44.3689,10.3234
42032,Cerreto Alpi,Emilia-Romagna,44.3221,10.2508
42033,Valestra,Emilia-Romagna,44.4507,10.5774
42033,Pantano,Emilia-Romagna,44.4858,10.5114
42033,Carpineti,Emilia-Romagna,44.4557,10.5178
42033,Marola,Emilia-Romagna,44.4827,10.4856
42033,Savognatica,Emilia-Romagna,44.4417,10.5254
42034,Paullo Di Casina,Emilia-Romagna,44.5491,10.5061
42034,Trinita',Emilia-Romagna,44.5314,10.416
42034,Casina,Emilia-Romagna,44.5098,10.4995
42035,Monteduro,Emilia-Romagna,44.4179,10.362
42035,Vologno,Emilia-Romagna,44.396,10.4256
42035,Felina,Emilia-Romagna,44.4548,10.4607
42035,Villaberza,Emilia-Romagna,44.4236,10.4232
42035,Vologno Di Sotto,Emilia-Romagna,44.396,10.4256
42035,Croce Ne' Monti,Emilia-Romagna,44.4367,10.4296
42035,Castelnovo Ne' Monti,Emilia-Romagna,44.4356,10.4033
42035,Croce,Emilia-Romagna,44.4367,10.4296
42035,Castelnuovo Ne' Monti,Emilia-Romagna,44.4356,10.4033
42035,Casale,Emilia-Romagna,44.4188,10.4273
42035,Gatta,Emilia-Romagna,44.4083,10.4649
42040,Caprara,Emilia-Romagna,44.7752,10.5116
42040,Campegine,Emilia-Romagna,44.7808,10.5284
42041,Lentigione,Emilia-Romagna,44.8667,10.4833
42041,Brescello,Emilia-Romagna,44.8953,10.5127
42042,Fabbrico,Emilia-Romagna,44.8721,10.8089
42043,Taneto,Emilia-Romagna,44.772,10.4556
42043,Gattatico,Emilia-Romagna,44.7953,10.4431
42043,Praticello,Emilia-Romagna,44.8044,10.4731
42044,Gualtieri,Emilia-Romagna,44.8974,10.6286
42044,Santa Vittoria,Emilia-Romagna,44.8548,10.6335
42044,Santa Vittoria Di Gualtieri,Emilia-Romagna,44.8548,10.6335
42044,Pieve Saliceto,Emilia-Romagna,44.8973,10.6021
42045,Villarotta,Emilia-Romagna,44.9252,10.7438
42045,Codisotto,Emilia-Romagna,44.9828,10.7275
42045,Casoni,Emilia-Romagna,44.9393,10.7393
42045,Luzzara,Emilia-Romagna,44.9593,10.6895
42046,Reggiolo,Emilia-Romagna,44.9182,10.8102
42046,Brugneto,Emilia-Romagna,44.922,10.7624
42047,Rolo,Emilia-Romagna,44.8848,10.8596
42048,Rubiera,Emilia-Romagna,44.6516,10.7794
42049,Calerno,Emilia-Romagna,44.7488,10.486
42049,Sant'Ilario D'Enza,Emilia-Romagna,44.7589,10.4474
42100,Ospizio,Emilia-Romagna,44.6913,10.6404
42100,San Pellegrino,Emilia-Romagna,44.6913,10.6404
42100,Quaresimo,Emilia-Romagna,44.6908,10.551
42100,San Maurizio,Emilia-Romagna,44.6846,10.67
42100,Reggio Emilia,Emilia-Romagna,44.6983,10.6312
42100,Marmirolo,Emilia-Romagna,44.656,10.7189
42100,Roncocesi,Emilia-Romagna,44.7384,10.5782
42100,Corticella,Emilia-Romagna,44.6347,10.7519
42100,Bagno,Emilia-Romagna,44.6554,10.7588
42100,Cavazzoli,Emilia-Romagna,44.6913,10.6404
42100,Gavasseto,Emilia-Romagna,44.6541,10.6761
42100,Cade',Emilia-Romagna,44.6913,10.6404
42100,Coviolo,Emilia-Romagna,44.6913,10.6404
42100,Codemondo,Emilia-Romagna,44.6908,10.551
42100,Gavassa,Emilia-Romagna,44.6913,10.6404
42100,Mancasale,Emilia-Romagna,44.6913,10.6404
42100,Massenzatico,Emilia-Romagna,44.7348,10.6974
42100,Masone,Emilia-Romagna,44.6745,10.7147
42100,Pieve Modolena,Emilia-Romagna,44.7217,10.5766
42100,Canali,Emilia-Romagna,44.6667,10.6167
42100,Gaida,Emilia-Romagna,44.75,10.5167
42100,Rivalta,Emilia-Romagna,44.6585,10.5886
42100,Sesso,Emilia-Romagna,44.7604,10.6315
42100,Fogliano,Emilia-Romagna,44.6475,10.645
42100,Cella,Emilia-Romagna,44.7407,10.5518
42100,Castellazzo,Emilia-Romagna,44.6768,10.7414
42121,Reggio Emilia,Emilia-Romagna,44.6983,10.6312
42122,Reggio Emilia,Emilia-Romagna,44.6983,10.6312
42123,Reggio Emilia,Emilia-Romagna,44.6983,10.6312
42124,Reggio Emilia,Emilia-Romagna,44.6983,10.6312
47814,Bellaria,Emilia-Romagna,44.146,12.4652
47814,Bellaria Igea Marina,Emilia-Romagna,44.1418,12.4715
47814,Igea Marina,Emilia-Romagna,44.1376,12.4778
47822,Ciola Corniale,Emilia-Romagna,44.0485,12.4438
47822,San Michele,Emilia-Romagna,44.04,12.4277
47822,Santa Giustina Di Santarcangelo,Emilia-Romagna,44.0485,12.4438
47822,Santarcangelo Di Romagna,Emilia-Romagna,44.0485,12.4438
47822,Sant'Ermete,Emilia-Romagna,44.0302,12.4816
47822,Montalbano Di Santarcangelo Di Romagna,Emilia-Romagna,44.0549,12.3758
47822,San Martino Dei Mulini,Emilia-Romagna,44.0318,12.464
47822,San Vito,Emilia-Romagna,44.0856,12.4697
47824,Poggio Berni,Emilia-Romagna,44.0264,12.4094
47824,Poggio Torriana,Emilia-Romagna,44.0095,12.3996
47824,Santo Marino,Emilia-Romagna,44.0143,12.4072
47824,Trebbio,Emilia-Romagna,44.0126,12.3965
47824,Torriana,Emilia-Romagna,43.9849,12.3854
47826,Verucchio,Emilia-Romagna,43.9817,12.4232
47826,Villa Verucchio,Emilia-Romagna,44.0051,12.4358
47832,San Clemente,Emilia-Romagna,43.9327,12.6271
47832,Sant'Andrea In Casale,Emilia-Romagna,43.9333,12.65
47833,Morciano Di Romagna,Emilia-Romagna,43.9144,12.651
47834,Serbadone,Emilia-Romagna,43.8983,12.636
47834,Montefiore Conca,Emilia-Romagna,43.8892,12.6114
47835,Saludecio,Emilia-Romagna,43.8754,12.6612
47835,Santa Maria Del Monte,Emilia-Romagna,43.8923,12.6789
47836,Mondaino,Emilia-Romagna,43.858,12.6685
47837,Montegridolfo,Emilia-Romagna,43.8583,12.69
47838,Riccione,Emilia-Romagna,43.9994,12.6569
47841,Cattolica,Emilia-Romagna,43.9618,12.7363
47842,Pianventena,Emilia-Romagna,43.9493,12.7141
47842,San Giovanni In Marignano,Emilia-Romagna,43.9399,12.7117
47842,Montalbano,Emilia-Romagna,43.9588,12.7165
47843,Belvedere,Emilia-Romagna,43.9666,12.7029
47843,Santa Monica,Emilia-Romagna,43.9577,12.6885
47843,Cella,Emilia-Romagna,43.9577,12.6885
47843,Villaggio Argentina,Emilia-Romagna,43.9727,12.6755
47843,Misano Monte,Emilia-Romagna,43.9615,12.6532
47843,Scacciano,Emilia-Romagna,43.9667,12.65
47843,Misano Adriatico,Emilia-Romagna,43.9771,12.698
47853,Ospedaletto,Emilia-Romagna,43.9838,12.5706
47853,Cerasolo,Emilia-Romagna,43.9881,12.5299
47853,Ospedaletto Di Rimini,Emilia-Romagna,43.9838,12.5706
47853,Coriano,Emilia-Romagna,43.9691,12.6005
47853,Sant'Andrea In Besanigo,Emilia-Romagna,43.9834,12.6205
47854,Trarivi,Emilia-Romagna,43.9367,12.544
47854,Montescudo,Emilia-Romagna,43.9175,12.5408
47854,San Savino Di Monte Colombo,Emilia-Romagna,43.9388,12.5961
47854,San Savino,Emilia-Romagna,43.9388,12.5961
47854,Taverna Di Monte Colombo,Emilia-Romagna,43.9259,12.5652
47854,Monte Colombo,Emilia-Romagna,43.9202,12.5523
47854,Santa Maria Del Piano,Emilia-Romagna,43.905,12.5376
47854,Croce,Emilia-Romagna,43.924,12.5895
47855,Onferno,Emilia-Romagna,43.8725,12.5461
47855,Gemmano,Emilia-Romagna,43.9039,12.5809
47861,Casteldelci,Emilia-Romagna,43.7912,12.1551
47862,Maiolo,Emilia-Romagna,43.873,12.3113
47863,Ponte Molino Baffoni,Emilia-Romagna,43.8696,12.273
47863,Secchiano Marecchia,Emilia-Romagna,43.8696,12.273
47863,Perticara,Emilia-Romagna,43.9057,12.2416
47863,Novafeltria,Emilia-Romagna,43.8949,12.2889
47864,Maciano,Emilia-Romagna,43.8429,12.2823
47864,Ponte Messa,Emilia-Romagna,43.8217,12.2488
47864,Pennabilli,Emilia-Romagna,43.8175,12.2671
47864,Molino Di Bascio,Emilia-Romagna,43.8696,12.273
47864,Soanne,Emilia-Romagna,43.8696,12.273
47865,Montemaggio,Emilia-Romagna,43.8696,12.273
47865,Pietracuta,Emilia-Romagna,43.954,12.3714
47865,San Leo,Emilia-Romagna,43.8964,12.3446
47866,Sant'Agata Feltria,Emilia-Romagna,43.8628,12.2069
47866,San Donato,Emilia-Romagna,43.8696,12.273
47867,Talamello,Emilia-Romagna,43.9057,12.2848
47900,Bellariva,Emilia-Romagna,44.0465,12.6011
47900,Santa Giustina,Emilia-Romagna,44.0678,12.485
47900,Viserbella,Emilia-Romagna,44.0946,12.5267
47900,Torre Pedrera,Emilia-Romagna,44.1069,12.5127
47900,Gaiofana,Emilia-Romagna,44.0052,12.5688
47900,Vergiano,Emilia-Romagna,44.0409,12.5025
47900,Rivazzurra,Emilia-Romagna,44.0419,12.6089
47900,San Fortunato,Emilia-Romagna,44.0306,12.5422
47900,Corpolo',Emilia-Romagna,44.0191,12.4527
47900,Santa Aquilina,Emilia-Romagna,44.0499,12.5461
47900,San Giuliano A Mare,Emilia-Romagna,44.0499,12.5461
47900,Rivabella,Emilia-Romagna,44.0774,12.551
47900,Rimini,Emilia-Romagna,44.0575,12.5653
47900,Miramare Di Rimini,Emilia-Romagna,44.0147,12.611
47900,San Lorenzo In Correggiano,Emilia-Romagna,44.0064,12.5808
47900,Viserba,Emilia-Romagna,44.0889,12.5366
47921,Rimini,Emilia-Romagna,44.0575,12.5653
47922,Rimini,Emilia-Romagna,44.0575,12.5653
47923,Rimini,Emilia-Romagna,44.0575,12.5653
47924,Rimini,Emilia-Romagna,44.0575,12.5653
34070,Rupa,Friuli-Venezia Giulia,45.8923,13.5907
34070,Venco',Friuli-Venezia Giulia,46.0037,13.4663
34070,Mossa,Friuli-Venezia Giulia,45.9367,13.5493
34070,Turriaco,Friuli-Venezia Giulia,45.8212,13.4437
34070,Scrio',Friuli-Venezia Giulia,46.0331,13.5043
34070,Fogliano Redipuglia,Friuli-Venezia Giulia,45.8656,13.4822
34070,Gabria,Friuli-Venezia Giulia,45.8925,13.5735
34070,Mernicco,Friuli-Venezia Giulia,45.9071,13.511
34070,Giasbana,Friuli-Venezia Giulia,45.9071,13.511
34070,San Pier D'Isonzo,Friuli-Venezia Giulia,45.8445,13.4676
34070,Moraro,Friuli-Venezia Giulia,45.9297,13.4957
34070,Redipuglia Sacrario,Friuli-Venezia Giulia,45.9071,13.511
34070,Redipuglia,Friuli-Venezia Giulia,45.8458,13.4865
34070,Corona,Friuli-Venezia Giulia,45.9209,13.4808
34070,Lonzano,Friuli-Venezia Giulia,46.0167,13.4833
34070,Savogna D'Isonzo,Friuli-Venezia Giulia,45.9089,13.5794
34070,Cassegliano,Friuli-Venezia Giulia,45.8411,13.4439
34070,Mariano Del Friuli,Friuli-Venezia Giulia,45.9151,13.4595
34070,Marcottini,Friuli-Venezia Giulia,45.8607,13.5493
34070,Dolegna Del Collio,Friuli-Venezia Giulia,46.0309,13.4788
34070,Capriva Del Friuli,Friuli-Venezia Giulia,45.9409,13.5142
34070,Villesse,Friuli-Venezia Giulia,45.8653,13.4438
34070,Jamiano,Friuli-Venezia Giulia,45.8183,13.5819
34070,San Michele Del Carso,Friuli-Venezia Giulia,45.8822,13.5606
34070,San Lorenzo Isontino,Friuli-Venezia Giulia,45.9302,13.5252
34070,Polazzo,Friuli-Venezia Giulia,45.8567,13.4869
34070,Doberdo' Del Lago,Friuli-Venezia Giulia,45.8444,13.5391
34070,San Floriano Del Collio,Friuli-Venezia Giulia,45.9809,13.5888
34071,Borgnano,Friuli-Venezia Giulia,45.9313,13.4426
34071,Cormons,Friuli-Venezia Giulia,45.9553,13.4668
34071,Brazzano,Friuli-Venezia Giulia,45.9756,13.4544
34072,Farra D'Isonzo,Friuli-Venezia Giulia,45.908,13.5165
34072,Gradisca D'Isonzo,Friuli-Venezia Giulia,45.8925,13.5017
34073,Grado,Friuli-Venezia Giulia,45.6777,13.4032
34073,Grado Pineta,Friuli-Venezia Giulia,45.6814,13.4295
34073,Grado Citta' Giardino,Friuli-Venezia Giulia,45.6796,13.4164
34073,Fossalon,Friuli-Venezia Giulia,45.6796,13.4164
34073,Rotta Primero,Friuli-Venezia Giulia,45.6796,13.4164
34074,Monfalcone,Friuli-Venezia Giulia,45.8046,13.5329
34074,Marina Julia,Friuli-Venezia Giulia,45.7767,13.5292
34075,Pieris,Friuli-Venezia Giulia,45.8124,13.4492
34075,Begliano,Friuli-Venezia Giulia,45.8198,13.4659
34075,San Canzian D'Isonzo,Friuli-Venezia Giulia,45.7975,13.4664
34075,Isola Morosini,Friuli-Venezia Giulia,45.7681,13.4347
34076,Romans D'Isonzo,Friuli-Venezia Giulia,45.8882,13.4419
34076,Versa,Friuli-Venezia Giulia,45.9,13.4182
34076,Medea,Friuli-Venezia Giulia,45.9175,13.4244
34076,Fratta,Friuli-Venezia Giulia,45.9081,13.4391
34077,Vermegliano,Friuli-Venezia Giulia,45.8353,13.5125
34077,Ronchi Dei Legionari,Friuli-Venezia Giulia,45.8273,13.5042
34078,Poggio Terzarmata,Friuli-Venezia Giulia,45.8875,13.5194
34078,San Martino Del Carso,Friuli-Venezia Giulia,45.8758,13.5353
34078,Sagrado,Friuli-Venezia Giulia,45.8739,13.4842
34079,Bistrigna,Friuli-Venezia Giulia,45.7933,13.5017
34079,Staranzano,Friuli-Venezia Giulia,45.8023,13.5023
34170,Piedimonte Del Calvario,Friuli-Venezia Giulia,45.9519,13.6058
34170,Gorizia,Friuli-Venezia Giulia,45.9409,13.6217
34170,Lucinico,Friuli-Venezia Giulia,45.9339,13.5736
34170,Oslavia,Friuli-Venezia Giulia,45.9708,13.6147
34170,Piuma,Friuli-Venezia Giulia,45.9619,13.6133
33070,Brugnera,Friuli-Venezia Giulia,45.8995,12.5418
33070,Sarone,Friuli-Venezia Giulia,45.9919,12.4608
33070,Polcenigo,Friuli-Venezia Giulia,46.0382,12.5032
33070,Tamai,Friuli-Venezia Giulia,45.9243,12.5719
33070,Maron,Friuli-Venezia Giulia,45.9,12.5556
33070,Caneva,Friuli-Venezia Giulia,45.9708,12.4526
33070,Santa Lucia Di Budoia,Friuli-Venezia Giulia,46.0431,12.5256
33070,San Giovanni Di Polcenigo,Friuli-Venezia Giulia,45.9853,12.52
33070,Stevena',Friuli-Venezia Giulia,45.9853,12.52
33070,Dardago,Friuli-Venezia Giulia,46.0556,12.5344
33070,Budoia,Friuli-Venezia Giulia,46.0445,12.5343
33072,Casarsa Della Delizia,Friuli-Venezia Giulia,45.9509,12.8425
33072,San Giovanni Di Casarsa,Friuli-Venezia Giulia,45.945,12.835
33074,Ceolini,Friuli-Venezia Giulia,45.991,12.6019
33074,Nave,Friuli-Venezia Giulia,45.979,12.5027
33074,Vigonovo,Friuli-Venezia Giulia,45.9893,12.5471
33074,Fontanafredda,Friuli-Venezia Giulia,45.9756,12.5683
33075,Mussons,Friuli-Venezia Giulia,45.8469,12.9651
33075,Cordovado,Friuli-Venezia Giulia,45.8442,12.8854
33075,Morsano Al Tagliamento,Friuli-Venezia Giulia,45.8597,12.9277
33076,Pravisdomini,Friuli-Venezia Giulia,45.8197,12.6948
33076,Barco,Friuli-Venezia Giulia,45.8189,12.6717
33077,Sacile,Friuli-Venezia Giulia,45.9541,12.5027
33077,Schiavoi,Friuli-Venezia Giulia,45.9333,12.5
33077,Cavolano,Friuli-Venezia Giulia,45.9333,12.5
33077,San Giovanni Di Livenza,Friuli-Venezia Giulia,45.9203,12.5156
33078,San Vito Al Tagliamento,Friuli-Venezia Giulia,45.9168,12.8595
33078,Gleris,Friuli-Venezia Giulia,45.896,12.8749
33078,Savorgnano,Friuli-Venezia Giulia,45.8961,12.8533
33079,Casette,Friuli-Venezia Giulia,45.8541,12.8798
33079,Sesto Al Reghena,Friuli-Venezia Giulia,45.8494,12.813
33079,Ramuscello,Friuli-Venezia Giulia,45.881,12.8846
33079,Bagnarola,Friuli-Venezia Giulia,45.8669,12.8589
33080,Puia,Friuli-Venezia Giulia,45.8786,12.5675
33080,Porcia,Friuli-Venezia Giulia,45.963,12.6164
33080,Palse,Friuli-Venezia Giulia,45.9468,12.6061
33080,Barcis,Friuli-Venezia Giulia,46.1907,12.5607
33080,Ghirano,Friuli-Venezia Giulia,45.8449,12.5648
33080,Claut,Friuli-Venezia Giulia,46.2685,12.5144
33080,Fiume Veneto,Friuli-Venezia Giulia,45.9286,12.7381
33080,Poffabro,Friuli-Venezia Giulia,46.216,12.7091
33080,Castions,Friuli-Venezia Giulia,45.9722,12.7996
33080,Andreis,Friuli-Venezia Giulia,46.2015,12.6145
33080,Bannia,Friuli-Venezia Giulia,45.897,12.7652
33080,Prata Di Pordenone,Friuli-Venezia Giulia,45.8944,12.5884
33080,Sedrano,Friuli-Venezia Giulia,46.0526,12.6648
33080,Cimpello,Friuli-Venezia Giulia,46.0388,12.6531
33080,Roraipiccolo,Friuli-Venezia Giulia,46.0388,12.6531
33080,Cimolais,Friuli-Venezia Giulia,46.289,12.4379
33080,Erto E Casso,Friuli-Venezia Giulia,46.0388,12.6531
33080,Frisanco,Friuli-Venezia Giulia,46.2125,12.7263
33080,Roveredo In Piano,Friuli-Venezia Giulia,46.0085,12.6194
33080,Vajont,Friuli-Venezia Giulia,46.1453,12.6965
33080,Zoppola,Friuli-Venezia Giulia,45.9662,12.7683
33080,Orcenico Inferiore,Friuli-Venezia Giulia,45.9498,12.7645
33080,San Foca,Friuli-Venezia Giulia,46.059,12.6947
33080,Villanova,Friuli-Venezia Giulia,45.9336,12.6736
33080,San Quirino,Friuli-Venezia Giulia,46.0341,12.6785
33081,Glera,Friuli-Venezia Giulia,46.0944,12.609
33081,Aviano,Friuli-Venezia Giulia,46.0706,12.5947
33081,San Martino Di Campagna,Friuli-Venezia Giulia,46.0725,12.6522
33081,Marsure,Friuli-Venezia Giulia,46.094,12.5953
33081,Selva,Friuli-Venezia Giulia,46.1217,12.6114
33081,Cortina,Friuli-Venezia Giulia,46.1167,12.6167
33081,Giais,Friuli-Venezia Giulia,46.118,12.6096
33081,Castello,Friuli-Venezia Giulia,46.0676,12.5832
33082,Fagnigola,Friuli-Venezia Giulia,45.8544,12.6843
33082,Tiezzo,Friuli-Venezia Giulia,45.8936,12.6728
33082,Azzano Decimo,Friuli-Venezia Giulia,45.9094,12.6642
33082,Corva,Friuli-Venezia Giulia,45.9156,12.6592
33083,Chions,Friuli-Venezia Giulia,45.8455,12.7123
33083,Taiedo,Friuli-Venezia Giulia,45.9417,12.5917
33083,Villotta,Friuli-Venezia Giulia,45.8634,12.7542
33084,Musil,Friuli-Venezia Giulia,45.9685,12.6957
33084,Cordenons,Friuli-Venezia Giulia,45.9836,12.7004
33084,Villa D'Arco,Friuli-Venezia Giulia,45.9995,12.6656
33085,Campagna,Friuli-Venezia Giulia,46.1462,12.7422
33085,Maniago,Friuli-Venezia Giulia,46.1664,12.706
33086,San Leonardo,Friuli-Venezia Giulia,46.0978,12.6822
33086,Malnisio,Friuli-Venezia Giulia,46.1475,12.6306
33086,Montereale Valcellina,Friuli-Venezia Giulia,46.1511,12.6477
33086,San Leonardo Valcellina,Friuli-Venezia Giulia,46.0978,12.6822
33087,Cecchini,Friuli-Venezia Giulia,45.8655,12.6222
33087,Rivarotta,Friuli-Venezia Giulia,45.8459,12.5788
33087,Pasiano,Friuli-Venezia Giulia,45.8497,12.6272
33087,Visinale,Friuli-Venezia Giulia,45.8962,12.6137
33087,Pozzo,Friuli-Venezia Giulia,46.0473,12.8902
33087,Pasiano Di Pordenone,Friuli-Venezia Giulia,45.9009,12.6664
33090,Toppo,Friuli-Venezia Giulia,46.2014,12.8293
33090,Sequals,Friuli-Venezia Giulia,46.1638,12.8304
33090,Castelnovo Del Friuli,Friuli-Venezia Giulia,46.2167,12.8565
33090,Solimbergo,Friuli-Venezia Giulia,46.177,12.8187
33090,Chievolis,Friuli-Venezia Giulia,46.2547,12.7358
33090,Usago,Friuli-Venezia Giulia,46.1837,12.8769
33090,Travesio,Friuli-Venezia Giulia,46.1967,12.8674
33090,Campone,Friuli-Venezia Giulia,46.2602,12.832
33090,Arba,Friuli-Venezia Giulia,46.1461,12.7901
33090,Anduins,Friuli-Venezia Giulia,46.2331,12.9583
33090,Lestans,Friuli-Venezia Giulia,46.1579,12.8887
33090,Colle,Friuli-Venezia Giulia,46.1631,12.8086
33090,Tramonti Di Sopra,Friuli-Venezia Giulia,46.3102,12.7899
33090,Clauzetto,Friuli-Venezia Giulia,46.2293,12.9166
33090,Tramonti Di Sotto,Friuli-Venezia Giulia,46.2847,12.7964
33090,Casiacco,Friuli-Venezia Giulia,46.2181,12.9555
33090,Vito D'Asio,Friuli-Venezia Giulia,46.2282,12.9389
33090,Pielungo,Friuli-Venezia Giulia,46.276,12.9276
33092,Cavasso Nuovo,Friuli-Venezia Giulia,46.1944,12.7719
33092,Fanna,Friuli-Venezia Giulia,46.1845,12.7516
33092,Meduno,Friuli-Venezia Giulia,46.2152,12.7993
33094,Pinzano Al Tagliamento,Friuli-Venezia Giulia,46.1822,12.9443
33094,Valeriano,Friuli-Venezia Giulia,46.1671,12.9216
33095,San Giorgio Della Richinvelda,Friuli-Venezia Giulia,46.0478,12.8687
33095,Provesano,Friuli-Venezia Giulia,46.0667,12.8853
33095,Rauscedo,Friuli-Venezia Giulia,46.0408,12.8247
33095,Domanins,Friuli-Venezia Giulia,46.0267,12.8211
33097,Istrago,Friuli-Venezia Giulia,46.1242,12.8814
33097,Tauriano,Friuli-Venezia Giulia,46.1069,12.8658
33097,Spilimbergo,Friuli-Venezia Giulia,46.1134,12.8924
33097,Barbeano,Friuli-Venezia Giulia,46.0873,12.8688
33097,Vacile,Friuli-Venezia Giulia,46.1409,12.8894
33098,San Lorenzo,Friuli-Venezia Giulia,45.9811,12.8316
33098,Valvasone,Friuli-Venezia Giulia,45.9933,12.8666
33098,Arzene,Friuli-Venezia Giulia,45.9997,12.8503
33098,Valvasone Arzene,Friuli-Venezia Giulia,45.9978,12.8546
33098,San Martino Al Tagliamento,Friuli-Venezia Giulia,46.017,12.8699
33099,Vivaro,Friuli-Venezia Giulia,46.0766,12.7791
33170,Pordenone,Friuli-Venezia Giulia,45.9569,12.6605
33170,Borgo Meduna,Friuli-Venezia Giulia,45.9476,12.6526
33170,Comina (La),Friuli-Venezia Giulia,45.9476,12.6526
33170,La Comina,Friuli-Venezia Giulia,45.9476,12.6526
33170,Vallenoncello,Friuli-Venezia Giulia,45.9383,12.6447
34010,Sgonico,Friuli-Venezia Giulia,45.7358,13.7471
34011,Sistiana,Friuli-Venezia Giulia,45.7724,13.6382
34011,Visogliano,Friuli-Venezia Giulia,45.7758,13.6469
34011,Villaggio Del Pescatore,Friuli-Venezia Giulia,45.7808,13.5869
34011,Duino Aurisina,Friuli-Venezia Giulia,45.7695,13.6395
34011,Aurisina,Friuli-Venezia Giulia,45.7497,13.6735
34011,Duino,Friuli-Venezia Giulia,45.7734,13.6044
34011,San Pelagio,Friuli-Venezia Giulia,45.7647,13.6869
34012,Basovizza,Friuli-Venezia Giulia,45.6417,13.8632
34014,Grignano,Friuli-Venezia Giulia,45.7082,13.7146
34014,Santa Croce,Friuli-Venezia Giulia,45.7347,13.6928
34014,Santa Croce Di Trieste,Friuli-Venezia Giulia,45.7347,13.6928
34015,San Rocco,Friuli-Venezia Giulia,45.6078,13.7561
34015,Muggia,Friuli-Venezia Giulia,45.6042,13.7675
34015,Aquilinia,Friuli-Venezia Giulia,45.6052,13.8084
34015,Stramare,Friuli-Venezia Giulia,45.5854,13.8002
34016,Monrupino,Friuli-Venezia Giulia,45.7228,13.791
34017,Prosecco,Friuli-Venezia Giulia,45.7081,13.7338
34018,San Giuseppe Della Chiusa,Friuli-Venezia Giulia,45.6262,13.8407
34018,Domio,Friuli-Venezia Giulia,45.6105,13.831
34018,Sant'Antonio In Bosco,Friuli-Venezia Giulia,45.6245,13.8581
34018,San Dorligo Della Valle,Friuli-Venezia Giulia,45.6008,13.8593
34018,Bagnoli Della Rosandra,Friuli-Venezia Giulia,45.6111,13.8495
34100,Trieste,Friuli-Venezia Giulia,45.6495,13.7768
34121,Trieste,Friuli-Venezia Giulia,45.6495,13.7768
34122,Trieste,Friuli-Venezia Giulia,45.6495,13.7768
34123,Trieste,Friuli-Venezia Giulia,45.6495,13.7768
34124,Trieste,Friuli-Venezia Giulia,45.6495,13.7768
34125,Trieste,Friuli-Venezia Giulia,45.6495,13.7768
34126,Trieste,Friuli-Venezia Giulia,45.6495,13.7768
34127,Trieste,Friuli-Venezia Giulia,45.6495,13.7768
34128,Trieste,Friuli-Venezia Giulia,45.6495,13.7768
34129,Trieste,Friuli-Venezia Giulia,45.6495,13.7768
34130,Trieste,Friuli-Venezia Giulia,45.6495,13.7768
34131,Trieste,Friuli-Venezia Giulia,45.6495,13.7768
34132,Trieste,Friuli-Venezia Giulia,45.6495,13.7768
34133,Trieste,Friuli-Venezia Giulia,45.6495,13.7768
34134,Trieste,Friuli-Venezia Giulia,45.6495,13.7768
34135,Trieste,Friuli-Venezia Giulia,45.6495,13.7768
34136,Trieste,Friuli-Venezia Giulia,45.6495,13.7768
34136,Cedas,Friuli-Venezia Giulia,45.6943,13.7378
34137,Trieste,Friuli-Venezia Giulia,45.6495,13.7768
34138,Trieste,Friuli-Venezia Giulia,45.6495,13.7768
34139,Trieste,Friuli-Venezia Giulia,45.6495,13.7768
34140,Trieste,Friuli-Venezia Giulia,45.6495,13.7768
34141,Trieste,Friuli-Venezia Giulia,45.6495,13.7768
34142,Trieste,Friuli-Venezia Giulia,45.6495,13.7768
34143,Trieste,Friuli-Venezia Giulia,45.6495,13.7768
34144,Trieste,Friuli-Venezia Giulia,45.6495,13.7768
34145,Trieste,Friuli-Venezia Giulia,45.6495,13.7768
34146,Trieste,Friuli-Venezia Giulia,45.6495,13.7768
34147,Trieste,Friuli-Venezia Giulia,45.6495,13.7768
34147,Aquilinia,Friuli-Venezia Giulia,45.6052,13.8084
34148,Trieste,Friuli-Venezia Giulia,45.6495,13.7768
34149,Trieste,Friuli-Venezia Giulia,45.6495,13.7768
34149,Cattinara,Friuli-Venezia Giulia,45.6347,13.8279
34150,Trieste,Friuli-Venezia Giulia,45.6495,13.7768
34151,Trieste,Friuli-Venezia Giulia,45.6495,13.7768
33010,La Carnia,Friuli-Venezia Giulia,46.2643,13.21
33010,Chiusaforte,Friuli-Venezia Giulia,46.4066,13.3055
33010,Tavagnacco,Friuli-Venezia Giulia,46.1098,13.2225
33010,Treppo Grande,Friuli-Venezia Giulia,46.1999,13.1535
33010,Vendoglio,Friuli-Venezia Giulia,46.2643,13.21
33010,Colugna,Friuli-Venezia Giulia,46.091,13.2028
33010,Peonis,Friuli-Venezia Giulia,46.2579,13.0399
33010,Colloredo Di Monte Albano,Friuli-Venezia Giulia,46.1647,13.1386
33010,Reana Del Roiale,Friuli-Venezia Giulia,46.1373,13.2232
33010,Valbruna,Friuli-Venezia Giulia,46.4903,13.4908
33010,Borgo Zurini,Friuli-Venezia Giulia,46.2643,13.21
33010,Resia,Friuli-Venezia Giulia,46.3736,13.3066
33010,Cassacco,Friuli-Venezia Giulia,46.1735,13.1924
33010,Lauzzana,Friuli-Venezia Giulia,46.1586,13.1228
33010,Lusevera,Friuli-Venezia Giulia,46.2753,13.2692
33010,Venzone,Friuli-Venezia Giulia,46.3303,13.1383
33010,Trasaghis,Friuli-Venezia Giulia,46.2816,13.0755
33010,Bordano,Friuli-Venezia Giulia,46.3153,13.1053
33010,Adegliacco,Friuli-Venezia Giulia,46.1167,13.2428
33010,Resiutta,Friuli-Venezia Giulia,46.3937,13.218
33010,Stolvizza,Friuli-Venezia Giulia,46.3614,13.3553
33010,Malborghetto,Friuli-Venezia Giulia,46.5068,13.4395
33010,Pagnacco,Friuli-Venezia Giulia,46.1146,13.1838
33010,Malborghetto Valbruna,Friuli-Venezia Giulia,46.5068,13.4395
33010,Feletto Umberto,Friuli-Venezia Giulia,46.1032,13.222
33010,Carvacco,Friuli-Venezia Giulia,46.1844,13.1428
33010,Magnano In Riviera,Friuli-Venezia Giulia,46.2237,13.1948
33010,Vergnacco,Friuli-Venezia Giulia,46.1591,13.2437
33010,Cavalicco,Friuli-Venezia Giulia,46.1094,13.236
33010,Alesso,Friuli-Venezia Giulia,46.3162,13.0536
33010,Montenars,Friuli-Venezia Giulia,46.2511,13.1694
33010,Caporiacco,Friuli-Venezia Giulia,46.1463,13.0931
33010,Mels,Friuli-Venezia Giulia,46.1765,13.1095
33010,Carnia,Friuli-Venezia Giulia,46.3734,13.1348
33010,Dogna,Friuli-Venezia Giulia,46.4479,13.315
33010,Osoppo,Friuli-Venezia Giulia,46.2554,13.0845
33010,Avasinis,Friuli-Venezia Giulia,46.2939,13.0507
33010,Vedronza,Friuli-Venezia Giulia,46.2642,13.2588
33010,Braulins,Friuli-Venezia Giulia,46.2848,13.0909
33010,Qualso,Friuli-Venezia Giulia,46.1765,13.243
33010,Ugovizza,Friuli-Venezia Giulia,46.5109,13.4727
33011,Artegna,Friuli-Venezia Giulia,46.2393,13.154
33013,Gemona Piovega,Friuli-Venezia Giulia,46.2861,13.1231
33013,Ospedaletto Di Gemona,Friuli-Venezia Giulia,46.2981,13.1239
33013,Gemona Del Friuli,Friuli-Venezia Giulia,46.2741,13.1224
33015,Moggio Udinese,Friuli-Venezia Giulia,46.4108,13.2014
33015,Moggio Di Sopra,Friuli-Venezia Giulia,46.407,13.1881
33015,Moggio Di Sotto,Friuli-Venezia Giulia,46.4065,13.1951
33016,Pontebba,Friuli-Venezia Giulia,46.5054,13.3062
33017,Collalto,Friuli-Venezia Giulia,46.195,13.1983
33017,Bulfons,Friuli-Venezia Giulia,46.2037,13.2067
33017,Tarcento,Friuli-Venezia Giulia,46.2125,13.2151
33018,Tarvisio,Friuli-Venezia Giulia,46.5057,13.5869
33018,Fusine In Valromana,Friuli-Venezia Giulia,46.496,13.6523
33018,Cave Del Predil,Friuli-Venezia Giulia,46.4405,13.5713
33018,Camporosso In Valcanale,Friuli-Venezia Giulia,46.5096,13.5386
33019,Tricesimo,Friuli-Venezia Giulia,46.1606,13.2157
33019,Leonacco,Friuli-Venezia Giulia,46.1432,13.202
33020,Socchieve,Friuli-Venezia Giulia,46.3965,12.848
33020,Forni Avoltri,Friuli-Venezia Giulia,46.5861,12.7751
33020,Sutrio,Friuli-Venezia Giulia,46.5121,12.9933
33020,Ligosullo,Friuli-Venezia Giulia,46.5401,13.0755
33020,Cavazzo Carnico,Friuli-Venezia Giulia,46.3679,13.0408
33020,Pieria,Friuli-Venezia Giulia,46.5204,12.8033
33020,Rigolato,Friuli-Venezia Giulia,46.5539,12.8462
33020,Preone,Friuli-Venezia Giulia,46.3941,12.8665
33020,Quinis,Friuli-Venezia Giulia,46.4083,12.8794
33020,Pesariis,Friuli-Venezia Giulia,46.5217,12.7717
33020,Sauris,Friuli-Venezia Giulia,46.4662,12.7085
33020,Treppo Carnico,Friuli-Venezia Giulia,46.5332,13.0429
33020,Prato Carnico,Friuli-Venezia Giulia,46.5205,12.8089
33020,Amaro,Friuli-Venezia Giulia,46.3737,13.0937
33020,Forni Di Sotto,Friuli-Venezia Giulia,46.3938,12.6721
33020,Mediis,Friuli-Venezia Giulia,46.4034,12.8234
33020,Cercivento,Friuli-Venezia Giulia,46.5278,12.99
33020,Ravascletto,Friuli-Venezia Giulia,46.525,12.9214
33020,Enemonzo,Friuli-Venezia Giulia,46.4738,12.894
33020,Zuglio,Friuli-Venezia Giulia,46.4583,13.0259
33020,Verzegnis,Friuli-Venezia Giulia,46.4738,12.894
33021,Ampezzo,Friuli-Venezia Giulia,46.4146,12.7963
33022,Arta Terme,Friuli-Venezia Giulia,46.4802,13.0204
33022,Piano D'Arta,Friuli-Venezia Giulia,46.4877,13.0157
33023,Comeglians,Friuli-Venezia Giulia,46.5161,12.8662
33024,Forni Di Sopra,Friuli-Venezia Giulia,46.4203,12.5831
33025,Ovaro,Friuli-Venezia Giulia,46.4841,12.867
33026,Paluzza,Friuli-Venezia Giulia,46.532,13.0159
33026,Cleulis,Friuli-Venezia Giulia,46.5667,13.006
33026,Timau,Friuli-Venezia Giulia,46.5836,13.0051
33027,Salino,Friuli-Venezia Giulia,46.504,13.113
33027,Paularo,Friuli-Venezia Giulia,46.531,13.1189
33027,Dierico,Friuli-Venezia Giulia,46.5181,13.1322
33028,Caneva,Friuli-Venezia Giulia,46.4103,12.995
33028,Cadunea,Friuli-Venezia Giulia,46.4528,13.0364
33028,Tolmezzo,Friuli-Venezia Giulia,46.4,13.0205
33028,Imponzo,Friuli-Venezia Giulia,46.4467,13.0401
33028,Illegio,Friuli-Venezia Giulia,46.4292,13.0566
33028,Caneva Di Tolmezzo,Friuli-Venezia Giulia,46.4103,12.995
33028,Terzo Di Tolmezzo,Friuli-Venezia Giulia,46.4325,13.0202
33029,Invillino,Friuli-Venezia Giulia,46.4064,12.9383
33029,Chiassis,Friuli-Venezia Giulia,46.4376,12.8854
33029,Villa Santina,Friuli-Venezia Giulia,46.4137,12.9244
33029,Lauco,Friuli-Venezia Giulia,46.424,12.9322
33029,Trava,Friuli-Venezia Giulia,46.4386,12.8994
33029,Raveo,Friuli-Venezia Giulia,46.4339,12.8716
33030,Forgaria Nel Friuli,Friuli-Venezia Giulia,46.2204,12.9747
33030,Cornino,Friuli-Venezia Giulia,46.2228,13.006
33030,Rive D'Arcano,Friuli-Venezia Giulia,46.1272,13.0322
33030,Vidulis,Friuli-Venezia Giulia,46.0986,12.9475
33030,Flagogna,Friuli-Venezia Giulia,46.2085,12.9597
33030,Cisterna,Friuli-Venezia Giulia,46.0857,12.9882
33030,Muris Di Ragogna,Friuli-Venezia Giulia,46.1883,12.995
33030,Buja,Friuli-Venezia Giulia,46.2066,13.1158
33030,Urbignacco,Friuli-Venezia Giulia,46.2186,13.1343
33030,Bressa,Friuli-Venezia Giulia,46.0345,13.1472
33030,Campoformido,Friuli-Venezia Giulia,46.0195,13.1575
33030,Ragogna,Friuli-Venezia Giulia,46.0864,13.0454
33030,Flumignano,Friuli-Venezia Giulia,45.9219,13.1464
33030,Santa Margherita,Friuli-Venezia Giulia,46.1101,13.1488
33030,Cisterna Del Friuli,Friuli-Venezia Giulia,46.0857,12.9882
33030,Muris,Friuli-Venezia Giulia,46.1883,12.995
33030,Majano,Friuli-Venezia Giulia,46.1875,13.0616
33030,Roveredo,Friuli-Venezia Giulia,45.8935,13.0023
33030,Santo Stefano Di Buja,Friuli-Venezia Giulia,46.2086,13.1263
33030,Coseano,Friuli-Venezia Giulia,46.0964,13.0203
33030,Flaibano,Friuli-Venezia Giulia,46.0584,12.9842
33030,Varmo,Friuli-Venezia Giulia,45.8863,12.9901
33030,Camino Al Tagliamento,Friuli-Venezia Giulia,45.9277,12.9449
33030,Avilla,Friuli-Venezia Giulia,46.205,13.1058
33030,Carpacco,Friuli-Venezia Giulia,46.1191,12.9592
33030,Dignano,Friuli-Venezia Giulia,46.0839,12.9401
33030,Brazzacco,Friuli-Venezia Giulia,46.1213,13.1592
33030,San Pietro,Friuli-Venezia Giulia,46.1837,12.9655
33030,Talmassons,Friuli-Venezia Giulia,45.9281,13.122
33030,San Tomaso,Friuli-Venezia Giulia,46.1872,13.0319
33030,Basaldella,Friuli-Venezia Giulia,46.0253,13.2172
33030,San Vito Di Fagagna,Friuli-Venezia Giulia,46.091,13.0657
33030,Canussio,Friuli-Venezia Giulia,45.8426,12.9936
33030,Madonna Di Buja,Friuli-Venezia Giulia,46.2247,13.1231
33030,Rodeano,Friuli-Venezia Giulia,46.1109,13.0111
33030,Moruzzo,Friuli-Venezia Giulia,46.1197,13.124
33030,Romans Di Varmo,Friuli-Venezia Giulia,45.8994,13.0191
33030,Rodeano Basso,Friuli-Venezia Giulia,46.1109,13.0111
33030,Romans,Friuli-Venezia Giulia,45.8994,13.0191
33030,San Giacomo,Friuli-Venezia Giulia,46.1731,12.9834
33030,Flambro,Friuli-Venezia Giulia,45.9361,13.0961
33030,Silvella,Friuli-Venezia Giulia,46.0872,13.0495
33031,Orgnano,Friuli-Venezia Giulia,46.0073,13.1421
33031,Vissandone,Friuli-Venezia Giulia,46.0228,13.0931
33031,Basiliano,Friuli-Venezia Giulia,46.0142,13.07
33031,Variano,Friuli-Venezia Giulia,46.0268,13.1136
33031,Blessano,Friuli-Venezia Giulia,46.0399,13.1043
33031,Villaorba,Friuli-Venezia Giulia,46.0102,13.0699
33031,Basagliapenta,Friuli-Venezia Giulia,45.9969,13.0815
33032,Bertiolo,Friuli-Venezia Giulia,45.9446,13.0561
33032,Pozzecco,Friuli-Venezia Giulia,45.9583,13.0909
33033,Codroipo,Friuli-Venezia Giulia,45.9647,12.9799
33033,Beano,Friuli-Venezia Giulia,45.9949,13.028
33033,Rivolto,Friuli-Venezia Giulia,45.9586,13.0197
33033,Lonca,Friuli-Venezia Giulia,45.9458,13.0239
33033,Biauzzo,Friuli-Venezia Giulia,45.9531,12.9302
33033,Goricizza E Pozzo,Friuli-Venezia Giulia,45.9634,12.9963
33034,Fagagna,Friuli-Venezia Giulia,46.107,13.0936
33034,Ciconicco,Friuli-Venezia Giulia,46.1019,13.0969
33034,Madrisio,Friuli-Venezia Giulia,46.1193,13.0598
33035,Nogaredo Di Prato,Friuli-Venezia Giulia,46.0756,13.1344
33035,Martignacco,Friuli-Venezia Giulia,46.0931,13.1397
33035,Torreano Di Martignacco,Friuli-Venezia Giulia,46.1056,13.1553
33036,San Marco,Friuli-Venezia Giulia,46.0563,13.0847
33036,Plasencis,Friuli-Venezia Giulia,46.0682,13.0768
33036,Pantianicco,Friuli-Venezia Giulia,46.0235,13.0356
33036,Tomba,Friuli-Venezia Giulia,46.0493,13.0658
33036,Mereto Di Tomba,Friuli-Venezia Giulia,46.0513,13.0443
33037,Passons,Friuli-Venezia Giulia,46.0689,13.1892
33037,Colloredo Di Prato,Friuli-Venezia Giulia,46.0512,13.1439
33037,Pasian Di Prato,Friuli-Venezia Giulia,46.0467,13.1878
33038,Villanova,Friuli-Venezia Giulia,46.1323,12.9708
33038,Villanova Di San Daniele,Friuli-Venezia Giulia,46.1323,12.9708
33038,San Daniele Del Friuli,Friuli-Venezia Giulia,46.1571,13.0073
33039,Coderno,Friuli-Venezia Giulia,46.0291,12.9909
33039,Gradisca Di Sedegliano,Friuli-Venezia Giulia,46.0015,12.9633
33039,Sedegliano,Friuli-Venezia Giulia,46.014,12.9773
33039,Turrida,Friuli-Venezia Giulia,46.0282,12.9348
33039,San Lorenzo,Friuli-Venezia Giulia,45.9992,12.9977
33040,Orsaria,Friuli-Venezia Giulia,46.0386,13.3825
33040,Torreano,Friuli-Venezia Giulia,46.1279,13.4293
33040,Magredis,Friuli-Venezia Giulia,46.1456,13.3075
33040,Clodig,Friuli-Venezia Giulia,46.1562,13.594
33040,Castelmonte,Friuli-Venezia Giulia,46.0925,13.5219
33040,Prepotto,Friuli-Venezia Giulia,46.0452,13.4792
33040,Ravosa,Friuli-Venezia Giulia,46.1517,13.3014
33040,Drenchia,Friuli-Venezia Giulia,46.1834,13.6358
33040,San Leonardo,Friuli-Venezia Giulia,46.1191,13.5309
33040,Visco,Friuli-Venezia Giulia,45.8919,13.3486
33040,Primulacco,Friuli-Venezia Giulia,46.1443,13.2759
33040,Premariacco,Friuli-Venezia Giulia,46.0614,13.3946
33040,Pradamano,Friuli-Venezia Giulia,46.0339,13.3022
33040,Taipana,Friuli-Venezia Giulia,46.2491,13.3415
33040,Grimacco,Friuli-Venezia Giulia,46.0831,13.3877
33040,Podresca,Friuli-Venezia Giulia,46.0831,13.3877
33040,Tapogliano,Friuli-Venezia Giulia,45.876,13.3996
33040,Povoletto,Friuli-Venezia Giulia,46.1157,13.2917
33040,Faedis,Friuli-Venezia Giulia,46.1493,13.3446
33040,Stregna,Friuli-Venezia Giulia,46.1269,13.5776
33040,Campeglio,Friuli-Venezia Giulia,46.13,13.3625
33040,Attimis,Friuli-Venezia Giulia,46.1902,13.3113
33040,Paciug,Friuli-Venezia Giulia,46.0831,13.3877
33040,Ipplis,Friuli-Venezia Giulia,46.0432,13.4101
33040,Corno Di Rosazzo,Friuli-Venezia Giulia,45.9911,13.4437
33040,Grions,Friuli-Venezia Giulia,46.0368,12.968
33040,Moimacco,Friuli-Venezia Giulia,46.0915,13.3727
33040,Racchiuso,Friuli-Venezia Giulia,46.1672,13.3275
33040,Savogna,Friuli-Venezia Giulia,46.1585,13.5309
33040,Cavenzano,Friuli-Venezia Giulia,45.8631,13.3894
33040,Campolongo Al Torre,Friuli-Venezia Giulia,45.8639,13.3967
33040,Savorgnano Del Torre,Friuli-Venezia Giulia,46.165,13.2722
33041,Joannis,Friuli-Venezia Giulia,45.8728,13.3604
33041,Aiello Del Friuli,Friuli-Venezia Giulia,45.8728,13.3604
33042,Buttrio,Friuli-Venezia Giulia,46.011,13.3335
33043,Sanguarzo,Friuli-Venezia Giulia,46.1058,13.4555
33043,Purgessimo,Friuli-Venezia Giulia,46.1033,13.4781
33043,Cividale Del Friuli,Friuli-Venezia Giulia,46.0902,13.4286
33044,Manzano,Friuli-Venezia Giulia,45.9884,13.3767
33045,Nimis,Friuli-Venezia Giulia,46.2066,13.2678
33046,Pulfero,Friuli-Venezia Giulia,46.1738,13.4836
33047,Cerneglons,Friuli-Venezia Giulia,46.0524,13.3096
33047,Orzano,Friuli-Venezia Giulia,46.0665,13.3451
33047,Remanzacco,Friuli-Venezia Giulia,46.0854,13.3236
33047,Ziracco,Friuli-Venezia Giulia,46.1119,13.3433
33048,Chiopris Viscone,Friuli-Venezia Giulia,45.9555,13.4074
33048,Villanova Dello Iudrio,Friuli-Venezia Giulia,45.9555,13.4074
33048,Medeuzza,Friuli-Venezia Giulia,45.9412,13.3963
33048,Dolegnano,Friuli-Venezia Giulia,45.9835,13.4274
33048,San Giovanni Al Natisone,Friuli-Venezia Giulia,45.9708,13.4018
33048,Chiopris,Friuli-Venezia Giulia,45.9267,13.4042
33049,San Pietro Al Natisone,Friuli-Venezia Giulia,46.1144,13.483
33050,Pavia Di Udine,Friuli-Venezia Giulia,45.995,13.3037
33050,Lumignacco,Friuli-Venezia Giulia,45.9983,13.2458
33050,San Valentino,Friuli-Venezia Giulia,45.7904,13.4124
33050,Galleriano,Friuli-Venezia Giulia,45.9628,13.124
33050,Perteole,Friuli-Venezia Giulia,45.8522,13.3833
33050,Casale Della Madonna,Friuli-Venezia Giulia,45.7766,13.1677
33050,Precenicco,Friuli-Venezia Giulia,45.7969,13.0755
33050,Cargnacco,Friuli-Venezia Giulia,46.004,13.235
33050,Santa Maria,Friuli-Venezia Giulia,45.9699,13.1602
33050,Trivignano Udinese,Friuli-Venezia Giulia,45.946,13.3402
33050,Bagnaria Arsa,Friuli-Venezia Giulia,45.8838,13.2856
33050,Percoto,Friuli-Venezia Giulia,45.9747,13.323
33050,Torsa,Friuli-Venezia Giulia,45.8737,13.1166
33050,Lauzacco,Friuli-Venezia Giulia,45.9813,13.2802
33050,Pocenia,Friuli-Venezia Giulia,45.8357,13.1014
33050,Tissano,Friuli-Venezia Giulia,45.9563,13.2674
33050,Castions Delle Mura,Friuli-Venezia Giulia,45.8467,13.3
33050,Ronchis,Friuli-Venezia Giulia,45.8079,12.9955
33050,Santa Maria La Longa,Friuli-Venezia Giulia,45.934,13.2891
33050,Bicinicco,Friuli-Venezia Giulia,45.9321,13.253
33050,San Vito Al Torre,Friuli-Venezia Giulia,45.8959,13.3759
33050,Castions Di Strada,Friuli-Venezia Giulia,45.9125,13.1817
33050,Torsa Di Pocenia,Friuli-Venezia Giulia,45.8737,13.1166
33050,Mereto Di Capitolo,Friuli-Venezia Giulia,45.9253,13.2969
33050,Mortegliano,Friuli-Venezia Giulia,45.9455,13.1726
33050,Carpeneto,Friuli-Venezia Giulia,45.9964,13.177
33050,Gonars,Friuli-Venezia Giulia,45.8974,13.244
33050,Fiumicello,Friuli-Venezia Giulia,45.792,13.4096
33050,Felettis,Friuli-Venezia Giulia,45.9161,13.2608
33050,Ruda,Friuli-Venezia Giulia,45.8399,13.4018
33050,Sevegliano,Friuli-Venezia Giulia,45.8875,13.3054
33050,Nespoledo,Friuli-Venezia Giulia,45.9831,13.0908
33050,Lavariano,Friuli-Venezia Giulia,45.956,13.2283
33050,Carlino,Friuli-Venezia Giulia,45.8032,13.1887
33050,Lestizza,Friuli-Venezia Giulia,45.9566,13.1422
33050,Risano,Friuli-Venezia Giulia,45.9744,13.2549
33050,Clauiano,Friuli-Venezia Giulia,45.9309,13.334
33050,Marano Lagunare,Friuli-Venezia Giulia,45.7635,13.1673
33050,Malisana,Friuli-Venezia Giulia,45.8137,13.262
33050,Papariano,Friuli-Venezia Giulia,45.8056,13.4164
33050,Ontagnano,Friuli-Venezia Giulia,45.9001,13.2753
33050,Porpetto,Friuli-Venezia Giulia,45.857,13.217
33050,Torviscosa,Friuli-Venezia Giulia,45.8234,13.2805
33050,Terenzano,Friuli-Venezia Giulia,46.0075,13.2169
33050,Zugliano,Friuli-Venezia Giulia,46.0075,13.2169
33050,Sclaunicco,Friuli-Venezia Giulia,45.9761,13.1372
33050,Castello,Friuli-Venezia Giulia,45.8705,13.2208
33050,Pozzuolo Del Friuli,Friuli-Venezia Giulia,45.9852,13.1972
33050,Sammardenchia,Friuli-Venezia Giulia,45.9853,13.23
33050,Terzo D'Aquileia,Friuli-Venezia Giulia,45.7999,13.3418
33050,Chiasellis,Friuli-Venezia Giulia,45.9431,13.2083
33051,Belvedere,Friuli-Venezia Giulia,45.7295,13.3908
33051,Belvedere Di Aquileia,Friuli-Venezia Giulia,45.7295,13.3908
33051,Aquileia,Friuli-Venezia Giulia,45.7683,13.3678
33052,Strassoldo,Friuli-Venezia Giulia,45.8569,13.3218
33052,Cervignano Del Friuli,Friuli-Venezia Giulia,45.8208,13.3393
33053,Latisana,Friuli-Venezia Giulia,45.7686,13.0062
33053,Gorgo,Friuli-Venezia Giulia,45.747,13.0239
33053,Pertegada,Friuli-Venezia Giulia,45.7218,13.0438
33054,Lignano Pineta,Friuli-Venezia Giulia,45.6703,13.1067
33054,Lignano Sabbiadoro,Friuli-Venezia Giulia,45.6759,13.1173
33055,Muzzana Del Turgnano,Friuli-Venezia Giulia,45.818,13.1275
33056,Palazzolo Dello Stella,Friuli-Venezia Giulia,45.7982,13.0878
33057,Ialmicco,Friuli-Venezia Giulia,45.9133,13.3461
33057,Sottoselva,Friuli-Venezia Giulia,45.9113,13.3242
33057,Jalmicco,Friuli-Venezia Giulia,45.91,13.3268
33057,Palmanova,Friuli-Venezia Giulia,45.9054,13.31
33058,San Giorgio Di Nogaro,Friuli-Venezia Giulia,45.8275,13.2109
33059,Villa Vicentina,Friuli-Venezia Giulia,45.8138,13.3933
33061,Teor,Friuli-Venezia Giulia,45.8542,13.0561
33061,Rivignano,Friuli-Venezia Giulia,45.8758,13.0419
33061,Rivarotta,Friuli-Venezia Giulia,45.8214,13.081
33061,Rivignano Teor,Friuli-Venezia Giulia,45.8504,13.0597
33100,Godia,Friuli-Venezia Giulia,46.1014,13.2678
33100,Baldasseria,Friuli-Venezia Giulia,46.0664,13.2569
33100,Gervasutta,Friuli-Venezia Giulia,46.0664,13.2569
33100,Laipacco,Friuli-Venezia Giulia,46.0597,13.2711
33100,Udine,Friuli-Venezia Giulia,46.0693,13.2371
33100,Cussignacco,Friuli-Venezia Giulia,46.035,13.2514
03010,Trevi Nel Lazio,Lazio,41.8626,13.2479
03010,Madonna Delle Grazie,Lazio,41.7184,13.294
03010,Acuto,Lazio,41.7911,13.1745
03010,San Giovanni,Lazio,41.5994,13.4429
03010,Vico Nel Lazio,Lazio,41.7782,13.3428
03010,Sgurgola,Lazio,41.669,13.1501
03010,Quattro Strade,Lazio,41.5931,13.2864
03010,Piglio,Lazio,41.8301,13.1333
03010,Patoni,Lazio,41.7722,13.2751
03010,Collepardo,Lazio,41.7642,13.3685
03010,Serrone,Lazio,41.8421,13.0952
03010,La Forma,Lazio,41.7865,13.1415
03010,Fumone,Lazio,41.7346,13.2702
03010,Torre Cajetani,Lazio,41.7867,13.2652
03010,Certosa Di Trisulti,Lazio,41.7534,13.2581
03010,Trivigliano,Lazio,41.7757,13.2723
03010,Patrica,Lazio,41.5909,13.2436
03010,Pitocco,Lazio,41.7747,13.3167
03010,Filettino,Lazio,41.8913,13.3253
03011,Alatri,Lazio,41.7319,13.3412
03011,Collelavena,Lazio,41.756,13.3207
03011,Tecchiena,Lazio,41.6882,13.3454
03011,Monte San Marino,Lazio,41.712,13.312
03012,Anagni,Lazio,41.7435,13.1554
03012,Osteria Della Fontana,Lazio,41.7286,13.1434
03013,Porciano,Lazio,41.7557,13.224
03013,Ferentino,Lazio,41.6912,13.2562
03013,Tofe,Lazio,41.6846,13.2209
03013,Ferentino Stazione,Lazio,41.6564,13.2409
03014,Fiuggi,Lazio,41.7978,13.2239
03014,Fiuggi Fonte,Lazio,41.7978,13.2239
03016,Campocatino,Lazio,41.8333,13.3333
03016,Guarcino,Lazio,41.7992,13.3144
03017,Morolo,Lazio,41.6384,13.1981
03017,Cerquotti Madonna Del Piano,Lazio,41.6419,13.2132
03018,Paliano,Lazio,41.7797,13.0766
03019,Supino,Lazio,41.6213,13.2345
03020,Pico,Lazio,41.4502,13.5589
03020,Castro Dei Volsci,Lazio,41.5082,13.4063
03020,Pastena,Lazio,41.4684,13.4911
03020,Arnara,Lazio,41.5845,13.3884
03020,Madonna Del Piano,Lazio,41.5167,13.4041
03020,Torrice,Lazio,41.6337,13.4037
03020,Strangolagalli,Lazio,41.5999,13.4923
03020,Villa Santo Stefano,Lazio,41.5168,13.3105
03020,San Sosio,Lazio,41.5257,13.3703
03020,Giuliano Di Roma,Lazio,41.5393,13.2803
03020,Falvaterra,Lazio,41.5044,13.5234
03020,Vallecorsa,Lazio,41.4435,13.4063
03021,Amaseno,Lazio,41.4671,13.3346
03022,Casavitola,Lazio,41.6516,13.4425
03022,Colle Campano,Lazio,41.6462,13.4646
03022,Scrima,Lazio,41.6236,13.4634
03022,Boville Ernica,Lazio,41.6425,13.4727
03022,Brecciaro,Lazio,41.6313,13.4738
03022,Mozzano Torretta,Lazio,41.6516,13.4545
03022,Antica Colle Piscioso,Lazio,41.6618,13.4815
03022,Rotabile,Lazio,41.6609,13.4641
03023,Ceccano,Lazio,41.5724,13.329
03024,Ceprano,Lazio,41.5457,13.5147
03025,Colli,Lazio,41.6044,13.5334
03025,Chiaiamari,Lazio,41.65,13.5333
03025,Anitrella,Lazio,41.6383,13.5484
03025,Porrino,Lazio,41.6735,13.5115
03025,Monte San Giovanni Campano,Lazio,41.6431,13.5109
03026,Pofi,Lazio,41.5654,13.4146
03027,Ripi,Lazio,41.6137,13.424
03028,San Giovanni Incarico,Lazio,41.5,13.5586
03029,Veroli,Lazio,41.6943,13.4166
03029,Case Campoli,Lazio,41.673,13.4717
03029,Giglio,Lazio,41.6622,13.4287
03029,Casamari,Lazio,41.6715,13.4878
03029,Sant'Angelo In Villa,Lazio,41.6622,13.4287
03029,Santa Francesca,Lazio,41.7178,13.4525
03029,Castelmassimo,Lazio,41.6639,13.3806
03029,Scifelli,Lazio,41.6024,13.3434
03029,Cotropagno,Lazio,41.6779,13.3966
03029,Colleberardi,Lazio,41.6863,13.453
03029,Panetta,Lazio,41.6192,13.8445
03030,Campoli Appennino,Lazio,41.7354,13.6833
03030,Villa Felice,Lazio,41.555,13.618
03030,Piumarola,Lazio,41.4682,13.7671
03030,Madonna Della Stella,Lazio,41.7658,13.2293
03030,Villa Santa Lucia,Lazio,41.5122,13.7693
03030,Santopadre,Lazio,41.6019,13.6355
03030,Colle San Magno,Lazio,41.5502,13.6948
03030,Casalattico,Lazio,41.6221,13.7256
03030,Fontechiari,Lazio,41.6679,13.675
03030,Castrocielo,Lazio,41.5274,13.6959
03030,Posta Fibreno,Lazio,41.6919,13.6801
03030,Broccostella,Lazio,41.6997,13.6353
03030,Piedimonte San Germano Alta,Lazio,41.5045,13.7491
03030,Vicalvi,Lazio,41.6781,13.7081
03030,Rocca D'Arce,Lazio,41.5871,13.5851
03030,Coldragone,Lazio,41.5546,13.604
03030,Colfelice,Lazio,41.613,13.6528
03030,Pescosolido,Lazio,41.7486,13.6569
03030,Castelliri,Lazio,41.6776,13.5398
03030,Piedimonte San Germano,Lazio,41.498,13.7502
03031,Aquino,Lazio,41.4939,13.7052
03032,Isoletta,Lazio,41.5279,13.5452
03032,Arce,Lazio,41.5779,13.5857
03033,Scaffa San Sossio,Lazio,41.6511,13.5847
03033,Arpino,Lazio,41.6471,13.6116
03033,Scaffa,Lazio,41.6552,13.5578
03034,Roselli,Lazio,41.6435,13.7205
03034,Casalvieri,Lazio,41.6333,13.7136
03034,Purgatorio,Lazio,41.6515,13.7032
03035,Collefontana,Lazio,41.6117,13.5495
03035,Fontana Liri,Lazio,41.617,13.5712
03035,Fontana Liri Superiore,Lazio,41.617,13.5712
03035,San Paolo,Lazio,41.6948,13.8254
03036,Isola Del Liri,Lazio,41.6868,13.5968
03037,Pontecorvo,Lazio,41.4586,13.6662
03037,Sant'Oliva Di Pontecorvo,Lazio,41.4167,13.6333
03037,Sant'Oliva,Lazio,41.4167,13.6333
03037,Pastine Di Pontecorvo,Lazio,41.4306,13.6443
03038,Roccasecca,Lazio,41.5513,13.6671
03038,Roccasecca Stazione,Lazio,41.5333,13.65
03038,Caprile,Lazio,41.5438,13.6779
03039,Sora,Lazio,41.7183,13.6136
03039,Carnello,Lazio,41.6827,13.6104
03039,Selva Di Sora,Lazio,41.7005,13.612
03040,Acquafondata,Lazio,41.5428,13.9528
03040,Valvori,Lazio,41.5644,13.8893
03040,Cerreto Di Vallerotonda,Lazio,41.5355,13.892
03040,Villa Latina,Lazio,41.6152,13.8359
03040,Pignataro Interamna,Lazio,41.4392,13.7862
03040,Sant'Ambrogio Sul Garigliano,Lazio,41.3942,13.8689
03040,Gallinaro,Lazio,41.655,13.798
03040,Sant'Andrea Del Garigliano,Lazio,41.3687,13.842
03040,Selvacava,Lazio,41.3535,13.7325
03040,Coreno Ausonio,Lazio,41.3474,13.7765
03040,Casalcassinese,Lazio,41.5544,13.987
03040,Settefrati,Lazio,41.6705,13.8507
03040,Terelle,Lazio,41.5521,13.7784
03040,Viticuso,Lazio,41.5248,13.9703
03040,San Vittore Del Lazio,Lazio,41.4621,13.9337
03040,Ausonia,Lazio,41.3581,13.7498
03040,Belmonte Castello,Lazio,41.5774,13.8158
03040,San Biagio Saracinisco,Lazio,41.6132,13.9276
03040,Vallemaio,Lazio,41.3663,13.8084
03040,Pietrafitta,Lazio,41.6667,13.8167
03040,Castelnuovo Parano,Lazio,41.3791,13.7562
03040,Vallerotonda,Lazio,41.5514,13.9137
03040,Picinisco,Lazio,41.6457,13.8679
03040,Cardito Di Vallerotonda,Lazio,41.5906,13.9739
03041,Sant'Onofrio,Lazio,41.7111,13.7431
03041,Castello D'Alvito,Lazio,41.7006,13.7455
03041,Alvito,Lazio,41.69,13.748
03042,Atina,Lazio,41.62,13.7991
03042,Atina Inferiore,Lazio,41.627,13.7926
03042,Casino Pica,Lazio,41.6235,13.7958
03043,Montecassino,Lazio,41.4875,13.8408
03043,San Bartolomeo,Lazio,41.4826,13.8575
03043,Sant'Angelo In Theodice,Lazio,41.4469,13.8315
03043,Cassino,Lazio,41.4858,13.8284
03043,Caira,Lazio,41.5333,13.8167
03043,Cappella Morrone,Lazio,41.4888,13.8699
03044,Cervaro,Lazio,41.4828,13.9022
03044,Santa Lucia,Lazio,41.4516,13.8649
03044,Pastenelle,Lazio,41.4869,13.883
03044,Pacitti,Lazio,41.4869,13.883
03044,Sprumaro,Lazio,41.4869,13.883
03045,Monticelli,Lazio,41.4102,13.6501
03045,Esperia,Lazio,41.3824,13.6849
03045,Esperia Inferiore,Lazio,41.3865,13.6865
03046,San Donato Val Di Comino,Lazio,41.7073,13.8122
03047,San Giorgio A Liri,Lazio,41.4058,13.7598
03048,Sant'Apollinare,Lazio,41.4018,13.8299
03049,Sant'Elia Fiumerapido,Lazio,41.533,13.8627
03049,Valleluce,Lazio,41.5658,13.858
03049,Olivella,Lazio,41.5541,13.8378
03049,Portella,Lazio,41.5223,13.8776
03100,Frosinone,Lazio,41.6398,13.3411
03100,Madonna Della Neve,Lazio,41.6398,13.3411
03100,De Matteis,Lazio,41.6398,13.3411
03100,Frosinone Stazione,Lazio,41.6398,13.3411
04010,Norma,Lazio,41.5864,12.9707
04010,Roccasecca Dei Volsci,Lazio,41.4785,13.2128
04010,Giulianello,Lazio,41.6861,12.8792
04010,Sezze Stazione,Lazio,41.5311,13.0912
04010,Cori,Lazio,41.6436,12.9112
04010,Sonnino,Lazio,41.4167,13.2459
04010,Rocca Massima,Lazio,41.6791,12.9212
04010,Sezze Scalo,Lazio,41.497,13.0426
04010,Maenza,Lazio,41.524,13.1834
04010,Roccagorga,Lazio,41.5251,13.1551
04010,Sonnino Scalo,Lazio,41.4325,13.1993
04010,Bassiano,Lazio,41.5515,13.0273
04010,Pisterzo,Lazio,41.4913,13.2692
04010,Prossedi,Lazio,41.5167,13.261
04011,Camilleri,Lazio,41.5985,12.6174
04011,Fossignano,Lazio,41.5923,12.5633
04011,Aprilia,Lazio,41.5945,12.6542
04011,Campoleone,Lazio,41.6457,12.6483
04011,Carano,Lazio,41.5773,12.7254
04011,Torre Del Padiglione,Lazio,41.5768,12.7017
04011,Campo Di Carne,Lazio,41.5527,12.6411
04011,Cogna,Lazio,41.5636,12.5823
04011,Casalazara,Lazio,41.5771,12.6547
04011,Campoverde,Lazio,41.5386,12.7357
04011,Vallelata,Lazio,41.5771,12.6547
04011,Pantanelle,Lazio,41.5313,12.678
04012,Cisterna Di Latina,Lazio,41.5908,12.8281
04012,Le Castella,Lazio,41.6167,12.8
04012,Borgo Flora,Lazio,41.5495,12.8304
04013,Monticchio,Lazio,41.5403,12.9761
04013,Sermoneta,Lazio,41.5492,12.9848
04013,Sermoneta Scalo,Lazio,41.5643,12.9704
04013,Doganella,Lazio,41.5733,12.9282
04013,Latina Aeroporto,Lazio,41.5568,12.957
04013,Doganella Di Ninfa,Lazio,41.5733,12.9282
04013,Carrara,Lazio,41.5405,12.9547
04014,Pontinia,Lazio,41.411,13.0426
04014,Borgo Pasubio,Lazio,41.411,13.0426
04015,Priverno,Lazio,41.4705,13.1787
04015,Fossanova,Lazio,41.44,13.1983
04015,Abbazia Di Fossanova,Lazio,41.4552,13.1885
04016,Borgo Vodice,Lazio,41.3395,13.1035
04016,Baia D'Argento,Lazio,41.252,13.0562
04016,Borgo San Donato,Lazio,41.4062,12.9972
04016,Sabaudia,Lazio,41.3002,13.0282
04017,Borgo Montenero,Lazio,41.2782,13.103
04017,San Felice Circeo,Lazio,41.2372,13.0942
04018,Sezze,Lazio,41.5003,13.0618
04018,Colli Di Suso,Lazio,41.5003,13.0618
04019,La Fiora,Lazio,41.3339,13.1946
04019,Terracina,Lazio,41.2917,13.2436
04019,Badino,Lazio,41.2833,13.2
04019,Borgo Hermada,Lazio,41.3056,13.1724
04020,Santi Cosma E Damiano,Lazio,41.3009,13.8156
04020,Grunuovo Di Santi Cosma E Damiano,Lazio,41.2723,13.8068
04020,Spigno Saturnia Inferiore,Lazio,41.3115,13.7368
04020,Campomaggiore San Luca,Lazio,41.2723,13.8068
04020,Monte San Biagio,Lazio,41.3536,13.3518
04020,Spigno Saturnia,Lazio,41.3143,13.7089
04020,Grunuovo,Lazio,41.2723,13.8068
04020,San Lorenzo Di Santi Cosma E Damiano,Lazio,41.2833,13.8167
04020,Itri,Lazio,41.2903,13.53
04020,Ventotene,Lazio,41.3059,13.6911
04020,Campodimele,Lazio,41.3882,13.5308
04020,Santo Stefano,Lazio,41.4283,13.1449
04021,Forme Di Suio,Lazio,41.2947,13.8574
04021,San Cataldo,Lazio,41.2947,13.8574
04021,Castelforte,Lazio,41.2939,13.8306
04021,Suio Terme,Lazio,41.2944,13.8485
04022,Salto Di Fondi,Lazio,41.3,13.336
04022,San Magno,Lazio,41.329,13.3816
04022,Fondi,Lazio,41.3579,13.4272
04023,Maranola,Lazio,41.2852,13.6278
04023,Formia,Lazio,41.2563,13.6089
04023,Penitro,Lazio,41.2733,13.6926
04023,Acquatraversa Di Formia,Lazio,41.274,13.6523
04023,Vindicio Di Formia,Lazio,41.274,13.6523
04023,Trivio Di Formia,Lazio,41.274,13.6523
04023,Castellonorato,Lazio,41.2813,13.6801
04024,Gaeta,Lazio,41.2141,13.5708
04025,Valle Bernardo,Lazio,41.3894,13.4397
04025,Lenola,Lazio,41.4048,13.4593
04026,Tremensuoli,Lazio,41.2667,13.7167
04026,Tufo Di Minturno,Lazio,41.2667,13.7647
04026,Santa Maria Infante,Lazio,41.2898,13.7403
04026,Minturno,Lazio,41.2629,13.7458
04026,Scauri,Lazio,41.257,13.7032
04026,Marina Di Minturno,Lazio,41.257,13.7032
04027,Ponza,Lazio,40.8954,12.9589
04027,Le Forna,Lazio,40.9247,12.969
04029,Sperlonga,Lazio,41.259,13.433
04100,Borgo Montello,Lazio,41.511,12.7752
04100,Borgo San Michele,Lazio,41.4383,12.9735
04100,Borgo Isonzo,Lazio,41.4167,12.9
04100,Borgo Piave,Lazio,41.4821,12.8629
04100,Foce Verde,Lazio,41.4167,12.8333
04100,Latina Scalo,Lazio,41.5316,12.9457
04100,Borgo Grappa,Lazio,41.4021,12.9605
04100,Borgo Carso,Lazio,41.5345,12.8885
04100,Le Ferriere,Lazio,41.5161,12.7579
04100,Fogliano,Lazio,41.4,12.9167
04100,Borgo Faiti,Lazio,41.4667,13
04100,Borgo Podgora,Lazio,41.5146,12.8538
04100,Foro Appio,Lazio,41.4667,13
04100,Tor Tre Ponti,Lazio,41.5074,12.9452
04100,Borgo Sabotino,Lazio,41.4167,12.8333
04100,Latina,Lazio,41.4661,12.9043
04100,Borgo Bainsizza,Lazio,41.4836,12.7931
02010,Santa Croce,Lazio,42.5651,13.1493
02010,Cittareale,Lazio,42.6162,13.1579
02010,Santa Croce Di Cittareale,Lazio,42.5651,13.1493
02010,Castel Sant'Angelo,Lazio,42.3937,13.0274
02010,Labro,Lazio,42.526,12.8007
02010,Borgo Velino,Lazio,42.4051,13.0565
02010,Colli Sul Velino,Lazio,42.4983,12.7815
02010,Borbona,Lazio,42.5094,13.1321
02010,Canetra Di Castel Sant'Angelo,Lazio,42.5183,13.028
02010,Piedicolle,Lazio,42.5022,12.8571
02010,Vallemare,Lazio,42.4845,13.1137
02010,Morro Reatino,Lazio,42.5223,12.8345
02010,Rivodutri,Lazio,42.5168,12.856
02010,Micigliano,Lazio,42.452,13.0532
02011,Grisciano,Lazio,42.7336,13.268
02011,Accumoli,Lazio,42.6948,13.2476
02012,Sommati,Lazio,42.6425,13.3101
02012,Santa Giusta,Lazio,42.5939,13.1502
02012,Amatrice,Lazio,42.6266,13.2951
02012,Collemoresco,Lazio,42.6443,13.2335
02012,Santi Lorenzo E Flaviano,Lazio,42.6246,13.2671
02012,Scai,Lazio,42.5986,13.231
02012,Preta,Lazio,42.6159,13.3468
02012,Torrita,Lazio,42.6184,13.2201
02013,Antrodoco,Lazio,42.415,13.0767
02014,Fantauzzi,Lazio,42.4694,12.8767
02014,San Liberato,Lazio,42.4768,12.8914
02014,Cantalice,Lazio,42.4646,12.9046
02015,Grotti Di Cittaducale,Lazio,42.3837,12.9407
02015,Grotti,Lazio,42.3556,12.9486
02015,Cittaducale,Lazio,42.3866,12.955
02015,Santa Rufina,Lazio,42.409,12.9184
02016,Terzone,Lazio,42.6145,13.0714
02016,Vindoli,Lazio,42.5874,13.03
02016,Albaneto,Lazio,42.5424,13.0436
02016,Piedelpoggio,Lazio,42.5567,12.9947
02016,Leonessa,Lazio,42.5686,12.96
02016,Villa Bigioni,Lazio,42.5811,12.9413
02016,San Clemente Di Leonessa,Lazio,42.558,13.0113
02018,Poggio Bustone,Lazio,42.5033,12.8852
02019,Picciame,Lazio,42.5434,13.1195
02019,Sigillo Di Posta,Lazio,42.4964,13.0803
02019,Posta,Lazio,42.5256,13.0972
02019,Favischio,Lazio,42.529,13.0821
02020,Longone Sabino,Lazio,42.2726,12.9665
02020,Colle Di Tora,Lazio,42.2081,12.9475
02020,Castel Di Tora,Lazio,42.2139,12.9707
02020,Belmonte In Sabina,Lazio,42.3148,12.8918
02020,Turania,Lazio,42.1352,13.0098
02020,Ascrea,Lazio,42.1976,12.9946
02020,Campolano,Lazio,42.2169,13.0916
02020,Nespolo,Lazio,42.1567,13.0694
02020,Vaccareccia,Lazio,42.2916,12.9674
02020,Collegiove,Lazio,42.1751,13.0384
02020,Roccaranieri,Lazio,42.3333,12.9667
02020,Paganico Sabino,Lazio,42.1896,12.9969
02020,Concerviano,Lazio,42.3221,12.9853
02020,Marcetelli,Lazio,42.2266,13.0459
02020,Stipes,Lazio,42.2453,12.9634
02020,Varco Sabino,Lazio,42.2402,13.0205
02021,Sant'Anatolia,Lazio,42.1465,13.2929
02021,Corvaro,Lazio,42.2054,13.265
02021,Grotti Di Borgorose,Lazio,42.1558,13.2178
02021,Villerose,Lazio,42.1751,13.2119
02021,Collemaggiore,Lazio,42.2264,13.2083
02021,Poggiovalle Di Borgorose,Lazio,42.1779,13.1901
02021,Poggiovalle,Lazio,42.1779,13.1901
02021,Torano,Lazio,42.1534,13.2598
02021,Borgorose,Lazio,42.1908,13.2328
02022,Collalto Sabino,Lazio,42.1352,13.0484
02023,Peschieta,Lazio,42.2411,13.1496
02023,Fiamignano,Lazio,42.2655,13.1241
02023,Sant'Ippolito,Lazio,42.243,13.1326
02023,Santa Lucia Di Fiamignano,Lazio,42.2644,13.1617
02023,Sant'Agapito,Lazio,42.25,13.1333
02023,Santa Lucia,Lazio,42.1939,13.0943
02024,Pace,Lazio,42.2281,13.1171
02024,Leofreni,Lazio,42.1972,13.1262
02024,Pescorocchiano,Lazio,42.2062,13.1471
02024,Sant'Elpidio Di Pescorocchiano,Lazio,42.2105,13.1302
02024,Sant'Elpidio,Lazio,42.2105,13.1302
02025,Fiumata,Lazio,42.25,13.0952
02025,Castelmareri,Lazio,42.2862,13.0633
02025,Borgo San Pietro,Lazio,42.2723,13.0644
02025,Capradosso,Lazio,42.3282,13.0257
02025,Petrella Salto,Lazio,42.294,13.0679
02026,Rocca Sinibalda,Lazio,42.2721,12.9247
02026,Posticciola,Lazio,42.2402,12.9335
02030,Collelungo,Lazio,42.2466,12.8137
02030,Poggio San Lorenzo,Lazio,42.2517,12.8434
02030,Torricella In Sabina,Lazio,42.2625,12.8717
02030,Poggio Nativo,Lazio,42.2178,12.7969
02030,Casaprota,Lazio,42.2518,12.8043
02030,Frasso Sabino,Lazio,42.2293,12.8066
02030,Pozzaglia Sabina,Lazio,42.1586,12.9643
02030,Collelungo Sabino,Lazio,42.2303,12.8342
02030,Villetta Sant'Antonio,Lazio,42.2303,12.8342
02030,Monte Santa Maria,Lazio,42.2239,12.773
02031,Castelnuovo Di Farfa,Lazio,42.2319,12.7431
02032,Borgo Quinzio,Lazio,42.1634,12.7126
02032,Talocci,Lazio,42.1898,12.6962
02032,Canneto,Lazio,42.1857,12.7365
02032,Coltodino,Lazio,42.1988,12.7159
02032,Farfa Sabina,Lazio,42.2215,12.7185
02032,Farfa,Lazio,42.2215,12.7185
02032,Corese Terra,Lazio,42.17,12.7108
02032,Passo Corese,Lazio,42.1584,12.6561
02032,Borgo Salario,Lazio,42.1908,12.7105
02032,Fara In Sabina,Lazio,42.2081,12.7296
02032,Canneto Sabino,Lazio,42.1908,12.7105
02032,Prime Case,Lazio,42.1908,12.7105
02033,Monteleone Sabino,Lazio,42.2327,12.8583
02033,Ginestra Sabina,Lazio,42.2273,12.8442
02034,Bocchignano,Lazio,42.2535,12.7008
02034,Montopoli Di Sabina,Lazio,42.2535,12.7008
02035,Orvinio,Lazio,42.1304,12.9376
02037,Osteria Nuova,Lazio,42.3765,12.9604
02037,Fiacchini,Lazio,42.2075,12.8598
02037,Cerdomare,Lazio,42.2108,12.8383
02037,Poggio Moiano,Lazio,42.2041,12.8814
02038,Scandriglia,Lazio,42.1613,12.841
02038,Ponticelli,Lazio,42.1751,12.8128
02039,Toffia,Lazio,42.213,12.755
02040,Montasola,Lazio,42.385,12.6813
02040,San Polo Sabino,Lazio,42.3358,12.6722
02040,Vacone,Lazio,42.381,12.645
02040,Fianello,Lazio,42.3745,12.5615
02040,Mompeo,Lazio,42.2478,12.7513
02040,Monte San Giovanni In Sabina,Lazio,42.327,12.7786
02040,Montenero Sabino,Lazio,42.2812,12.8136
02040,Cantalupo In Sabina,Lazio,42.3069,12.6451
02040,Configni,Lazio,42.4254,12.6443
02040,San Polo,Lazio,42.3342,12.5947
02040,Poggio Catino,Lazio,42.2942,12.6984
02040,Cottanello,Lazio,42.4081,12.6859
02040,Montebuono,Lazio,42.3677,12.5972
02040,Tarano,Lazio,42.3559,12.595
02040,Roccantica,Lazio,42.3207,12.694
02040,Selci,Lazio,42.3029,12.6214
02040,Salisano,Lazio,42.2595,12.7477
02041,Casperia,Lazio,42.3387,12.6702
02042,Collevecchio,Lazio,42.3337,12.5533
02043,Contigliano,Lazio,42.4106,12.772
02043,San Filippo,Lazio,42.3414,12.5784
02043,Montisola,Lazio,42.3766,12.7034
02043,San Filippo Di Contigliano,Lazio,42.3779,12.7599
02044,Forano,Lazio,42.2977,12.5947
02044,Gavignano Sabino,Lazio,42.2733,12.6167
02045,Greccio,Lazio,42.4441,12.7525
02045,Limiti Di Greccio,Lazio,42.4533,12.7695
02046,Foglia,Lazio,42.3313,12.4739
02046,Magliano Sabina,Lazio,42.3657,12.4852
02047,Poggio Mirteto Scalo,Lazio,42.2537,12.6401
02047,Castel San Pietro,Lazio,42.2562,12.7179
02047,Poggio Mirteto Stazione,Lazio,42.2592,12.6821
02047,Poggio Mirteto,Lazio,42.2676,12.6884
02048,Stimigliano Stazione,Lazio,42.296,12.5667
02048,Stimigliano Scalo,Lazio,42.2909,12.57
02048,Stimigliano,Lazio,42.301,12.5634
02049,Torri In Sabina,Lazio,42.3506,12.6416
02100,Pie' Di Moggio,Lazio,42.5001,12.7424
02100,Vazia,Lazio,42.45,12.9333
02100,Monte Terminillo,Lazio,42.4013,12.8341
02100,Poggio Fidoni,Lazio,42.3752,12.784
02100,San Giovanni Reatino,Lazio,42.3448,12.8541
02100,Poggio Perugino,Lazio,42.3514,12.7599
02100,Rieti,Lazio,42.4048,12.8574
02100,Casette,Lazio,42.3828,12.9073
00010,Marcellina,Lazio,42.0244,12.8045
00010,Borgo Santa Maria,Lazio,42.1536,12.6804
00010,Moricone,Lazio,42.1166,12.7723
00010,Gallicano Nel Lazio,Lazio,41.8643,12.8354
00010,Monteflavio,Lazio,42.1093,12.8308
00010,Setteville,Lazio,41.9438,12.6512
00010,Poli,Lazio,41.8891,12.8904
00010,San Gregorio Da Sassola,Lazio,41.9188,12.8745
00010,Montelibretti,Lazio,42.1355,12.7387
00010,Montorio Romano,Lazio,42.1374,12.804
00010,Sant'Angelo Romano,Lazio,42.0357,12.7134
00010,Setteville Di Guidonia,Lazio,41.9438,12.6512
00010,San Polo Dei Cavalieri,Lazio,42.0104,12.8399
00010,Casape,Lazio,41.907,12.8858
00011,Bagni Di Tivol,Lazio,42.0102,12.7501
00012,Montecelio,Lazio,42.0207,12.7435
00012,Villalba,Lazio,41.9539,12.7294
00012,La Botte,Lazio,41.9818,12.7677
00012,Villanova,Lazio,41.9636,12.7563
00012,Colle Verde,Lazio,41.9769,12.6186
00012,Albuccione,Lazio,41.9524,12.6987
00012,Guidonia Montecelio,Lazio,41.9936,12.7224
00012,Guidonia,Lazio,41.9936,12.7224
00012,Villanova Di Guidonia,Lazio,41.9636,12.7563
00013,Tor Lupara,Lazio,41.9977,12.6181
00013,Castelchiodato,Lazio,42.0052,12.6395
00013,Fonte Nuova,Lazio,42.0052,12.6395
00013,Santa Lucia,Lazio,41.9824,12.6562
00013,Torlupara Di Mentana,Lazio,42.0052,12.6395
00013,Mentana,Lazio,42.0354,12.6441
00015,Monterotondo,Lazio,42.0516,12.6197
00015,Monterotondo Stazione,Lazio,42.0516,12.6197
00017,Nerola,Lazio,42.1601,12.7853
00017,Acquaviva,Lazio,42.1639,12.7431
00018,Cretone,Lazio,42.0712,12.7036
00018,Palombara Sabina,Lazio,42.0691,12.7668
00019,Arci,Lazio,41.9477,12.825
00019,Tivoli,Lazio,41.9595,12.8016
00019,Pontelucano,Lazio,41.9605,12.8189
00019,Bivio San Polo,Lazio,41.9742,12.8299
00019,Tivoli Terme,Lazio,42.0102,12.7501
00019,Villa Adriana,Lazio,41.955,12.7722
00019,Empolitana,Lazio,41.9605,12.8189
00020,Saracinesco,Lazio,42.0033,12.9533
00020,Canterano,Lazio,41.9432,13.0381
00020,Altipiani Di Arcinazzo,Lazio,41.85,13.1833
00020,Agosta,Lazio,41.9813,13.035
00020,Marano Equo,Lazio,41.9953,13.015
00020,Vivaro Romano,Lazio,42.1009,13.0059
00020,Madonna Della Pace,Lazio,41.9596,13.0523
00020,Cervara Di Roma,Lazio,41.9882,13.068
00020,Ciciliano,Lazio,41.9599,12.9416
00020,Percile,Lazio,42.095,12.9105
00020,Mandela,Lazio,42.028,12.9209
00020,Pisoniano,Lazio,41.9082,12.9579
00020,Riofreddo,Lazio,42.0588,12.9966
00020,Jenne,Lazio,41.8888,13.1696
00020,Arcinazzo Romano,Lazio,41.8797,13.1144
00020,Camerata Nuova,Lazio,42.018,13.1097
00020,Sambuci,Lazio,41.9854,12.9382
00020,Roccagiovine,Lazio,42.0507,12.8992
00020,Vallepietra,Lazio,41.9255,13.2313
00020,Cerreto Laziale,Lazio,41.9433,12.9817
00020,Vallinfreda,Lazio,42.0848,12.996
00020,Cineto Romano,Lazio,42.0501,12.9608
00020,Rocca Canterano,Lazio,41.9565,13.0218
00021,Affile,Lazio,41.8844,13.0985
00022,Anticoli Corrado,Lazio,42.008,12.9905
00023,Arsoli,Lazio,42.0416,13.0161
00024,Castel Madama,Lazio,41.9735,12.8678
00025,Gerano,Lazio,41.9347,12.9903
00026,Licenza,Lazio,42.0741,12.9001
00026,Civitella,Lazio,42.0811,12.8951
00027,Roviano,Lazio,42.0264,12.9939
00028,Subiaco,Lazio,41.9262,13.0891
00029,Vicovaro,Lazio,42.0192,12.9
00030,San Cesareo,Lazio,41.8211,12.8045
00030,Gorga,Lazio,41.6547,13.1066
00030,Labico,Lazio,41.7926,12.8713
00030,Guadagnolo,Lazio,41.9142,12.9267
00030,Bellegra,Lazio,41.8817,13.0286
00030,Montelanico,Lazio,41.6507,13.0403
00030,San Vito Romano,Lazio,41.88,12.9779
00030,Castel San Pietro Romano,Lazio,41.8457,12.8949
00030,Rocca Santo Stefano,Lazio,41.9105,13.0238
00030,Gavignano,Lazio,41.6989,13.0503
00030,Capranica Prenestina,Lazio,41.8628,12.9508
00030,Colonna Stazione,Lazio,41.8321,12.7298
00030,Colonna,Lazio,41.8345,12.7549
00030,Genazzano,Lazio,41.8281,12.972
00030,Roiate,Lazio,41.8733,13.0663
00030,Rocca Di Cave,Lazio,41.8459,12.9451
00031,Artena,Lazio,41.7413,12.9067
00031,Colubro,Lazio,41.7351,12.8673
00031,Macere,Lazio,41.7487,12.8583
00032,Carpineto Romano,Lazio,41.6047,13.0841
00033,Cave,Lazio,41.8168,12.9406
00033,San Bartolomeo,Lazio,41.8141,12.9174
00034,Colleferro Scalo,Lazio,41.7272,13.0048
00034,Colleferro Stazione,Lazio,41.7272,13.0048
00034,Colleferro,Lazio,41.7272,13.0048
00035,Olevano Romano,Lazio,41.8587,13.036
00036,Carchitti,Lazio,41.7869,12.8296
00036,Palestrina,Lazio,41.8327,12.8818
00037,Segni,Lazio,41.6889,13.0193
00038,Valmontone,Lazio,41.7732,12.9186
00039,Valle Martella,Lazio,41.8783,12.7468
00039,Zagarolo,Lazio,41.8416,12.8154
00040,Marina Di Ardea,Lazio,41.5544,12.5412
00040,Tor San Lorenzo,Lazio,41.5544,12.5412
00040,Ardea,Lazio,41.6074,12.5416
00040,Ponte Sulla Moletta,Lazio,41.6711,12.5891
00040,Rocca Di Papa,Lazio,41.7658,12.7019
00040,Frattocchie,Lazio,41.7667,12.6167
00040,Santa Maria Delle Mole,Lazio,41.7778,12.5919
00041,Cecchina Stazione,Lazio,41.7185,12.6288
00041,Cecchina,Lazio,41.7016,12.6497
00041,Albano Laziale,Lazio,41.7275,12.659
00041,Pavona,Lazio,41.7263,12.6164
00041,Pavona Stazione,Lazio,41.7188,12.5901
00042,Anzio,Lazio,41.4526,12.6216
00042,Lido Dei Pini,Lazio,41.5366,12.5898
00042,Colonia Di Anzio,Lazio,41.4946,12.6057
00042,Lavinio Lido Di Enea,Lazio,41.4946,12.6057
00043,Casabianca,Lazio,41.8006,12.6016
00043,Ciampino Aeroporto,Lazio,41.8006,12.6016
00043,Ciampino,Lazio,41.8006,12.6016
00044,Frascati,Lazio,41.8091,12.6794
00044,Vermicino,Lazio,41.8091,12.6794
00045,Pedica,Lazio,41.6409,12.7156
00045,Landi,Lazio,41.6409,12.7156
00045,Genzano Di Roma,Lazio,41.7071,12.689
00046,Poggio Tulliano,Lazio,41.7866,12.6714
00046,Grottaferrata,Lazio,41.7866,12.6714
00047,Marino,Lazio,41.7698,12.6592
00048,Nettuno,Lazio,41.4579,12.6639
00049,Velletri,Lazio,41.6857,12.7775
00050,Testa Di Lepre Di Sopra,Lazio,41.9623,12.2851
00051,La Bianca,Lazio,42.1478,11.905
00051,Allumiere,Lazio,42.1575,11.9036
00052,Cerveteri,Lazio,41.9908,12.0908
00052,Ceri,Lazio,41.9942,12.1527
00052,Marina Di Cerveteri,Lazio,41.98,12.0529
00052,Cerenova,Lazio,41.9883,12.0988
00052,Stazione Di Furbara,Lazio,41.9883,12.0988
00052,Borgo San Martino Di Cerveteri,Lazio,41.9883,12.0988
00052,Furbara Cerenova,Lazio,41.9883,12.0988
00053,Aurelia,Lazio,42.1391,11.7871
00053,Aurelia Di Civitavecchia,Lazio,42.1391,11.7871
00053,Civitavecchia,Lazio,42.0933,11.7967
00054,Maccarese,Lazio,41.877,12.2197
00054,Fregene,Lazio,41.8505,12.1967
00054,Passo Oscuro,Lazio,41.8493,12.2239
00054,Testa Di Lepre,Lazio,41.8493,12.2239
00054,Torrimpietra,Lazio,41.9293,12.2244
00054,Fiumicino,Lazio,41.7709,12.2366
00054,Ara Nova,Lazio,41.933,12.2398
00054,Fiumicino Aeroporto,Lazio,41.8493,12.2239
00054,Isola Sacra,Lazio,41.7709,12.2366
00054,Focene,Lazio,41.8137,12.2135
00055,Palo,Lazio,41.9333,12.1
00055,Marina San Nicola,Lazio,41.931,12.1202
00055,Ladispoli,Lazio,41.9507,12.075
00057,Malagrotta,Lazio,41.8833,12.3333
00057,Pantano Di Grano,Lazio,41.8833,12.3333
00058,Santa Marinella,Lazio,42.0343,11.8542
00058,Santa Severa,Lazio,42.0241,11.9484
00059,Tolfa,Lazio,42.1502,11.9322
00059,Santa Severa Nord,Lazio,42.0229,11.9728
00060,Nazzano,Lazio,42.2302,12.5944
00060,Bagni Di Stigliano,Lazio,42.1167,12.0333
00060,Ponte Storto,Lazio,42.1448,12.4373
00060,Belvedere,Lazio,42.0224,12.0416
00060,Bellavista,Lazio,42.1448,12.4373
00060,Terme Di Stiglian,Lazio,42.1448,12.4373
00060,Monte Caminetto,Lazio,42.0665,12.4736
00060,Riano,Lazio,42.0935,12.5146
00060,Le Rughe,Lazio,42.0689,12.3762
00060,Sacrofano,Lazio,42.1046,12.4478
00060,Bivio Di Capanelle,Lazio,42.1196,12.594
00060,Castelnuovo Di Porto,Lazio,42.1228,12.5104
00060,Girardi,Lazio,42.1027,12.5796
00060,Mazzano Romano,Lazio,42.206,12.3955
00060,Canale Monterano,Lazio,42.136,12.1028
00060,Terrazze,Lazio,42.1027,12.5796
00060,Magliano Romano,Lazio,42.1575,12.4366
00060,Formello,Lazio,42.0625,12.3944
00060,Capena,Lazio,42.1425,12.5451
00060,Sant'Oreste,Lazio,42.233,12.5151
00060,Filacciano,Lazio,42.2545,12.5988
00060,Torrita Tiberina,Lazio,42.2382,12.6163
00060,Montevirginio,Lazio,42.1483,12.126
00060,Civitella San Paolo,Lazio,42.1993,12.5746
00060,Ponzano Romano,Lazio,42.2569,12.5705
00061,Anguillara Sabazia,Lazio,42.0792,12.2837
00062,Bracciano,Lazio,42.1027,12.1656
00062,Rinascente,Lazio,42.0874,12.1869
00062,Castel Giuliano,Lazio,42.055,12.126
00062,Vigna Di Valle,Lazio,42.0805,12.2317
00063,Campagnano Di Roma,Lazio,42.1357,12.3736
00065,Feronia,Lazio,42.1554,12.5947
00065,Fiano Romano,Lazio,42.1554,12.5947
00066,Quadroni,Lazio,42.1333,12.1167
00066,Manziana,Lazio,42.13,12.1254
00067,Morlupo,Lazio,42.15,12.5031
00068,Rignano Flaminio,Lazio,42.2055,12.4807
00069,Trevignano Romano,Lazio,42.1602,12.2378
00069,Vicarello,Lazio,42.1667,12.2
00071,Torvaianica,Lazio,41.6211,12.462
00071,Pratica Di Mare,Lazio,41.6641,12.4803
00071,Santa Palomba,Lazio,41.7034,12.5709
00071,Pomezia,Lazio,41.6693,12.5012
00072,Galloro,Lazio,41.7167,12.6667
00072,Ariccia,Lazio,41.7206,12.6723
00073,Castel Gandolfo,Lazio,41.7488,12.6497
00073,Laghetto Di Castel Gandolfo,Lazio,41.7488,12.6497
00074,Nemi,Lazio,41.7218,12.7181
00075,Lanuvio,Lazio,41.673,12.694
00075,Pascolare,Lazio,41.673,12.694
00076,Lariano,Lazio,41.7185,12.8287
00077,Laghetto Di Montecompatri,Lazio,41.8378,12.7312
00077,Molara,Lazio,41.8378,12.7312
00077,Montecompatri,Lazio,41.8089,12.7378
00078,Monte Porzio Catone,Lazio,41.8159,12.7143
00078,Armetta,Lazio,41.8128,12.6878
00079,Colle Di Fuori,Lazio,41.8009,12.8068
00079,Rocca Priora,Lazio,41.7659,12.7658
00118,Roma,Lazio,41.8919,12.5113
00119,Roma,Lazio,41.8919,12.5113
00119,Ostia Antica,Lazio,41.8919,12.5113
00120,Roma,Lazio,41.8919,12.5113
00121,Roma,Lazio,41.8919,12.5113
00121,Lido Di Ostia Ponente,Lazio,41.7321,12.2765
00122,Lido Di Ostia Levante,Lazio,41.7897,12.4095
00122,Roma,Lazio,41.8919,12.5113
00122,Castel Porziano,Lazio,41.7439,12.4006
00122,Castel Fusano,Lazio,41.7333,12.3167
00123,La Storta,Lazio,42,12.3833
00123,Roma,Lazio,41.8919,12.5113
00123,Isola Farnese,Lazio,42.0191,12.3928
00124,Roma,Lazio,41.8919,12.5113
00124,Casal Palocco,Lazio,41.7485,12.3473
00125,Acilia,Lazio,41.8919,12.5113
00125,Roma,Lazio,41.8919,12.5113
00126,Roma,Lazio,41.8919,12.5113
00127,Vitinia,Lazio,41.7912,12.4081
00127,Roma,Lazio,41.8919,12.5113
00127,Risaro,Lazio,41.8248,12.4425
00127,Mezzocammino,Lazio,41.7912,12.4081
00128,Castel Romano,Lazio,41.7117,12.4424
00128,Roma,Lazio,41.8919,12.5113
00128,Malpasso,Lazio,41.7836,12.4583
00128,Castel Di Decima,Lazio,41.7524,12.4372
00128,Tor De' Cenci,Lazio,41.7786,12.4424
00131,Settecamini,Lazio,41.9333,12.6167
00131,Roma,Lazio,41.8919,12.5113
00132,Colle Della Valentina,Lazio,41.8919,12.5113
00132,Roma,Lazio,41.8919,12.5113
00132,Borgata Borghesiana,Lazio,41.8919,12.5113
00132,Borgata Finocchio,Lazio,41.8919,12.5113
00133,Torre Gaia,Lazio,41.8563,12.6409
00133,Torre Angela,Lazio,41.8661,12.5896
00133,Roma,Lazio,41.8919,12.5113
00133,Torrenova,Lazio,41.85,12.6167
00134,Castel Di Leva,Lazio,41.7766,12.5461
00134,Roma,Lazio,41.8919,12.5113
00134,Divino Amore,Lazio,41.7766,12.5461
00135,La Giustiniana,Lazio,41.9833,12.4
00135,Roma,Lazio,41.8919,12.5113
00135,Borgata Ottavia,Lazio,41.9376,12.4557
00136,Roma,Lazio,41.8919,12.5113
00137,Roma,Lazio,41.8919,12.5113
00138,Castel Giubileo,Lazio,41.9751,12.5149
00138,Marcigliana,Lazio,42.0167,12.5167
00138,Borgata Fidene,Lazio,41.9751,12.5149
00138,Roma,Lazio,41.8919,12.5113
00138,Settebagni,Lazio,42.0167,12.5167
00139,Roma,Lazio,41.8919,12.5113
00141,Roma,Lazio,41.8919,12.5113
00142,Roma,Lazio,41.8919,12.5113
00143,Roma,Lazio,41.8919,12.5113
00143,Cecchignola,Lazio,41.8167,12.4833
00144,Decima,Lazio,41.8919,12.5113
00144,Roma,Lazio,41.8919,12.5113
00145,Roma,Lazio,41.8919,12.5113
00146,Roma,Lazio,41.8919,12.5113
00147,Roma,Lazio,41.8919,12.5113
00148,Magliana Trullo,Lazio,41.8919,12.5113
00148,Borgata Corviale,Lazio,41.8919,12.5113
00148,Roma,Lazio,41.8919,12.5113
00149,Roma,Lazio,41.8919,12.5113
00151,Roma,Lazio,41.8919,12.5113
00152,Roma,Lazio,41.8919,12.5113
00153,Roma,Lazio,41.8919,12.5113
00154,Roma,Lazio,41.8919,12.5113
00155,La Rustica,Lazio,41.896,12.5473
00155,Roma,Lazio,41.8919,12.5113
00155,Tor Sapienza,Lazio,41.9,12.5833
00156,Roma,Lazio,41.8919,12.5113
00156,Rebibbia,Lazio,41.8919,12.5113
00157,Roma,Lazio,41.8919,12.5113
00158,Roma,Lazio,41.8919,12.5113
00159,Roma,Lazio,41.8919,12.5113
00161,Roma,Lazio,41.8919,12.5113
00162,Roma,Lazio,41.8919,12.5113
00163,Roma,Lazio,41.8919,12.5113
00164,Roma,Lazio,41.8919,12.5113
00165,Roma,Lazio,41.8919,12.5113
00166,Roma,Lazio,41.8919,12.5113
00166,Borgata Casalotti,Lazio,41.8919,12.5113
00167,Roma,Lazio,41.8919,12.5113
00168,Roma,Lazio,41.8919,12.5113
00169,Roma,Lazio,41.8919,12.5113
00169,Torre Spaccata,Lazio,41.8919,12.5113
00169,Torre Maura,Lazio,41.8919,12.5113
00171,Roma,Lazio,41.8919,12.5113
00172,Roma,Lazio,41.8919,12.5113
00173,Roma,Lazio,41.8919,12.5113
00174,Roma,Lazio,41.8919,12.5113
00175,Roma,Lazio,41.8919,12.5113
00176,Roma,Lazio,41.8919,12.5113
00177,Roma,Lazio,41.8919,12.5113
00178,Capannelle,Lazio,41.8333,12.5667
00178,Roma,Lazio,41.8919,12.5113
00178,Torricola,Lazio,41.8626,12.539
00179,Roma,Lazio,41.8919,12.5113
00181,Roma,Lazio,41.8919,12.5113
00182,Roma,Lazio,41.8919,12.5113
00183,Roma,Lazio,41.8919,12.5113
00184,Roma,Lazio,41.8919,12.5113
00185,Roma,Lazio,41.8919,12.5113
00186,Roma,Lazio,41.8919,12.5113
00187,Roma,Lazio,41.8919,12.5113
00188,Roma,Lazio,41.8919,12.5113
00188,Labaro,Lazio,41.9939,12.4848
00188,Prima Porta,Lazio,42,12.4833
00189,Tomba Di Nerone,Lazio,41.8919,12.5113
00189,Grottarossa,Lazio,41.8919,12.5113
00189,Roma,Lazio,41.8919,12.5113
00191,Roma,Lazio,41.8919,12.5113
00192,Roma,Lazio,41.8919,12.5113
00193,Roma,Lazio,41.8919,12.5113
00194,Roma,Lazio,41.8919,12.5113
00195,Roma,Lazio,41.8919,12.5113
00196,Roma,Lazio,41.8919,12.5113
00197,Roma,Lazio,41.8919,12.5113
00198,Roma,Lazio,41.8919,12.5113
00199,Roma,Lazio,41.8919,12.5113
01010,Blera,Lazio,42.2729,12.0302
01010,Arlena Di Castro,Lazio,42.4656,11.8209
01010,Gradoli,Lazio,42.645,11.8558
01010,Latera,Lazio,42.6292,11.8292
01010,Cellere,Lazio,42.5102,11.7708
01010,Tessennano,Lazio,42.478,11.791
01010,Farnese,Lazio,42.5493,11.7264
01010,Vejano,Lazio,42.219,12.094
01010,Onano,Lazio,42.691,11.8155
01010,Monte Romano,Lazio,42.2674,11.8966
01010,Capodimonte,Lazio,42.5478,11.9066
01010,Barbarano Romano,Lazio,42.2491,12.0677
01010,Villa San Giovanni In Tuscia,Lazio,42.2788,12.0535
01010,Oriolo Romano,Lazio,42.1626,12.1386
01010,Marta,Lazio,42.5332,11.9242
01010,Piansano,Lazio,42.5245,11.8298
01010,Civitella Cesi,Lazio,42.216,12.0239
01010,Ischia Di Castro,Lazio,42.5442,11.7576
01011,Musignano,Lazio,42.4333,11.7167
01011,Canino,Lazio,42.4659,11.7529
01012,Capranica,Lazio,42.2585,12.1728
01012,Vico Matrino,Lazio,42.2776,12.1215
01014,Pescia Romana,Lazio,42.3996,11.4965
01014,Montalto Di Castro,Lazio,42.3498,11.6079
01015,Sutri,Lazio,42.246,12.2172
01016,Tarquinia,Lazio,42.2542,11.7566
01016,Marina Velca,Lazio,42.2584,11.6969
01016,Lido Di Tarquinia,Lazio,42.2232,11.7073
01017,Tuscania,Lazio,42.4189,11.8685
01018,Valentano,Lazio,42.5638,11.8275
01019,La Botte,Lazio,42.424,11.9949
01019,Tre Croci,Lazio,42.3041,12.0775
01019,Giardino,Lazio,42.3041,12.0775
01019,Cura,Lazio,42.3,12.0833
01019,Vetralla,Lazio,42.3179,12.0732
01019,Pietrara,Lazio,42.2945,12.0761
01020,Lubriano,Lazio,42.6362,12.1088
01020,Celleno,Lazio,42.5604,12.1244
01020,Casenuove,Lazio,42.5878,12.128
01020,Bomarzo,Lazio,42.4827,12.2504
01020,San Lorenzo Nuovo,Lazio,42.6863,11.9072
01020,Proceno,Lazio,42.7575,11.829
01020,Civitella D'Agliano,Lazio,42.603,12.1862
01020,Mugnano,Lazio,42.4963,12.2776
01020,Graffignano,Lazio,42.5754,12.2012
01020,San Michele In Teverina,Lazio,42.5981,12.1686
01020,Sipicciano,Lazio,42.5442,12.228
01021,Acquapendente,Lazio,42.7426,11.8683
01021,Torre Alfina,Lazio,42.7544,11.9457
01021,Trevinano,Lazio,42.8221,11.8704
01022,Civita,Lazio,42.6083,12.119
01022,Bagnoregio,Lazio,42.6285,12.0897
01022,Castel Cellesi,Lazio,42.5902,12.1494
01022,Vetriolo,Lazio,42.6063,12.1178
01023,Bolsena,Lazio,42.6433,11.9851
01024,Sermugnano,Lazio,42.657,12.1629
01024,Castiglione In Teverina,Lazio,42.6508,12.2031
01025,Grotte Di Castro,Lazio,42.6757,11.8691
01027,Montefiascone,Lazio,42.5425,12.0319
01027,Zepponami,Lazio,42.5252,12.0541
01027,Le Mosse,Lazio,42.5339,12.043
01028,Orte Stazione,Lazio,42.4836,12.3325
01028,Orte,Lazio,42.4612,12.3863
01028,Orte Scalo,Lazio,42.4348,12.4078
01030,Calcata,Lazio,42.2195,12.4262
01030,Vitorchiano,Lazio,42.4657,12.1715
01030,Corchiano,Lazio,42.3449,12.3569
01030,Canepina,Lazio,42.3832,12.2318
01030,Calcata Nuova,Lazio,42.2195,12.4262
01030,Faleria,Lazio,42.2258,12.4452
01030,Castel Sant'Elia,Lazio,42.2511,12.3703
01030,Monterosi,Lazio,42.197,12.3084
01030,Carbognano,Lazio,42.3302,12.2646
01030,Vallerano,Lazio,42.3833,12.2614
01030,Bassano In Teverina,Lazio,42.4644,12.3075
01030,Vitorchiano Stazione,Lazio,42.3171,12.3158
01030,Bassano Romano,Lazio,42.2223,12.1878
01030,Vasanello,Lazio,42.4151,12.3477
01032,Caprarola,Lazio,42.3231,12.2385
01033,Civita Castellana,Lazio,42.293,12.4089
01033,Borghetto Di Civita Castellana Stazione,Lazio,42.3199,12.4317
01033,Civita Castellana Stazione,Lazio,42.3199,12.4317
01033,Borghetto,Lazio,42.3468,12.4546
01034,Fabrica Di Roma,Lazio,42.3344,12.2987
01034,Regolelli,Lazio,42.2932,12.3513
01035,Gallese,Lazio,42.3738,12.3965
01035,Scalo Teverina,Lazio,42.3755,12.4431
01036,Nepi,Lazio,42.2422,12.3436
01037,Ronciglione,Lazio,42.289,12.2148
01037,Lago Di Vico,Lazio,42.289,12.2148
01038,Chia,Lazio,42.4705,12.2773
01038,Soriano Nel Cimino,Lazio,42.4182,12.2341
01039,Vignanello,Lazio,42.3788,12.2784
01100,Roccalvecce,Lazio,42.5682,12.1599
01100,Viterbo,Lazio,42.4194,12.1056
01100,Tobia,Lazio,42.3606,12.0998
01100,San Martino Al Cimino,Lazio,42.3698,12.1252
01100,Magugnano,Lazio,42.5167,12.1667
01100,La Quercia,Lazio,42.4167,12.1
01100,Grotte Santo Stefano,Lazio,42.5169,12.1723
01100,Fastello,Lazio,42.5452,12.095
01100,Bagnaia,Lazio,42.4278,12.1544
16010,Tiglieto,Liguria,44.5232,8.6193
16010,Pedemonte,Liguria,44.5031,8.9261
16010,Castagna,Liguria,44.3922,9.0056
16010,Rossiglione,Liguria,44.5636,8.6696
16010,Ponte Di Savignone,Liguria,44.5597,8.9729
16010,Crocefieschi,Liguria,44.5808,9.0236
16010,Manesseno,Liguria,44.4782,8.9278
16010,Savignone,Liguria,44.5643,8.9873
16010,Mele,Liguria,44.4457,8.7489
16010,Carsi,Liguria,44.5473,9.1004
16010,Prelo,Liguria,44.5082,8.9143
16010,Acquasanta,Liguria,44.4585,8.7732
16010,Vobbia,Liguria,44.6012,9.0387
16010,Orero Di Serra Ricco',Liguria,44.517,8.8995
16010,Mainetto,Liguria,44.517,8.8995
16010,Valbrevenna,Liguria,44.517,8.8995
16010,Serra Ricco',Liguria,44.5107,8.9381
16010,Sant'Olcese,Liguria,44.517,8.8995
16010,Masone,Liguria,44.5016,8.7189
16010,Isorelle,Liguria,44.5671,8.9617
16010,Piccarello,Liguria,44.4839,8.9659
16011,Pineta Di Arenzano,Liguria,44.4052,8.6831
16011,Arenzano,Liguria,44.4052,8.6831
16012,Busalla,Liguria,44.5706,8.9454
16012,Sarissola,Liguria,44.5719,8.9569
16012,Camarza,Liguria,44.587,8.993
16013,Campo Ligure,Liguria,44.5366,8.699
16014,Campomorone,Liguria,44.5095,8.885
16014,Langasco,Liguria,44.5239,8.886
16014,Guardia,Liguria,44.4902,8.8628
16014,Geo,Liguria,44.4751,8.8868
16014,Ceranesi,Liguria,44.5056,8.8934
16014,Ferriera,Liguria,44.5124,8.8773
16014,Pontasso,Liguria,44.5124,8.8773
16014,Isoverde,Liguria,44.5294,8.8605
16014,Santuario Della Guardia,Liguria,44.5073,8.8786
16015,Orero,Liguria,44.4083,9.2671
16015,Casella,Liguria,44.5352,9.0008
16016,Sciarborasca,Liguria,44.4018,8.6154
16016,Lerca,Liguria,44.4042,8.6499
16016,Cogoleto,Liguria,44.39,8.6469
16017,Isola Del Cantone,Liguria,44.6478,8.9575
16018,Giovi,Liguria,44.5453,8.9354
16018,Mignanego,Liguria,44.5275,8.9141
16019,Borgo Fornari,Liguria,44.5893,8.9367
16019,Pieve,Liguria,44.6015,8.9436
16019,Ronco Scrivia,Liguria,44.6136,8.9504
16020,Fontanarossa,Liguria,44.5879,9.2564
16020,Gorreto,Liguria,44.6049,9.2913
16020,Fascia,Liguria,44.5825,9.2214
16020,Cassingheno,Liguria,44.5537,9.2505
16021,Bargagli,Liguria,44.4475,9.0937
16022,Davagna,Liguria,44.4658,9.0867
16022,Meco,Liguria,44.4462,9.06
16022,Moranego,Liguria,44.4775,9.1031
16022,Scoffera,Liguria,44.4806,9.1165
16023,Canale Fontanigorda,Liguria,44.5356,9.2714
16023,Canale,Liguria,44.5356,9.2714
16023,Fontanigorda,Liguria,44.5454,9.3055
16023,Casoni,Liguria,44.5271,9.3085
16024,Lumarzo,Liguria,44.4336,9.1396
16025,Ponte Trebbia,Liguria,44.5095,9.1979
16025,Rondanina,Liguria,44.5632,9.2181
16025,Montebruno,Liguria,44.5258,9.2483
16026,Trefontane,Liguria,44.5032,9.03
16026,Montoggio,Liguria,44.517,9.0492
16027,Propata,Liguria,44.5649,9.1859
16028,Rovegno,Liguria,44.5767,9.2792
16028,Casanova,Liguria,44.5527,9.3134
16029,Fascia Di Carlo,Liguria,44.5042,9.1015
16029,Torriglia,Liguria,44.5176,9.1581
16029,Laccio,Liguria,44.4942,9.1298
16030,Capreno,Liguria,44.3893,9.1216
16030,San Salvatore,Liguria,44.331,9.3548
16030,Uscio,Liguria,44.4123,9.1623
16030,Casarza Ligure,Liguria,44.2719,9.447
16030,Sori,Liguria,44.373,9.1047
16030,Pieve Ligure,Liguria,44.3749,9.0941
16030,Cogorno,Liguria,44.3207,9.3712
16030,Velva,Liguria,44.2747,9.5496
16030,Castiglione Chiavarese,Liguria,44.2754,9.5169
16030,Tribogna,Liguria,44.4165,9.1956
16030,Avegno,Liguria,44.3828,9.158
16030,Moneglia,Liguria,44.2391,9.4908
16030,Canepa,Liguria,44.3972,9.1168
16030,Sant'Anna,Liguria,44.3533,9.2181
16030,Testana,Liguria,44.3956,9.1463
16030,Zoagli,Liguria,44.3367,9.2668
16030,Bargone,Liguria,44.2984,9.4807
16030,Colonia Arnaldi,Liguria,44.3437,9.2821
16031,San Bernardo,Liguria,44.3103,9.3613
16031,Bogliasco,Liguria,44.3807,9.0693
16031,Poggio Favaro,Liguria,44.3827,9.0789
16032,Camogli,Liguria,44.3494,9.1549
16032,San Fruttuoso Di Camogli,Liguria,44.3163,9.1756
16032,San Fruttuoso,Liguria,44.3163,9.1756
16032,Ruta,Liguria,44.3442,9.1714
16032,San Rocco Di Camogli,Liguria,44.3371,9.1584
16032,San Rocco,Liguria,44.3371,9.1584
16033,Lavagna,Liguria,44.3062,9.3538
16033,Cavi,Liguria,44.2901,9.3803
16034,Portofino,Liguria,44.3035,9.2094
16035,San Michele Di Pagana,Liguria,44.353,9.2356
16035,San Massimo,Liguria,44.3488,9.1924
16035,Rapallo,Liguria,44.3496,9.228
16036,Recco,Liguria,44.3623,9.1435
16038,Paraggi,Liguria,44.3113,9.2103
16038,Santa Margherita Ligure,Liguria,44.3346,9.212
16038,San Lorenzo Della Costa,Liguria,44.3388,9.1852
16039,Santa Vittoria Di Libiola,Liguria,44.2936,9.4321
16039,Sestri Levante,Liguria,44.2732,9.3968
16039,Pila Sul Gromolo,Liguria,44.2755,9.4174
16039,Riva Trigoso,Liguria,44.2596,9.4233
16040,Reppia,Liguria,44.3753,9.4582
16040,Isolona,Liguria,44.4075,9.2752
16040,Orero,Liguria,44.4083,9.2671
16040,Ne,Liguria,44.3556,9.3879
16040,Coreglia Ligure,Liguria,44.3877,9.261
16040,Neirone,Liguria,44.4548,9.1913
16040,Statale,Liguria,44.3486,9.4828
16040,Piandifieno,Liguria,44.3402,9.4498
16040,Pian Dei Ratti,Liguria,44.3928,9.2693
16040,Favale Di Malvaro,Liguria,44.4516,9.26
16040,Ognio,Liguria,44.4406,9.1715
16040,Celesia,Liguria,44.3956,9.3476
16040,Calvari,Liguria,44.3817,9.2851
16040,Leivi,Liguria,44.3534,9.3107
16040,Roccatagliata,Liguria,44.4667,9.2
16040,San Colombano Certenoli,Liguria,44.3645,9.3319
16040,Conscenti,Liguria,44.3449,9.3954
16041,Borzonasca,Liguria,44.42,9.3885
16041,Brizzolara,Liguria,44.4368,9.3681
16041,Bertigaro,Liguria,44.4653,9.368
16041,Prato Sopralacroce,Liguria,44.4346,9.395
16041,Giaiette,Liguria,44.4161,9.4554
16042,Rivarola,Liguria,44.3434,9.3551
16042,Carasco,Liguria,44.3497,9.3457
16042,Graveglia,Liguria,44.3485,9.3702
16043,Sant'Andrea Di Rovereto,Liguria,44.3332,9.2886
16043,Caperana,Liguria,44.3306,9.3458
16043,Chiavari,Liguria,44.3177,9.3224
16044,Monleone,Liguria,44.4071,9.2392
16044,Cicagna,Liguria,44.4071,9.2392
16045,Lorsica,Liguria,44.4341,9.2768
16046,Borgonovo,Liguria,44.3955,9.3792
16046,Borgonovo Ligure,Liguria,44.395,9.3785
16046,Mezzanego,Liguria,44.3827,9.3767
16046,Passo Del Bocco,Liguria,44.3911,9.3781
16047,Moconesi,Liguria,44.4206,9.2098
16047,Gattorna,Liguria,44.4307,9.1851
16047,Ferrada,Liguria,44.4201,9.2102
16048,Rezzoaglio,Liguria,44.5262,9.3883
16048,Alpepiana,Liguria,44.5599,9.3923
16048,Cabanne,Liguria,44.4934,9.3433
16048,Priosa,Liguria,44.4852,9.3061
16048,Magnasco,Liguria,44.5165,9.4037
16048,Parazzuolo,Liguria,44.4772,9.325
16049,Amborzasco,Liguria,44.5146,9.4566
16049,Santo Stefano D'Aveto,Liguria,44.5468,9.4532
16049,Allegrezze,Liguria,44.5325,9.4341
16100,Genova,Liguria,44.4048,8.9444
16121,Genova,Liguria,44.4048,8.9444
16122,Genova,Liguria,44.4048,8.9444
16123,Genova,Liguria,44.4048,8.9444
16124,Genova,Liguria,44.4048,8.9444
16125,Genova,Liguria,44.4048,8.9444
16126,Genova,Liguria,44.4048,8.9444
16127,Genova,Liguria,44.4048,8.9444
16128,Genova,Liguria,44.4048,8.9444
16129,Genova,Liguria,44.4048,8.9444
16130,Genova,Liguria,44.4048,8.9444
16131,Genova,Liguria,44.4048,8.9444
16132,Genova,Liguria,44.4048,8.9444
16133,Apparizione,Liguria,44.4056,8.9996
16133,Genova,Liguria,44.4048,8.9444
16133,Bavari,Liguria,44.4334,9.018
16133,San Desiderio,Liguria,44.4228,9.0142
16134,Genova,Liguria,44.4048,8.9444
16135,Genova,Liguria,44.4048,8.9444
16136,Genova,Liguria,44.4048,8.9444
16137,Genova,Liguria,44.4048,8.9444
16137,Staglieno,Liguria,44.4275,8.9492
16138,Genova,Liguria,44.4048,8.9444
16138,Molassana,Liguria,44.4553,8.9822
16139,Genova,Liguria,44.4048,8.9444
16140,Genova,Liguria,44.4048,8.9444
16141,Genova,Liguria,44.4048,8.9444
16141,Sant'Eusebio,Liguria,44.4434,8.9875
16142,Genova,Liguria,44.4048,8.9444
16143,Genova,Liguria,44.4048,8.9444
16144,Genova,Liguria,44.4048,8.9444
16145,Genova,Liguria,44.4048,8.9444
16146,Genova,Liguria,44.4048,8.9444
16147,Genova,Liguria,44.4048,8.9444
16147,Sturla,Liguria,44.3949,8.9815
16148,Quarto Dei Mille,Liguria,44.3872,9.0044
16148,Genova,Liguria,44.4048,8.9444
16149,Genova,Liguria,44.4048,8.9444
16149,Sampierdarena,Liguria,44.4111,8.8955
16150,Genova,Liguria,44.4048,8.9444
16151,Genova,Liguria,44.4048,8.9444
16151,Campasso,Liguria,44.4202,8.8892
16152,Genova,Liguria,44.4048,8.9444
16152,Cornigliano Ligure,Liguria,44.4161,8.8735
16152,Coronata,Liguria,44.4195,8.8756
16153,Borzoli,Liguria,44.4369,8.8734
16153,Genova,Liguria,44.4048,8.9444
16154,Sestri Ponente,Liguria,44.4261,8.8485
16154,Genova,Liguria,44.4048,8.9444
16154,San Giovanni Battista,Liguria,44.4325,8.8519
16155,Multedo,Liguria,44.4272,8.8305
16155,Genova,Liguria,44.4048,8.9444
16155,Pegli,Liguria,44.4244,8.8121
16156,Genova,Liguria,44.4048,8.9444
16157,Pra',Liguria,44.4275,8.79
16157,Genova,Liguria,44.4048,8.9444
16157,Palmaro Di Pra',Liguria,44.4289,8.7716
16158,Voltri,Liguria,44.4297,8.7486
16158,Fabbriche,Liguria,44.4173,8.8465
16158,Genova,Liguria,44.4048,8.9444
16159,Genova,Liguria,44.4048,8.9444
16159,Certosa Di Rivarolo Ligure,Liguria,44.4299,8.8929
16159,Rivarolo Ligure,Liguria,44.4368,8.8937
16160,Genova,Liguria,44.4048,8.9444
16161,Genova,Liguria,44.4048,8.9444
16161,Teglia,Liguria,44.4516,8.8944
16161,Fegino,Liguria,44.4394,8.8835
16162,Genova,Liguria,44.4048,8.9444
16162,Bolzaneto,Liguria,44.4574,8.9018
16163,San Quirico In Val Polcevera,Liguria,44.4849,8.9006
16163,Genova,Liguria,44.4048,8.9444
16164,Genova,Liguria,44.4048,8.9444
16164,Pontedecimo,Liguria,44.4977,8.9039
16165,Struppa,Liguria,44.4491,9.0119
16165,Genova,Liguria,44.4048,8.9444
16166,Genova,Liguria,44.4048,8.9444
16166,Quinto Al Mare,Liguria,44.3844,9.0194
16167,Nervi,Liguria,44.3833,9.0333
16167,Sant'Ilario Ligure,Liguria,44.3941,8.9889
16167,Genova,Liguria,44.4048,8.9444
18010,Terzorio,Liguria,43.8523,7.8983
18010,Cervo,Liguria,43.9257,8.1153
18010,Villa Faraldi,Liguria,43.9684,8.0897
18010,Carpasio,Liguria,43.9602,7.8663
18010,Triora,Liguria,43.9931,7.7637
18010,Agaggio Inferiore,Liguria,43.9694,7.8161
18010,Riva Faraldi,Liguria,43.9663,8.0837
18010,Molini Di Triora,Liguria,43.989,7.7746
18010,Boscomare,Liguria,43.8784,7.9066
18010,Pietrabruna,Liguria,43.8893,7.9032
18010,Santo Stefano Al Mare,Liguria,43.8386,7.8973
18010,Badalucco,Liguria,43.9168,7.8458
18010,Montalto Ligure,Liguria,43.9287,7.8449
18011,Castellaro,Liguria,43.8644,7.8688
18012,Seborga,Liguria,43.8273,7.6959
18012,Vallebona,Liguria,43.8122,7.6654
18012,Bordighera,Liguria,43.7806,7.6645
18012,Borghetto San Nicolo',Liguria,43.8041,7.6612
18012,Piani Di Borghetto,Liguria,43.806,7.6717
18012,Bordighera Alta,Liguria,43.806,7.6717
18013,Diano Marina,Liguria,43.9109,8.0803
18013,Diano Castello,Liguria,43.9242,8.066
18013,Diano San Pietro,Liguria,43.9295,8.0725
18013,Diano Arentino,Liguria,43.9496,8.0416
18014,Ospedaletti,Liguria,43.8022,7.7183
18015,Pompeiana,Liguria,43.853,7.8884
18015,Riva Ligure,Liguria,43.8388,7.8793
18016,San Bartolomeo Al Mare,Liguria,43.9231,8.1048
18017,Civezza,Liguria,43.8798,7.9516
18017,Cipressa,Liguria,43.852,7.9314
18017,Costarainera,Liguria,43.8548,7.9411
18017,San Lorenzo Al Mare,Liguria,43.8538,7.9641
18017,Lingueglietta,Liguria,43.8677,7.9313
18018,Arma Di Taggia,Liguria,43.8333,7.85
18018,Taggia,Liguria,43.8461,7.8522
18019,Vallecrosia,Liguria,43.7867,7.639
18019,Vallecrosia Alta,Liguria,43.8081,7.6514
18020,Prela',Liguria,43.9892,7.9615
18020,Ranzo,Liguria,43.9892,7.9615
18020,Aurigo,Liguria,43.9828,7.9234
18020,Aquila Di Arroscia,Liguria,44.0859,8.0052
18020,Lucinasco,Liguria,43.966,7.96
18020,Dolcedo,Liguria,43.9074,7.9494
18020,Caravonica,Liguria,43.993,7.958
18020,Borghetto D'Arroscia,Liguria,44.0567,7.9808
18020,Vasia,Liguria,43.9327,7.9539
18021,Borgomaro,Liguria,43.9753,7.9441
18022,Cesio,Liguria,44.008,7.9751
18022,Arzeno D'Oneglia,Liguria,44.0094,7.9631
18022,Cartari,Liguria,44.027,7.9578
18023,Cosio Di Arroscia,Liguria,44.0774,7.8324
18024,Case Di Nava,Liguria,44.0844,7.8708
18024,Nava,Liguria,44.0983,7.872
18024,Pornassio,Liguria,44.0705,7.8695
18025,Mendatica,Liguria,44.0771,7.8056
18025,Montegrosso Pian Latte,Liguria,44.0663,7.816
18026,Armo,Liguria,44.0877,7.9154
18026,Pieve Di Teco,Liguria,44.0471,7.9156
18026,Rezzo,Liguria,44.021,7.872
18026,Cenova,Liguria,44.0304,7.8953
18026,Calderara,Liguria,44.0299,7.9363
18026,Vessalico,Liguria,44.0456,7.9601
18027,Chiusanico,Liguria,43.973,7.9919
18027,Pontedassio,Liguria,43.9383,8.0146
18027,Chiusavecchia,Liguria,43.9673,7.9844
18030,Castel Vittorio,Liguria,43.9275,7.6747
18030,Rocchetta Nervina,Liguria,43.8899,7.6007
18030,Airole,Liguria,43.8709,7.5541
18030,Olivetta San Michele,Liguria,43.8787,7.515
18031,Bajardo,Liguria,43.904,7.7253
18032,Perinaldo,Liguria,43.8669,7.6719
18033,Camporosso Mare,Liguria,43.8131,7.6283
18033,Camporosso,Liguria,43.8131,7.6283
18034,Ceriana,Liguria,43.8809,7.7748
18035,Dolceacqua,Liguria,43.8498,7.6237
18035,Apricale,Liguria,43.8803,7.6599
18035,Isolabona,Liguria,43.8808,7.6399
18036,Soldano,Liguria,43.8295,7.6563
18036,San Biagio Della Cima,Liguria,43.8178,7.6513
18037,Pigna,Liguria,43.932,7.6612
18038,San Remo,Liguria,43.8173,7.7772
18038,Coldirodi,Liguria,43.8115,7.7311
18038,San Giacomo,Liguria,43.8013,7.6154
18038,Bussana,Liguria,43.8287,7.8444
18038,San Romolo,Liguria,43.8569,7.7267
18038,Borello,Liguria,43.9465,8.0492
18038,Poggio,Liguria,43.8311,7.8139
18038,Verezzo,Liguria,43.8545,7.7806
18038,San Bartolomeo,Liguria,43.7936,7.565
18039,Grimaldi,Liguria,43.7873,7.5387
18039,Trucco,Liguria,43.8449,7.5899
18039,Latte,Liguria,43.794,7.5657
18039,Calvo,Liguria,43.8299,7.557
18039,Roverino,Liguria,43.8042,7.5972
18039,Ventimiglia,Liguria,43.7896,7.6087
18039,Torri,Liguria,43.8385,7.5522
18039,Grimaldi Di Ventimiglia,Liguria,43.7873,7.5387
18039,Sant'Antonio,Liguria,43.8181,7.5572
18039,Bevera,Liguria,43.8248,7.5782
18039,Sealza,Liguria,43.8095,7.5492
18100,Castelvecchio Di Santa Maria Maggiore,Liguria,43.8973,7.998
18100,Prela',Liguria,43.8973,7.998
18100,Borgo Primo,Liguria,43.8973,7.998
18100,Caramagna Ligure,Liguria,43.8898,7.9881
18100,Oneglia,Liguria,43.8903,8.0434
18100,Imperia,Liguria,43.8892,8.0393
18100,Dolcedo,Liguria,43.9074,7.9494
18100,Vasia,Liguria,43.9327,7.9539
18100,Porto Maurizio,Liguria,43.8744,8.014
19010,Maissana,Liguria,44.3367,9.5359
19010,Torza,Liguria,44.301,9.5659
19011,Bonassola,Liguria,44.1832,9.5842
19012,Carro,Liguria,44.2721,9.6089
19012,Castello,Liguria,44.2829,9.6011
19013,Deiva Marina,Liguria,44.2193,9.5206
19014,Framura,Liguria,44.2095,9.554
19015,Levanto,Liguria,44.1742,9.6167
19015,Montale,Liguria,44.1867,9.6262
19016,Monterosso Al Mare,Liguria,44.1467,9.6549
19017,Manarola,Liguria,44.1071,9.729
19017,Riomaggiore,Liguria,44.0998,9.7387
19018,Vernazza,Liguria,44.135,9.6835
19018,Corniglia,Liguria,44.1199,9.7081
19020,San Benedetto,Liguria,44.1344,9.7776
19020,Ricco' Del Golfo Di Spezia,Liguria,44.1541,9.7641
19020,Bolano,Liguria,44.1877,9.8949
19020,San Martino Di Durasca,Liguria,44.2006,9.7799
19020,Ponzo' Bovecchio,Liguria,44.2006,9.7799
19020,Veppo,Liguria,44.2006,9.7799
19020,Madonna Di Buonviaggio,Liguria,44.2006,9.7799
19020,Valdurasca,Liguria,44.2006,9.7799
19020,Brugnato,Liguria,44.2367,9.725
19020,Fornola,Liguria,44.1298,9.8916
19020,Prati,Liguria,44.2268,9.731
19020,Piana Battolla,Liguria,44.1932,9.8534
19020,Sesta Godano,Liguria,44.2938,9.6754
19020,Ceparana,Liguria,44.1667,9.8833
19020,Cavanella Vara,Liguria,44.2073,9.7881
19020,Carpena,Liguria,44.1171,9.7671
19020,Bastremoli,Liguria,44.157,9.8435
19020,Ponzo',Liguria,44.1559,9.7502
19020,Beverino,Liguria,44.1977,9.7854
19020,Vezzano Ligure,Liguria,44.1414,9.8869
19020,Piano Di Valeriano,Liguria,44.1515,9.8738
19020,Bottagna,Liguria,44.1515,9.8738
19020,Calice Al Cornoviglio,Liguria,44.2433,9.8367
19020,Zignago,Liguria,44.2779,9.7457
19020,Pieve Di Zignago,Liguria,44.2779,9.7457
19020,Carrodano,Liguria,44.2415,9.6558
19020,Mattarana,Liguria,44.2472,9.6178
19020,Valeriano,Liguria,44.1494,9.8563
19020,Rocchetta Di Vara,Liguria,44.2506,9.7579
19020,Follo,Liguria,44.1637,9.8619
19020,Borghetto Di Vara,Liguria,44.2237,9.7212
19020,Piano Di Follo,Liguria,44.1637,9.8619
19020,Padivarma,Liguria,44.1965,9.7675
19020,Pignone,Liguria,44.1778,9.7233
19020,Tivegna,Liguria,44.1804,9.8374
19020,Suvero,Liguria,44.2665,9.7777
19021,Romito Magra,Liguria,44.0984,9.9318
19021,Arcola,Liguria,44.1178,9.9117
19025,Portovenere,Liguria,44.0508,9.8343
19025,Isola Palmaria,Liguria,44.0661,9.8314
19025,Le Grazie Varignano,Liguria,44.0661,9.8314
19025,Fezzano,Liguria,44.0806,9.8261
19025,Le Grazie,Liguria,44.067,9.8339
19028,San Pietro Vara,Liguria,44.3355,9.5886
19028,Varese Ligure,Liguria,44.3769,9.5937
19028,Scurtabo',Liguria,44.4043,9.535
19028,Comuneglia,Liguria,44.3841,9.5192
19028,Porciorasco,Liguria,44.3752,9.5591
19030,Fiumaretta,Liguria,44.0528,9.9894
19031,Montemarcello,Liguria,44.0577,9.979
19031,Ameglia,Liguria,44.0709,9.966
19031,Fiumaretta Di Ameglia,Liguria,44.0528,9.9894
19031,Bocca Di Magra,Liguria,44.0494,9.9815
19032,Tellaro,Liguria,44.0619,9.9279
19032,Serra,Liguria,44.2568,9.7882
19032,Pugliola,Liguria,44.0872,9.9129
19032,San Terenzo,Liguria,44.0854,9.8966
19032,Fiascherino,Liguria,44.0656,9.9262
19032,Lerici,Liguria,44.0759,9.9112
19033,Castelnuovo Magra,Liguria,44.0996,10.0171
19033,Colombiera,Liguria,44.0875,10.0104
19033,Molicciara,Liguria,44.0875,10.0104
19034,Casano,Liguria,44.0757,10.0338
19034,Isola Di Ortonovo,Liguria,44.0757,10.0338
19034,Luni,Liguria,44.0667,9.9833
19034,Luni Mare,Liguria,44.0592,10.0029
19034,Ortonovo,Liguria,44.0888,10.0539
19034,Nicola,Liguria,44.0783,10.0394
19034,Dogana,Liguria,44.0757,10.0338
19034,Serravalle,Liguria,44.0743,10.0258
19037,Ponzano Magra,Liguria,44.1583,9.9445
19037,Santo Stefano Di Magra,Liguria,44.1489,9.9218
19037,Ponzano Superiore,Liguria,44.1583,9.9445
19038,Sarzana,Liguria,44.1118,9.9622
19038,Falcinello,Liguria,44.1535,9.9628
19038,Marinella Di Sarzana,Liguria,44.0481,10.0163
19038,San Lazzaro,Liguria,44.2268,9.731
19038,Santa Caterina,Liguria,44.1213,9.8985
19038,Sarzanello,Liguria,44.1,9.9667
19038,Marinella,Liguria,44.0481,10.0163
19100,La Spezia,Liguria,44.103,9.8238
19121,Laspezia,Liguria,44.1188,9.8192
19122,Laspezia,Liguria,44.1188,9.8192
19123,Fabiano,Liguria,44.1167,9.8083
19123,Chiappa,Liguria,44.1167,9.8167
19123,Pegazzano,Liguria,44.1167,9.8
19123,Laspezia,Liguria,44.1167,9.8083
19124,Laspezia,Liguria,44.103,9.8238
19124,La Spezia,Liguria,44.103,9.8238
19125,Laspezia,Liguria,44.1188,9.8192
19125,Migliarina,Liguria,44.1188,9.8192
19126,Laspezia,Liguria,44.1388,9.8364
19126,Isola,Liguria,44.1388,9.8364
19131,Cadimare,Liguria,44.1017,9.8336
19131,Laspezia,Liguria,44.1017,9.8336
19132,Marola,Liguria,44.0746,9.7952
19132,Laspezia,Liguria,44.0746,9.7952
19132,Campiglia,Liguria,44.0746,9.7952
19133,Biassa,Liguria,44.0967,9.7753
19133,Laspezia,Liguria,44.0967,9.7753
19134,Laspezia,Liguria,44.1253,9.7881
19134,La Foce,Liguria,44.1253,9.7881
19134,Marinasco,Liguria,44.1253,9.7881
19135,Laspezia,Liguria,44.1017,9.8336
19135,San Venerio,Liguria,44.1017,9.8336
19136,Melara,Liguria,44.1182,9.8827
19136,Termo,Liguria,44.1182,9.8827
19136,Laspezia,Liguria,44.1182,9.8827
19136,Limone,Liguria,44.1182,9.8827
19137,Laspezia,Liguria,44.0946,9.8849
19137,Pitelli,Liguria,44.0946,9.8849
19138,Laspezia,Liguria,44.0888,9.8743
19138,San Bartolomeo,Liguria,44.0888,9.8743
19139,Laspezia,Liguria,44.0902,9.88
19139,Muggiano,Liguria,44.0902,9.88
12071,Massimino,Liguria,44.2995,8.0713
17010,Giusvalla,Liguria,44.4479,8.3941
17010,Osiglia,Liguria,44.2814,8.201
17011,Albisola Capo,Liguria,44.3517,8.4879
17011,Ellera,Liguria,44.3645,8.4652
17011,Albisola Superiore,Liguria,44.3389,8.5105
17012,Albissola Marina,Liguria,44.3308,8.5096
17013,Valle,Liguria,44.3039,8.122
17013,Murialdo,Liguria,44.3169,8.1681
17013,Piano,Liguria,44.455,8.3094
17013,Valle Di Murialdo,Liguria,44.3039,8.122
17014,Rocchetta Cairo,Liguria,44.4292,8.2997
17014,Bragno,Liguria,44.3766,8.3009
17014,Cairo Montenotte,Liguria,44.3979,8.2777
17014,San Giuseppe Di Cairo,Liguria,44.3683,8.2912
17014,San Giuseppe,Liguria,44.3683,8.2912
17014,Ferrania,Liguria,44.359,8.3193
17015,Celle Ligure,Liguria,44.3451,8.5468
17017,Roccavignale,Liguria,44.3612,8.1905
17017,Millesimo,Liguria,44.3669,8.2035
17017,Cosseria,Liguria,44.3677,8.2348
17019,Faie,Liguria,44.4002,8.5655
17019,Varazze,Liguria,44.3641,8.5963
17019,Pero,Liguria,44.3876,8.5489
17019,Alpicella,Liguria,44.2814,8.2901
17019,Casanova,Liguria,44.384,8.5702
17020,Calice Ligure,Liguria,44.2049,8.2954
17020,Stellanello,Liguria,43.9999,8.0602
17020,Tovo San Giacomo,Liguria,44.1759,8.2705
17020,Balestrino,Liguria,44.1243,8.1706
17020,Bardino Vecchio,Liguria,44.1878,8.2708
17020,Magliolo,Liguria,44.1925,8.2493
17020,Rialto,Liguria,44.2265,8.2614
17020,Bardino Nuovo,Liguria,44.1905,8.2603
17020,Testico,Liguria,44.0055,8.0264
17021,Moglio,Liguria,44.0039,8.1671
17021,Alassio,Liguria,44.0039,8.1671
17022,Borgio Verezzi,Liguria,44.1591,8.3083
17022,Borgio,Liguria,44.1591,8.3083
17023,Ceriale,Liguria,44.0913,8.2289
17024,Finalborgo,Liguria,44.1946,8.3372
17024,Finale Ligure,Liguria,44.1695,8.3436
17024,Gorra,Liguria,44.1826,8.2982
17024,Varigotti,Liguria,44.182,8.3954
17024,Orco Feglino,Liguria,44.2202,8.3246
17024,Feglino,Liguria,44.2185,8.3244
17025,Loano,Liguria,44.1278,8.2574
17026,Noli,Liguria,44.2061,8.4146
17027,Giustenice,Liguria,44.1729,8.2431
17027,Pietra Ligure,Liguria,44.1492,8.2821
17028,Spotorno,Liguria,44.2264,8.4165
17028,Bergeggi,Liguria,44.2483,8.444
17028,Vezzi Portio,Liguria,44.2293,8.3651
17030,Castelbianco,Liguria,44.1142,8.0751
17030,Erli,Liguria,44.1372,8.1043
17030,Nasino,Liguria,44.1136,8.032
17031,Bastia,Liguria,44.0576,8.1722
17031,Lusignano,Liguria,44.0456,8.1808
17031,Leca,Liguria,44.0661,8.1832
17031,San Fedele,Liguria,44.0456,8.1808
17031,Albenga,Liguria,44.05,8.2183
17031,Campochiesa,Liguria,44.0707,8.1971
17032,Arnasco,Liguria,44.0782,8.1074
17032,Vendone,Liguria,44.0769,8.0711
17033,Villafranca,Liguria,44.033,8.1053
17033,Garlenda,Liguria,44.0332,8.0955
17033,Casanova Lerrone,Liguria,44.0321,8.0471
17034,Castelvecchio Di Rocca Barbena,Liguria,44.1298,8.1166
17035,Cisano Sul Neva,Liguria,44.071,8.1183
17037,Pogli,Liguria,44.0559,8.066
17037,Ortovero,Liguria,44.0539,8.0995
17037,Onzo,Liguria,44.0701,8.0522
17038,Villanova D'Albenga,Liguria,44.0473,8.1434
17039,Zuccarello,Liguria,44.1097,8.1181
17040,Mioglia,Liguria,44.4921,8.4143
17041,Altare,Liguria,44.3357,8.3341
17041,Cadibona,Liguria,44.3309,8.3789
17042,Pontinvrea,Liguria,44.442,8.4362
17042,Giovo Ligure,Liguria,44.442,8.4362
17042,Giovo,Liguria,44.442,8.4362
17043,Plodio,Liguria,44.3539,8.2472
17043,Piani,Liguria,44.3503,8.2569
17043,Carcare,Liguria,44.3546,8.2904
17043,Pallare,Liguria,44.3277,8.2786
17044,San Martino Stella,Liguria,44.3908,8.5153
17044,San Bernardo,Liguria,44.2814,8.2901
17044,Stella,Liguria,44.3213,8.3243
17044,Santa Giustina,Liguria,44.4166,8.4811
17044,San Martino,Liguria,44.3908,8.5153
17045,Bormida,Liguria,44.2781,8.2323
17045,Mallare,Liguria,44.2893,8.2969
17046,Sassello,Liguria,44.4804,8.4937
17046,Piampaludo,Liguria,44.4629,8.5814
17046,Palo,Liguria,44.4906,8.5479
17047,Quiliano,Liguria,44.2922,8.4141
17047,Valleggia,Liguria,44.2808,8.4297
17047,Vado Ligure,Liguria,44.2691,8.4338
17048,Vara Inferiore,Liguria,44.4661,8.6093
17048,Urbe,Liguria,44.4871,8.5862
17048,Vara Superiore,Liguria,44.4688,8.6256
17048,San Pietro D'Olba,Liguria,44.4876,8.5895
17048,Vara,Liguria,44.4794,8.6
17048,Olba,Liguria,44.4876,8.5895
17051,Marina Di Andora,Liguria,43.9535,8.1546
17051,Andora,Liguria,43.9551,8.1412
17052,Borghetto Santo Spirito,Liguria,44.1119,8.2413
17053,Laigueglia,Liguria,43.9759,8.1582
17054,Boissano,Liguria,44.1358,8.2216
17055,Toirano,Liguria,44.1273,8.2072
17056,Cengio,Liguria,44.3844,8.1976
17057,Calizzano,Liguria,44.2361,8.1182
17057,Bardineto,Liguria,44.1897,8.1353
17057,Caragna,Liguria,44.2633,8.1186
17058,Piana Crixia,Liguria,44.485,8.308
17058,Dego,Liguria,44.4445,8.3076
17100,Santuario,Liguria,44.3449,8.4439
17100,Savona,Liguria,44.309,8.4772
17100,Santuario Di Savona,Liguria,44.3141,8.4543
17100,Zinola,Liguria,44.3141,8.4543
17100,Legino,Liguria,44.3141,8.4543
17100,Lavagnola,Liguria,44.3141,8.4543
17100,Fornaci,Liguria,44.2883,8.4419
24010,Algua,Lombardia,45.8258,9.7223
24010,Botta,Lombardia,45.811,9.6894
24010,Lenna,Lombardia,45.9427,9.6788
24010,Santa Brigida,Lombardia,45.9849,9.6211
24010,Sedrina,Lombardia,45.7807,9.6236
24010,Olda,Lombardia,45.8866,9.5623
24010,Bracca,Lombardia,45.8227,9.7078
24010,Valtorta,Lombardia,45.9768,9.5348
24010,Sorisole,Lombardia,45.7314,9.6371
24010,Bordogna,Lombardia,45.9519,9.721
24010,Averara,Lombardia,45.9885,9.6316
24010,Petosino,Lombardia,45.9124,9.6574
24010,Dossena,Lombardia,45.8803,9.6968
24010,Vedeseta,Lombardia,45.891,9.5393
24010,Isola Di Fondra,Lombardia,45.9786,9.7474
24010,Branzi,Lombardia,46.0025,9.7593
24010,Valnegra,Lombardia,45.9491,9.6893
24010,Muggiasca,Lombardia,45.9834,9.6228
24010,Olmo Al Brembo,Lombardia,45.9701,9.6503
24010,Ubiale Clanezzo,Lombardia,45.7837,9.6194
24010,Blello,Lombardia,45.8378,9.571
24010,Ponteranica,Lombardia,45.7325,9.6518
24010,Piazzatorre,Lombardia,45.9927,9.6894
24010,Roncobello,Lombardia,45.9557,9.7523
24010,Moio De' Calvi,Lombardia,45.9518,9.7007
24010,Ornica,Lombardia,45.9889,9.5785
24010,Foppolo,Lombardia,46.043,9.7577
24010,Piazzolo,Lombardia,45.9798,9.6705
24010,Clanezzo,Lombardia,45.7628,9.602
24010,Fondra,Lombardia,45.9673,9.7337
24010,Carona,Lombardia,46.0215,9.7849
24010,Camerata Cornello,Lombardia,45.8996,9.6557
24010,Colla,Lombardia,45.9834,9.6228
24010,Mezzoldo,Lombardia,46.0126,9.6655
24010,Costa Serina,Lombardia,45.8327,9.7417
24010,Botta Di Sedrina,Lombardia,45.7678,9.6141
24010,Cusio,Lombardia,45.9909,9.6017
24010,Ubiale,Lombardia,45.7835,9.6165
24010,Peghera,Lombardia,45.8731,9.5692
24010,Valleve,Lombardia,46.0282,9.7437
24010,Cassiglio,Lombardia,45.9668,9.6121
24010,Taleggio,Lombardia,45.8934,9.5648
24011,Alme',Lombardia,45.7388,9.6156
24012,Val Brembilla,Lombardia,45.8451,9.6046
24012,Gerosa,Lombardia,45.8498,9.5716
24012,Brembilla,Lombardia,45.8769,9.6423
24012,San Gottardo,Lombardia,45.7968,9.789
24012,Laxolo,Lombardia,45.8087,9.5998
24013,Oltre Il Colle,Lombardia,45.8895,9.7693
24014,Piazza Brembana,Lombardia,45.9477,9.6733
24015,San Giovanni Bianco,Lombardia,45.8734,9.6542
24016,Santa Croce,Lombardia,45.8432,9.6891
24016,San Pellegrino Terme,Lombardia,45.8344,9.6675
24017,Cornalba,Lombardia,45.8493,9.7459
24017,Serina,Lombardia,45.8707,9.731
24018,Villa D'Alme',Lombardia,45.8941,9.6608
24019,Poscante,Lombardia,45.7842,9.6882
24019,Spino,Lombardia,45.7956,9.6763
24019,Ambria,Lombardia,45.8088,9.6809
24019,Zogno,Lombardia,45.7938,9.6599
24020,Azzone,Lombardia,45.979,10.1128
24020,Vilminore Di Scalve,Lombardia,45.9982,10.0938
24020,Villa D'Ogna,Lombardia,45.9047,9.9309
24020,Cantoniera Della Presolana,Lombardia,45.9299,10.099
24020,Tribulina,Lombardia,45.7173,9.7751
24020,Ardesio,Lombardia,45.9361,9.9295
24020,Casnigo,Lombardia,45.8131,9.8688
24020,Bondione,Lombardia,46.0354,10.0083
24020,Gorno,Lombardia,45.8625,9.8416
24020,Fino Del Monte,Lombardia,45.8927,9.9941
24020,Dezzo,Lombardia,45.9767,10.1025
24020,Negrone,Lombardia,45.7103,9.7581
24020,Rovetta,Lombardia,45.8918,9.9821
24020,Fiorano Al Serio,Lombardia,45.8002,9.8428
24020,Cerete Basso,Lombardia,45.8598,9.9934
24020,Ponte Selva,Lombardia,45.8745,9.9047
24020,Cene,Lombardia,45.7806,9.8266
24020,Parre,Lombardia,45.8746,9.8909
24020,Songavazzo,Lombardia,45.8795,9.9896
24020,Torre Boldone,Lombardia,45.7172,9.7079
24020,Villa Di Serio,Lombardia,45.7226,9.7352
24020,Valgoglio,Lombardia,45.9749,9.9136
24020,Piario,Lombardia,45.8965,9.9273
24020,Vilminore,Lombardia,45.998,10.0953
24020,Gorle,Lombardia,45.7013,9.7138
24020,Boario,Lombardia,45.9706,9.9477
24020,Ranica,Lombardia,45.7233,9.7134
24020,Cerete,Lombardia,45.8673,9.9947
24020,Peia,Lombardia,45.7995,9.8993
24020,Oltressenda Alta,Lombardia,45.9152,9.9449
24020,Gandellino,Lombardia,45.9911,9.9462
24020,Bratto,Lombardia,45.8717,9.9132
24020,Valbondione,Lombardia,45.8717,9.9132
24020,Oneta,Lombardia,45.8715,9.8194
24020,Gavarno,Lombardia,45.8717,9.9132
24020,Scanzorosciate,Lombardia,45.8717,9.9132
24020,Villassio,Lombardia,45.8631,9.8447
24020,Schilpario,Lombardia,46.0087,10.1553
24020,Aviatico,Lombardia,45.7976,9.7715
24020,Colzate,Lombardia,45.8172,9.8562
24020,Rosciate,Lombardia,45.7108,9.7351
24020,Fiumenero,Lombardia,46.0215,9.9576
24020,Parre Ponte Selva,Lombardia,45.8717,9.9132
24020,Cornale,Lombardia,45.7968,9.789
24020,Onore,Lombardia,45.8916,10.0108
24020,San Lorenzo Di Rovetta,Lombardia,45.8797,9.9754
24020,Scanzo,Lombardia,45.7108,9.7351
24020,Gromo,Lombardia,45.9619,9.9264
24020,Colere,Lombardia,45.9752,10.0836
24020,Premolo,Lombardia,45.8702,9.8747
24020,Pradalunga,Lombardia,45.7459,9.7823
24020,Selvino,Lombardia,45.7852,9.7529
24020,Lizzola,Lombardia,46.0235,10.0149
24020,Castione Della Presolana,Lombardia,45.9147,10.0554
24021,Desenzano Al Serio,Lombardia,45.7667,9.7833
24021,Vall'Alta,Lombardia,45.7612,9.8264
24021,Albino,Lombardia,45.7644,9.799
24021,Bondo Petello,Lombardia,45.7601,9.8127
24021,Comenduno,Lombardia,45.7601,9.8127
24021,Abbazia,Lombardia,45.748,9.842
24022,Nese,Lombardia,45.7644,9.7041
24022,Alzano Lombardo,Lombardia,45.7368,9.7264
24023,Clusone,Lombardia,45.8866,9.9465
24024,Gandino,Lombardia,45.8109,9.8977
24025,Gazzaniga,Lombardia,45.7934,9.8298
24025,Orezzo,Lombardia,45.8054,9.8219
24026,Leffe,Lombardia,45.7979,9.8843
24026,Cazzano Sant'Andrea,Lombardia,45.8112,9.8849
24027,Gavarno Rinnovata,Lombardia,45.7245,9.7632
24027,Nembro,Lombardia,45.7441,9.7613
24028,Ponte Nossa,Lombardia,45.8661,9.8836
24029,Vertova,Lombardia,45.81,9.8494
24030,Presezzo,Lombardia,45.6921,9.5704
24030,Bedulita,Lombardia,45.7914,9.5516
24030,Caprino Bergamasco,Lombardia,45.746,9.5429
24030,Camoneone,Lombardia,45.7855,9.5691
24030,Corna Imagna,Lombardia,45.8307,9.5448
24030,Fuipiano Valle Imagna,Lombardia,45.8543,9.5284
24030,Caprino,Lombardia,45.749,9.4924
24030,Crocette,Lombardia,45.746,9.5429
24030,Capizzone,Lombardia,45.746,9.5429
24030,Valbrembo,Lombardia,45.746,9.5429
24030,Ponte Giurino,Lombardia,45.746,9.5429
24030,Celana,Lombardia,45.746,9.5429
24030,Terno D'Isola,Lombardia,45.6855,9.531
24030,Strozza,Lombardia,45.7729,9.5789
24030,Paladina,Lombardia,45.7307,9.6059
24030,Mapello,Lombardia,45.7126,9.5544
24030,Scano Al Brembo,Lombardia,45.7186,9.6091
24030,Mozzo,Lombardia,45.6987,9.6087
24030,Barzana,Lombardia,45.7334,9.5684
24030,Locatello,Lombardia,45.8352,9.534
24030,Medolago,Lombardia,45.6713,9.4981
24030,Carvico,Lombardia,45.7019,9.4858
24030,Gromlongo,Lombardia,45.7289,9.541
24030,Pontida,Lombardia,45.7313,9.5114
24030,Palazzago,Lombardia,45.753,9.5336
24030,Almenno San Bartolomeo,Lombardia,45.7391,9.5808
24030,Sant'Antonio,Lombardia,45.7569,9.4846
24030,Solza,Lombardia,45.6787,9.4908
24030,Villa D'Adda,Lombardia,45.714,9.4616
24030,Ambivere,Lombardia,45.7196,9.5502
24030,Berbenno,Lombardia,45.8148,9.571
24030,Costa Valle Imagna,Lombardia,45.8028,9.5041
24030,Brembate Di Sopra,Lombardia,45.7167,9.5795
24030,Roncola,Lombardia,45.7687,9.5607
24031,Almenno San Salvatore,Lombardia,45.7497,9.597
24033,Calusco D'Adda,Lombardia,45.6884,9.4711
24034,Cisano Bergamasco,Lombardia,45.742,9.4715
24035,Curno,Lombardia,45.6888,9.6087
24036,Ponte San Pietro,Lombardia,45.706,9.5905
24037,Brumano,Lombardia,45.8546,9.5006
24037,Rota D'Imagna,Lombardia,45.8269,9.5135
24037,Calchera,Lombardia,45.8342,9.5116
24037,Frontale,Lombardia,45.8342,9.5116
24038,Valsecca,Lombardia,45.8261,9.4947
24038,Mazzoleni,Lombardia,45.8149,9.522
24038,Selino Basso,Lombardia,45.8103,9.5349
24038,Sant'Omobono Terme,Lombardia,45.8084,9.5362
24039,Piazza Caduti,Lombardia,45.7051,9.5025
24039,Sotto Il Monte Giovanni Xxiii,Lombardia,45.7057,9.5035
24040,Lallio,Lombardia,45.6628,9.6289
24040,Castel Rozzone,Lombardia,45.5523,9.6199
24040,Bottanuco,Lombardia,45.6393,9.509
24040,Suisio,Lombardia,45.6571,9.5023
24040,Ghiaie,Lombardia,45.6821,9.5812
24040,Zingonia,Lombardia,45.5906,9.6047
24040,Canonica D'Adda,Lombardia,45.5757,9.5417
24040,Madone,Lombardia,45.6503,9.5502
24040,Arcene,Lombardia,45.5772,9.6146
24040,Bonate Sotto,Lombardia,45.6682,9.5587
24040,Levate,Lombardia,45.6252,9.6242
24040,Casirate D'Adda,Lombardia,45.4953,9.5693
24040,Pognano,Lombardia,45.5864,9.64
24040,Isso,Lombardia,45.4768,9.7587
24040,Boltiere,Lombardia,45.6009,9.5785
24040,Pontirolo Nuovo,Lombardia,45.5692,9.5694
24040,Calvenzano,Lombardia,45.4962,9.5995
24040,Ciserano,Lombardia,45.5879,9.6011
24040,Stezzano,Lombardia,45.6497,9.6519
24040,Misano Di Gera D'Adda,Lombardia,45.4695,9.6213
24040,Grumello Del Piano,Lombardia,45.6667,9.6333
24040,Bonate Sopra,Lombardia,45.6818,9.5596
24040,Verdellino,Lombardia,45.6011,9.6081
24040,Comun Nuovo,Lombardia,45.6229,9.662
24040,Osio Sopra,Lombardia,45.6291,9.5847
24040,Arzago D'Adda,Lombardia,45.4814,9.5642
24040,Barbata,Lombardia,45.475,9.7774
24040,Filago,Lombardia,45.6376,9.5564
24040,Chignolo D'Isola,Lombardia,45.6676,9.5277
24040,Pagazzano,Lombardia,45.5343,9.6712
24040,Fornovo San Giovanni,Lombardia,45.4974,9.6774
24041,Brembate,Lombardia,45.6047,9.5548
24041,Grignano,Lombardia,45.6182,9.5423
24042,Capriate San Gervasio,Lombardia,45.6128,9.5297
24042,San Gervasio D'Adda,Lombardia,45.5964,9.5363
24042,Crespi D'Adda,Lombardia,45.5964,9.5363
24043,Masano,Lombardia,45.5142,9.6755
24043,Caravaggio,Lombardia,45.4963,9.6416
24043,Vidalengo,Lombardia,45.5223,9.6413
24044,Sforzatica,Lombardia,45.65,9.6
24044,Sabbio Bergamasco,Lombardia,45.6497,9.6031
24044,Dalmine,Lombardia,45.6493,9.6062
24045,Fara Gera D'Adda,Lombardia,45.5566,9.5366
24045,Badalasco,Lombardia,45.5422,9.5549
24046,Osio Sotto,Lombardia,45.6161,9.5891
24047,Geromina,Lombardia,45.5365,9.5754
24047,Castel Cerreto,Lombardia,45.5507,9.578
24047,Treviglio,Lombardia,45.5208,9.591
24048,Treviolo,Lombardia,45.6737,9.612
24049,Verdello,Lombardia,45.6037,9.6285
24050,Cividate Al Piano,Lombardia,45.5547,9.8302
24050,Morengo,Lombardia,45.5315,9.7059
24050,Zanica,Lombardia,45.6409,9.6857
24050,Palosco,Lombardia,45.5893,9.8365
24050,Malpaga,Lombardia,45.6171,9.7587
24050,Ghisalba,Lombardia,45.5935,9.7576
24050,Calcinate,Lombardia,45.6198,9.7984
24050,Covo,Lombardia,45.4991,9.7707
24050,Pumenengo,Lombardia,45.48,9.8677
24050,Orio Al Serio,Lombardia,45.6749,9.6908
24050,Bariano,Lombardia,45.5126,9.7037
24050,Grassobbio,Lombardia,45.6569,9.7257
24050,Cortenuova,Lombardia,45.539,9.7879
24050,Torre Pallavicina,Lombardia,45.4464,9.8771
24050,Mozzanica,Lombardia,45.4768,9.6885
24050,Cavernago,Lombardia,45.6253,9.7656
24050,Lurano,Lombardia,45.5657,9.6402
24050,Spirano,Lombardia,45.5814,9.6686
24050,Mornico Al Serio,Lombardia,45.5914,9.8093
24051,Antegnate,Lombardia,45.4865,9.7915
24052,Azzano San Paolo,Lombardia,45.658,9.6731
24053,Brignano Gera D'Adda,Lombardia,45.5432,9.6442
24054,Calcio,Lombardia,45.5083,9.849
24055,Cologno Al Serio,Lombardia,45.576,9.7089
24056,Fontanella,Lombardia,45.469,9.8025
24057,Martinengo,Lombardia,45.5722,9.7675
24058,Romano Di Lombardia,Lombardia,45.5208,9.7544
24058,Fara Olivana Con Sola,Lombardia,45.4951,9.7491
24058,Sola,Lombardia,45.4951,9.7491
24058,Fara Olivana,Lombardia,45.4951,9.7491
24059,Basella,Lombardia,45.6139,9.7287
24059,Urgnano,Lombardia,45.5994,9.6947
24060,Gaverina Terme,Lombardia,45.7558,9.8867
24060,Tolari,Lombardia,45.6021,9.8482
24060,Viadanica,Lombardia,45.6847,9.9615
24060,Castelli Calepio,Lombardia,45.6132,9.8854
24060,Sovere,Lombardia,45.8119,10.0344
24060,Chiuduno,Lombardia,45.6507,9.8495
24060,Casazza,Lombardia,45.7485,9.9063
24060,Casco,Lombardia,45.7108,9.8248
24060,Pianico,Lombardia,45.8099,10.0431
24060,Brusaporto,Lombardia,45.6714,9.7604
24060,Celatica,Lombardia,45.665,9.9024
24060,Foresto Sparso,Lombardia,45.6909,9.9201
24060,Carobbio Degli Angeli,Lombardia,45.6652,9.8292
24060,Credaro,Lombardia,45.6606,9.9311
24060,Gorlago,Lombardia,45.6741,9.823
24060,Ranzanico,Lombardia,45.7884,9.9351
24060,Monasterolo,Lombardia,45.7633,9.9314
24060,Villongo,Lombardia,45.6694,9.9308
24060,Endine,Lombardia,45.7898,9.9756
24060,Berzo San Fermo,Lombardia,45.7194,9.9032
24060,Torre De' Roveri,Lombardia,45.6972,9.7633
24060,Cividino,Lombardia,45.7159,9.916
24060,Endine Gaiano,Lombardia,45.7159,9.916
24060,Castel De' Conti,Lombardia,45.7159,9.916
24060,Borgo Di Terzo,Lombardia,45.7208,9.891
24060,Riva Di Solto,Lombardia,45.7742,10.0394
24060,Spinone Al Lago,Lombardia,45.7648,9.9216
24060,Montello,Lombardia,45.6721,9.8057
24060,Bagnatica,Lombardia,45.6609,9.7811
24060,Monasterolo Del Castello,Lombardia,45.7632,9.9317
24060,Tavernola Bergamasca,Lombardia,45.7085,10.0445
24060,Adrara San Martino,Lombardia,45.7023,9.949
24060,Bossico,Lombardia,45.8284,10.0451
24060,Solto Collina,Lombardia,45.7823,10.0264
24060,Costa Di Mezzate,Lombardia,45.6628,9.7956
24060,Adrara San Rocco,Lombardia,45.7158,9.9591
24060,Telgate,Lombardia,45.6279,9.8491
24060,Piangaiano,Lombardia,45.7888,9.9946
24060,Vigano San Martino,Lombardia,45.7261,9.8962
24060,Rogno,Lombardia,45.8566,10.1322
24060,Entratico,Lombardia,45.7078,9.8732
24060,Parzanica,Lombardia,45.7387,10.0352
24060,Bolgare,Lombardia,45.6324,9.8141
24060,San Paolo D'Argon,Lombardia,45.6884,9.8023
24060,Vigolo,Lombardia,45.7164,10.0263
24060,Cenate Sopra,Lombardia,45.713,9.8222
24060,Bianzano,Lombardia,45.7731,9.9182
24060,Fonteno,Lombardia,45.7586,10.0186
24060,Gandosso,Lombardia,45.6589,9.8889
24060,Grone,Lombardia,45.7272,9.9088
24060,Zandobbio,Lombardia,45.6861,9.8578
24060,Predore,Lombardia,45.6808,10.0127
24061,Albano Sant'Alessandro,Lombardia,45.6876,9.7665
24062,Costa Volpino,Lombardia,45.8277,10.1008
24063,Castro,Lombardia,45.8038,10.0659
24063,Fonderia Di Lovere,Lombardia,45.8038,10.0659
24064,Grumello Del Monte,Lombardia,45.6354,9.8753
24065,Lovere,Lombardia,45.8138,10.07
24066,Pedrengo,Lombardia,45.696,9.735
24067,Sarnico,Lombardia,45.671,9.9615
24068,Cassinone,Lombardia,45.648,9.5266
24068,Seriate,Lombardia,45.6853,9.7249
24069,Cenate Sotto,Lombardia,45.7028,9.8497
24069,Trescore Balneario,Lombardia,45.6941,9.8417
24069,Luzzana,Lombardia,45.7153,9.8811
24069,Cenate Di Sotto,Lombardia,45.699,9.8264
24100,Bergamo,Lombardia,45.696,9.6672
24121,Bergamo,Lombardia,45.696,9.6672
24122,Bergamo,Lombardia,45.696,9.6672
24123,Bergamo,Lombardia,45.696,9.6672
24123,Valtesse,Lombardia,45.7167,9.6667
24124,Redona,Lombardia,45.71,9.8714
24124,Bergamo,Lombardia,45.696,9.6672
24125,Bergamo,Lombardia,45.696,9.6672
24125,Boccaleone,Lombardia,45.696,9.6672
24126,Malpensata,Lombardia,45.7968,9.789
24126,Colognola Al Piano,Lombardia,45.7057,9.6693
24126,Campagnola,Lombardia,45.6919,9.9534
24126,Bergamo,Lombardia,45.696,9.6672
24127,Bergamo,Lombardia,45.696,9.6672
24128,Loreto,Lombardia,45.696,9.6672
24128,Bergamo,Lombardia,45.696,9.6672
24129,Bergamo,Lombardia,45.696,9.6672
24129,Longuelo,Lombardia,45.696,9.6672
25010,Campione,Lombardia,45.7548,10.7514
25010,Acquafredda,Lombardia,45.307,10.4134
25010,Rivoltella,Lombardia,45.45,10.55
25010,San Martino Della Battaglia,Lombardia,45.4383,10.6005
25010,Visano,Lombardia,45.3168,10.3709
25010,Campione Del Garda,Lombardia,45.47,10.4791
25010,San Felice Del Benaco,Lombardia,45.5828,10.5538
25010,Limone Sul Garda,Lombardia,45.47,10.4791
25010,Isorella,Lombardia,45.47,10.4791
25010,Vesio,Lombardia,45.7918,10.7462
25010,Borgosatollo,Lombardia,45.4769,10.2403
25010,Pozzolengo,Lombardia,45.4052,10.6304
25010,San Zeno Naviglio,Lombardia,45.4926,10.2185
25010,Remedello Di Sopra,Lombardia,45.2787,10.3711
25010,Remedello,Lombardia,45.2784,10.372
25010,Montirone,Lombardia,45.4464,10.2288
25010,Remedello Di Sotto,Lombardia,45.26,10.3802
25010,Tremosine,Lombardia,45.7709,10.759
25011,Calcinato,Lombardia,45.4574,10.4095
25011,Ponte San Marco,Lombardia,45.4769,10.4132
25011,Calcinatello,Lombardia,45.4671,10.4113
25012,Mezzane,Lombardia,45.3479,10.3962
25012,Viadana,Lombardia,45.3719,10.3363
25012,Calvisano,Lombardia,45.3453,10.3427
25012,Malpaga,Lombardia,45.366,10.3202
25013,Carpenedolo,Lombardia,45.3617,10.4312
25014,Capodimonte,Lombardia,45.4671,10.2656
25014,Castenedolo,Lombardia,45.4743,10.2913
25015,Desenzano Del Garda,Lombardia,45.4713,10.5356
25016,Ghedi,Lombardia,45.402,10.2768
25017,Esenta,Lombardia,45.4166,10.4804
25017,Sedena,Lombardia,45.4865,10.4728
25017,Lonato,Lombardia,45.4608,10.4773
25017,Centenaro,Lombardia,45.4546,10.4768
25018,Sant'Antonio,Lombardia,45.4043,10.3556
25018,Vighizzolo,Lombardia,45.4352,10.3551
25018,Novagli,Lombardia,45.3869,10.4387
25018,Montichiari,Lombardia,45.4132,10.398
25019,Colombare Di Sirmione,Lombardia,45.4974,10.6051
25019,Sirmione,Lombardia,45.4974,10.6051
25020,Scarpizzolo,Lombardia,45.3776,10.0494
25020,Seniga,Lombardia,45.2448,10.1776
25020,Faverzano,Lombardia,45.3781,10.0839
25020,Milzano,Lombardia,45.2736,10.1993
25020,Cigole,Lombardia,45.3076,10.1898
25020,Alfianello,Lombardia,45.267,10.1482
25020,Bassano Bresciano,Lombardia,45.3283,10.1287
25020,San Paolo,Lombardia,45.3725,10.024
25020,Offlaga,Lombardia,45.3853,10.1174
25020,San Gervasio Bresciano,Lombardia,45.3077,10.1465
25020,Poncarale,Lombardia,45.4609,10.1798
25020,Pralboino,Lombardia,45.2672,10.2184
25020,Gambara,Lombardia,45.2537,10.2943
25020,Capriano Del Colle,Lombardia,45.4748,10.1323
25020,Quinzanello,Lombardia,45.4193,10.0979
25020,Fiesse,Lombardia,45.2321,10.3242
25020,Cignano,Lombardia,45.3721,10.1047
25020,Azzano Mella,Lombardia,45.4546,10.1172
25020,Flero,Lombardia,45.4825,10.1769
25020,Corticelle Pieve,Lombardia,45.4237,10.1204
25020,Pavone Del Mella,Lombardia,45.3015,10.2098
25020,Dello,Lombardia,45.4192,10.0762
25021,Bagnolo Mella,Lombardia,45.4277,10.1864
25022,Motella,Lombardia,45.345,10.0104
25022,Farfengo,Lombardia,45.3681,9.9795
25022,Borgo San Giacomo,Lombardia,45.348,9.9682
25022,Padernello,Lombardia,45.3589,9.9946
25023,Gottolengo,Lombardia,45.2928,10.2685
25024,Castelletto,Lombardia,45.3315,10.2334
25024,Leno,Lombardia,45.3693,10.2168
25024,Porzano,Lombardia,45.4012,10.1962
25024,Castelletto Di Leno,Lombardia,45.3315,10.2334
25025,Manerbio,Lombardia,45.3539,10.138
25026,Pontevico,Lombardia,45.2732,10.0925
25027,Quinzano D'Oglio,Lombardia,45.3143,10.0079
25028,Verolanuova,Lombardia,45.3283,10.0786
25028,Cadignano,Lombardia,45.3612,10.0579
25029,Verolavecchia,Lombardia,45.3286,10.0549
25030,Roccafranca,Lombardia,45.4641,9.9126
25030,Longhena,Lombardia,45.4377,10.0597
25030,Cizzago,Lombardia,45.4713,9.9501
25030,Castelcovati,Lombardia,45.502,9.946
25030,Erbusco,Lombardia,45.5987,9.9719
25030,Castrezzato,Lombardia,45.5113,9.9809
25030,Berlingo,Lombardia,45.5028,10.0344
25030,Torbiato,Lombardia,45.6119,9.9835
25030,Ludriano,Lombardia,45.4485,9.9328
25030,Corzano,Lombardia,45.4438,10.0074
25030,Mairano,Lombardia,45.448,10.0798
25030,Pompiano,Lombardia,45.4312,9.9891
25030,Torbole Casaglia,Lombardia,45.5128,10.117
25030,Roncadelle,Lombardia,45.5272,10.1541
25030,Castel Mella,Lombardia,45.4991,10.1455
25030,Comezzano,Lombardia,45.4958,10.0036
25030,Zocco,Lombardia,45.4958,10.0036
25030,Cossirano,Lombardia,45.4958,10.0036
25030,Lograto,Lombardia,45.4846,10.0566
25030,Comezzano Cizzago,Lombardia,45.4958,10.0036
25030,Coccaglio,Lombardia,45.564,9.9722
25030,Villachiara,Lombardia,45.3544,9.9308
25030,Orzivecchi,Lombardia,45.4206,9.9633
25030,Villa Pedergnano,Lombardia,45.5853,9.9938
25030,Trenzano,Lombardia,45.4773,10.0107
25030,Rudiano,Lombardia,45.4895,9.8861
25030,Maclodio,Lombardia,45.4778,10.0422
25030,Pievedizio,Lombardia,45.4606,10.0877
25030,Paratico,Lombardia,45.6588,9.9579
25030,Barbariga,Lombardia,45.4051,10.0544
25030,Urago D'Oglio,Lombardia,45.516,9.8697
25030,Adro,Lombardia,45.6206,9.9616
25030,Brandico,Lombardia,45.4542,10.0527
25031,Capriolo,Lombardia,45.6333,9.9319
25032,Chiari,Lombardia,45.5376,9.927
25033,Cologne,Lombardia,45.5786,9.9418
25034,Orzinuovi,Lombardia,45.4019,9.9232
25034,Coniolo,Lombardia,45.3833,9.9761
25035,Ospitaletto,Lombardia,45.5522,10.0756
25036,San Pancrazio,Lombardia,45.6141,9.9368
25036,Palazzolo Sull'Oglio,Lombardia,45.5966,9.8869
25037,Pontoglio,Lombardia,45.5694,9.8535
25038,Sant'Anna,Lombardia,45.5352,10.0025
25038,Rovato,Lombardia,45.5634,10.0021
25038,Sant'Andrea,Lombardia,45.5427,9.9942
25038,Duomo,Lombardia,45.5324,10.0212
25038,Lodetto,Lombardia,45.551,10.0318
25039,Travagliato,Lombardia,45.5239,10.0801
25040,Lozio,Lombardia,45.9857,10.261
25040,Braone,Lombardia,45.9901,10.3418
25040,Cerveno,Lombardia,46.0018,10.3283
25040,Saviore Dell'Adamello,Lombardia,45.9298,10.2418
25040,Forno D'Allione,Lombardia,45.9298,10.2418
25040,Bienno,Lombardia,45.9353,10.2923
25040,Borgonato,Lombardia,45.6207,10.0182
25040,Plemo,Lombardia,45.9149,10.2364
25040,Timoline,Lombardia,45.9298,10.2418
25040,Galleno,Lombardia,46.1667,10.2309
25040,Corte Franca,Lombardia,45.63,9.9885
25040,Monno,Lombardia,46.2123,10.3401
25040,Angolo Terme,Lombardia,45.8917,10.1496
25040,Nigoline,Lombardia,45.6291,9.9868
25040,Bonomelli,Lombardia,45.6291,9.9868
25040,Monticelli Brusati,Lombardia,45.6348,10.1003
25040,Malonno,Lombardia,46.1217,10.3184
25040,Forno Allione,Lombardia,46.0876,10.3182
25040,Prestine,Lombardia,45.9296,10.3087
25040,Cevo,Lombardia,46.0809,10.3695
25040,Sacca,Lombardia,45.8995,10.2201
25040,Badetto,Lombardia,45.9969,10.3429
25040,Santicolo,Lombardia,46.168,10.2729
25040,Artogne,Lombardia,45.8544,10.1665
25040,Ono San Pietro,Lombardia,46.0169,10.3284
25040,Parmezzana Calzana,Lombardia,45.6335,10.0954
25040,Berzo Demo,Lombardia,46.0929,10.333
25040,Colombaro,Lombardia,45.5777,10.4803
25040,Corteno Golgi,Lombardia,46.1662,10.2435
25040,Ceto,Lombardia,46.0026,10.352
25040,Incudine,Lombardia,46.2203,10.3588
25040,Esine,Lombardia,45.9251,10.251
25040,Berzo Inferiore,Lombardia,45.9303,10.277
25040,Cividate Camuno,Lombardia,45.9409,10.2661
25040,Gianico,Lombardia,45.8656,10.1749
25041,Erbanno,Lombardia,45.8944,10.2187
25041,Boario Terme,Lombardia,45.8944,10.2187
25042,Borno,Lombardia,45.9475,10.2024
25043,Pescarzo,Lombardia,45.9499,10.313
25043,Breno,Lombardia,45.9589,10.3065
25043,Astrio,Lombardia,45.9417,10.3222
25044,Capo Di Ponte,Lombardia,46.03,10.3428
25045,Castegnato,Lombardia,45.5613,10.1145
25046,Calino,Lombardia,45.5843,10.0233
25046,Cazzago San Martino,Lombardia,45.5843,10.0233
25046,Bornato,Lombardia,45.5937,10.0409
25046,Pedrocca,Lombardia,45.5344,10.045
25047,Darfo Boario Terme,Lombardia,45.8915,10.1888
25047,Gorzone,Lombardia,45.8847,10.185
25047,Darfo,Lombardia,45.8779,10.1812
25048,Cortenedolo,Lombardia,46.174,10.2769
25048,Sonico,Lombardia,46.1664,10.3507
25048,Edolo,Lombardia,46.178,10.3332
25049,Pilzone,Lombardia,45.6739,10.0806
25049,Iseo,Lombardia,45.6588,10.0502
25049,Clusane,Lombardia,45.6625,10
25050,Paderno Franciacorta,Lombardia,45.5869,10.0797
25050,Ponte Cingoli,Lombardia,45.5975,10.1069
25050,Paspardo,Lombardia,46.0323,10.3688
25050,Provezze,Lombardia,45.6314,10.0729
25050,Ossimo Superiore,Lombardia,45.9462,10.2306
25050,Ossimo,Lombardia,45.8766,10.2262
25050,Rodengo Saiano,Lombardia,45.8766,10.2262
25050,Fontane,Lombardia,45.8766,10.2262
25050,Stadolina,Lombardia,46.2428,10.4314
25050,Temu',Lombardia,46.2502,10.4659
25050,Peschiera Maraglio,Lombardia,45.6943,10.0912
25050,Camignone,Lombardia,45.8766,10.2262
25050,Ossimo Inferiore,Lombardia,45.9427,10.2359
25050,Crist,Lombardia,45.9744,10.3219
25050,Pian Camuno,Lombardia,45.8419,10.1418
25050,Niardo,Lombardia,45.976,10.3333
25050,Ome,Lombardia,45.6273,10.1214
25050,Sellero,Lombardia,46.0514,10.3476
25050,Provaglio D'Iseo,Lombardia,45.6354,10.0447
25050,Cimbergo,Lombardia,46.0241,10.3657
25050,Novelle,Lombardia,46.0698,10.3484
25050,Siviano,Lombardia,45.7149,10.0803
25050,Zone,Lombardia,45.7634,10.1159
25050,Passirano,Lombardia,45.5967,10.0699
25050,Valle Di Saviore,Lombardia,46.069,10.4297
25050,Monte Isola,Lombardia,45.7162,10.0799
25050,Pontagna,Lombardia,46.2513,10.4814
25050,Zurane,Lombardia,45.6334,10.0472
25050,Gresine,Lombardia,45.6334,10.0472
25050,Monterotondo,Lombardia,45.6091,10.0435
25050,Paisco Loveno,Lombardia,46.0791,10.2926
25050,Vione,Lombardia,46.2481,10.4484
25050,Losine,Lombardia,45.9835,10.3162
25051,Cedegolo,Lombardia,46.074,10.3514
25052,Piancogno,Lombardia,45.9197,10.2253
25052,Pian Di Borno,Lombardia,45.9167,10.2
25052,Cogno,Lombardia,45.9182,10.2126
25052,Annunciata,Lombardia,45.702,10.3119
25053,Malegno,Lombardia,45.9508,10.2741
25054,Marone,Lombardia,45.7372,10.0958
25055,Toline,Lombardia,45.7873,10.089
25055,Pisogne,Lombardia,45.8078,10.1102
25055,Gratacasolo,Lombardia,45.829,10.1292
25056,Ponte Di Legno,Lombardia,45.8677,10.2115
25057,Sale Marasino,Lombardia,45.7064,10.1122
25058,Sulzano,Lombardia,45.6873,10.0999
25059,Vezza D'Oglio,Lombardia,45.8677,10.2115
25060,San Colombano,Lombardia,45.8126,10.3696
25060,Tavernole Sul Mella,Lombardia,45.7068,10.2297
25060,Polaveno,Lombardia,45.6615,10.124
25060,Cellatica,Lombardia,45.582,10.1802
25060,Lodrino,Lombardia,45.7197,10.2777
25060,Brozzo,Lombardia,45.7202,10.2309
25060,Pezzaze,Lombardia,45.7763,10.236
25060,Brione,Lombardia,45.6423,10.1485
25060,Collebeato,Lombardia,45.5812,10.2102
25060,Fantasina,Lombardia,45.5732,10.1779
25060,Marmentino,Lombardia,45.755,10.2847
25060,Stravignino,Lombardia,45.7747,10.2384
25060,Lavone,Lombardia,45.762,10.2496
25060,Collio,Lombardia,45.8109,10.3351
25060,Lavone Di Pezzaze,Lombardia,45.762,10.2496
25060,Marcheno,Lombardia,45.7065,10.2145
25060,Gombio,Lombardia,45.6686,10.1483
25061,Irma,Lombardia,45.7713,10.2846
25061,Bovegno,Lombardia,45.7912,10.2701
25062,Concesio,Lombardia,45.6052,10.217
25062,San Vigilio,Lombardia,45.6081,10.1944
25063,Gardone Val Trompia,Lombardia,45.6914,10.1864
25063,Magno,Lombardia,45.7067,10.1994
25064,Gussago,Lombardia,45.5836,10.1572
25064,Ronco,Lombardia,45.5961,10.1353
25064,Piazza,Lombardia,45.5872,10.1553
25064,Mandolossa,Lombardia,45.5495,10.1364
25065,Lumezzane,Lombardia,45.6479,10.2649
25065,San Sebastiano,Lombardia,45.6519,10.2568
25065,Pieve,Lombardia,45.65,10.2333
25065,Lumezzane Sant'Apollonio,Lombardia,45.65,10.2471
25065,Sant'Apollonio,Lombardia,45.65,10.2471
25065,Lumezzane Pieve,Lombardia,45.65,10.2333
25068,Zanano,Lombardia,45.6607,10.1969
25068,Ponte Zanano,Lombardia,45.6607,10.1969
25068,Sarezzo,Lombardia,45.6607,10.1969
25069,Villa Carcina,Lombardia,45.6333,10.1956
25069,Carcina,Lombardia,45.6333,10.1956
25069,Cogozzo,Lombardia,45.702,10.3119
25070,Mura,Lombardia,45.7131,10.342
25070,Sabbio Chiese,Lombardia,45.6559,10.4219
25070,Gazzane,Lombardia,45.6576,10.3794
25070,Preseglie,Lombardia,45.6683,10.3968
25070,Pertica Alta,Lombardia,45.7424,10.3442
25070,Barghe,Lombardia,45.6783,10.4078
25070,Trebbio,Lombardia,45.7129,10.4614
25070,Ponte Caffaro,Lombardia,45.8208,10.5271
25070,Provaglio Val Sabbia,Lombardia,45.6888,10.434
25070,Treviso Bresciano,Lombardia,45.7129,10.4614
25070,Anfo,Lombardia,45.7658,10.4938
25070,Bione,Lombardia,45.6728,10.3389
25070,Sottocastello,Lombardia,45.6672,10.3942
25070,Livemmo,Lombardia,45.7432,10.3443
25070,Capovalle,Lombardia,45.7534,10.5445
25070,San Faustino,Lombardia,45.6663,10.3439
25070,Casto,Lombardia,45.6949,10.3212
25070,Caino,Lombardia,45.6094,10.3132
25071,Agnosine,Lombardia,45.6497,10.3527
25072,Bagolino,Lombardia,45.8252,10.4618
25073,Bovezzo,Lombardia,45.59,10.2418
25074,Idro,Lombardia,45.7361,10.4734
25074,Crone,Lombardia,45.7374,10.475
25074,Lavenone,Lombardia,45.7385,10.4393
25075,Nave,Lombardia,45.5848,10.2795
25076,Odolo,Lombardia,45.6455,10.3831
25077,Roe',Lombardia,45.6258,10.4996
25077,Roe' Volciano,Lombardia,45.612,10.4886
25078,Nozza,Lombardia,45.7,10.3833
25078,Vestone,Lombardia,45.7078,10.3961
25078,Pertica Bassa,Lombardia,45.7534,10.3725
25078,Forno D'Ono,Lombardia,45.755,10.373
25079,Pompegnino,Lombardia,45.6449,10.483
25079,Degagna,Lombardia,45.6449,10.483
25079,Vobarno,Lombardia,45.6415,10.4987
25079,Carpeneda,Lombardia,45.6483,10.4672
25080,Manerba Del Garda,Lombardia,45.5499,10.5523
25080,Molinetto,Lombardia,45.5324,10.3235
25080,Tignale,Lombardia,45.7436,10.7103
25080,Gardola,Lombardia,45.7418,10.7187
25080,Paitone,Lombardia,45.5521,10.4023
25080,Serle,Lombardia,45.5614,10.3682
25080,Muscoline,Lombardia,45.5625,10.4619
25080,Magasa,Lombardia,45.7814,10.616
25080,Nuvolera,Lombardia,45.5322,10.3692
25080,Puegnago Sul Garda,Lombardia,45.5668,10.5098
25080,Raffa,Lombardia,45.5705,10.5296
25080,Moerna,Lombardia,45.7588,10.5816
25080,Chiesa,Lombardia,45.5636,10.462
25080,Carzago Della Riviera,Lombardia,45.5244,10.4605
25080,Castello,Lombardia,45.6138,10.4708
25080,Case Nuove,Lombardia,45.61,10.3942
25080,Padenghe Sul Garda,Lombardia,45.5079,10.5186
25080,Carzago Riviera,Lombardia,45.5244,10.4605
25080,Nuvolento,Lombardia,45.546,10.3881
25080,Vallio Terme,Lombardia,45.6098,10.3974
25080,Polpenazze Del Garda,Lombardia,45.5512,10.5049
25080,Moniga Del Garda,Lombardia,45.5267,10.5373
25080,Soiano,Lombardia,45.5278,10.5127
25080,Prevalle,Lombardia,45.5514,10.4221
25080,Valvestino,Lombardia,45.7607,10.5955
25080,Soiano Del Lago,Lombardia,45.5886,10.4865
25080,Calvagese Della Riviera,Lombardia,45.5392,10.446
25080,Solarolo,Lombardia,45.5505,10.5549
25080,Ciliverghe,Lombardia,45.5886,10.4865
25080,Mazzano,Lombardia,45.5201,10.3539
25081,Campagnola,Lombardia,45.5881,10.4855
25081,Bedizzole,Lombardia,45.5104,10.4233
25082,Botticino Mattina,Lombardia,45.5462,10.3095
25082,Botticino Sera,Lombardia,45.5462,10.3095
25082,San Gallo,Lombardia,45.5626,10.3082
25082,Botticino,Lombardia,45.5297,10.3108
25083,San Michele,Lombardia,45.7833,10.7
25083,Fasano Del Garda,Lombardia,45.6747,10.6056
25083,Gardone Riviera,Lombardia,45.624,10.5668
25083,Montecucco,Lombardia,45.6167,10.55
25084,Navazzo,Lombardia,45.6838,10.6329
25084,Gargnano,Lombardia,45.6859,10.6587
25084,Bogliaco,Lombardia,45.6848,10.6458
25085,San Biagio,Lombardia,45.5883,10.4632
25085,Sopraponte,Lombardia,45.5894,10.4426
25085,Gavardo,Lombardia,45.5894,10.4426
25085,San Giacomo,Lombardia,45.5938,10.4769
25086,Rezzato,Lombardia,45.5118,10.3173
25086,Virle Treponti,Lombardia,45.5118,10.3173
25087,Barbarano,Lombardia,45.6068,10.5205
25087,Campoverde,Lombardia,45.6068,10.5205
25087,Salo',Lombardia,45.6068,10.5205
25088,Maderno,Lombardia,45.6333,10.5833
25088,Toscolano Maderno,Lombardia,45.6398,10.6076
25089,Bostone,Lombardia,45.5994,10.4527
25089,Villanuova Sul Clisi,Lombardia,45.5994,10.4527
25100,Brescia,Lombardia,45.5356,10.2147
25121,Brescia,Lombardia,45.5356,10.2147
25122,Brescia,Lombardia,45.5356,10.2147
25123,Brescia,Lombardia,45.5356,10.2147
25124,Brescia,Lombardia,45.5356,10.2147
25125,Brescia,Lombardia,45.5356,10.2147
25126,Brescia,Lombardia,45.5356,10.2147
25127,Brescia,Lombardia,45.5356,10.2147
25128,Brescia,Lombardia,45.5356,10.2147
25129,Brescia,Lombardia,45.5356,10.2147
25129,Bettole Di Buffalora,Lombardia,45.4968,10.2752
25130,Brescia,Lombardia,45.5356,10.2147
25131,Brescia,Lombardia,45.5356,10.2147
25131,Fornaci,Lombardia,45.5095,10.1301
25132,Brescia,Lombardia,45.5356,10.2147
25132,Mandolossa Di Brescia,Lombardia,45.5495,10.1364
25133,Mompiano,Lombardia,45.5356,10.2147
25133,Brescia,Lombardia,45.5356,10.2147
25134,San Polo,Lombardia,45.4413,10.4893
25134,Brescia,Lombardia,45.5356,10.2147
25135,Sant'Eufemia Della Fonte,Lombardia,45.5356,10.2147
25135,Caionvico,Lombardia,45.5356,10.2147
25135,Brescia,Lombardia,45.5356,10.2147
25136,Stocchetta,Lombardia,45.5356,10.2147
25136,Brescia,Lombardia,45.5356,10.2147
22010,Cavargna,Lombardia,46.0522,9.2108
22010,San Nazzaro Val Cavargna,Lombardia,46.0894,9.1274
22010,Santa Maria Rezzonico,Lombardia,46.0522,9.2108
22010,Sant'Abbondio,Lombardia,46.0522,9.2108
22010,San Pietro Sovera,Lombardia,46.0522,9.2108
22010,Valsolda,Lombardia,46.0522,9.2108
22010,Santa Maria,Lombardia,45.9289,9.1528
22010,Azzano,Lombardia,45.981,9.2028
22010,Moltrasio,Lombardia,45.86,9.0984
22010,Germasino,Lombardia,46.1357,9.2634
22010,Oria,Lombardia,46.0232,9.0369
22010,Mezzegra,Lombardia,45.9817,9.2051
22010,Garzeno,Lombardia,46.1341,9.2496
22010,San Siro,Lombardia,46.0657,9.2688
22010,Acquaseria,Lombardia,46.0551,9.2584
22010,Sala Comacina,Lombardia,45.9642,9.166
22010,Val Rezzo,Lombardia,46.0727,9.1118
22010,Colonno,Lombardia,45.9577,9.1529
22010,Gera Lario,Lombardia,46.17,9.3674
22010,Livo,Lombardia,46.1685,9.3041
22010,Codogna,Lombardia,46.0277,9.2099
22010,Grandola Ed Uniti,Lombardia,46.0249,9.2127
22010,Plesio,Lombardia,46.0474,9.2288
22010,Stazzona,Lombardia,46.1388,9.2752
22010,Consiglio Di Rumo,Lombardia,46.143,9.2933
22010,Albogasio,Lombardia,46.0232,9.0369
22010,Montemezzo,Lombardia,46.1788,9.3709
22010,Cremia,Lombardia,46.0865,9.2711
22010,Argegno,Lombardia,45.9422,9.1264
22010,Carate Urio,Lombardia,45.8718,9.1221
22010,Musso,Lombardia,46.1129,9.2738
22010,Urio,Lombardia,45.8718,9.1221
22010,Carlazzo,Lombardia,46.0422,9.165
22010,Cusino,Lombardia,46.0749,9.1526
22010,Sorico,Lombardia,46.1726,9.384
22010,Piano Porlezza,Lombardia,46.0333,9.1667
22010,Corrido,Lombardia,46.0476,9.1355
22010,Rezzonico,Lombardia,46.0711,9.2777
22010,Bene Lario,Lombardia,46.029,9.1841
22010,Calozzo,Lombardia,46.1005,9.2753
22010,Dosso Del Liro,Lombardia,46.164,9.2729
22010,Claino Con Osteno,Lombardia,46.0067,9.0838
22010,Peglio,Lombardia,46.1604,9.2947
22010,Ossuccio,Lombardia,45.9696,9.1797
22010,Laglio,Lombardia,45.8806,9.137
22010,Trezzone,Lombardia,46.1716,9.3518
22010,Brienno,Lombardia,45.9117,9.1314
22010,San Bartolomeo Val Cavargna,Lombardia,46.0835,9.1491
22010,San Gregorio,Lombardia,46.1464,9.3009
22010,Pianello Del Lario,Lombardia,46.1028,9.2769
22011,Griante,Lombardia,45.9953,9.2355
22011,Cadenabbia,Lombardia,45.9886,9.2362
22012,Cernobbio,Lombardia,45.8431,9.0719
22013,Domaso,Lombardia,46.1528,9.3315
22013,Vercana,Lombardia,46.1595,9.3351
22014,Dongo,Lombardia,46.13,9.2817
22015,Gravedona,Lombardia,46.0474,9.2115
22016,Tremezzina,Lombardia,45.973,9.1908
22016,Lenno,Lombardia,45.973,9.1908
22017,Menaggio,Lombardia,46.0207,9.2391
22018,Porlezza,Lombardia,46.0371,9.1292
22018,Cima,Lombardia,46.0251,9.0912
22019,Tremezzo,Lombardia,45.9842,9.2161
22020,Ramponio Verna,Lombardia,45.997,9.0663
22020,Camnago Faloppio,Lombardia,45.8047,8.9793
22020,Pognana Lario,Lombardia,45.8804,9.1576
22020,Zelbio,Lombardia,45.9046,9.1805
22020,Lemna,Lombardia,45.8581,9.1599
22020,Boscone,Lombardia,45.8008,8.9832
22020,Blevio,Lombardia,45.8422,9.1051
22020,Pigra,Lombardia,45.9574,9.1265
22020,Pare',Lombardia,45.8109,9.0087
22020,Gaggino,Lombardia,45.8079,8.9643
22020,Occagno,Lombardia,45.929,9.0987
22020,Camnago,Lombardia,45.8,9.1167
22020,Schignano,Lombardia,45.9298,9.1021
22020,San Fermo Della Battaglia,Lombardia,45.8087,9.0474
22020,Nesso,Lombardia,45.9124,9.1567
22020,Veleso,Lombardia,45.9088,9.1809
22020,Pellio Intelvi,Lombardia,45.9799,9.0586
22020,Faggeto Lario,Lombardia,45.8588,9.1589
22020,Bizzarone,Lombardia,45.8343,8.9427
22020,Laino,Lombardia,45.9845,9.0754
22020,Pellio,Lombardia,45.8765,9.0756
22020,Ponna,Lombardia,45.8765,9.0756
22020,Dizzasco,Lombardia,45.9438,9.0997
22020,Cerano D'Intelvi,Lombardia,45.9445,9.0877
22020,Faloppio,Lombardia,45.8097,8.9643
22020,Torno,Lombardia,45.8559,9.1171
22020,Drezzo,Lombardia,45.8153,8.9948
22021,San Giovanni Di Bellagio,Lombardia,45.9877,9.2618
22021,Bellagio,Lombardia,45.9877,9.2618
22022,Casasco D'Intelvi,Lombardia,45.9437,9.0757
22023,Castiglione D'Intelvi,Lombardia,45.9575,9.0899
22024,Lanzo D'Intelvi,Lombardia,45.9794,9.0217
22024,Scaria,Lombardia,45.9794,9.0217
22025,Lezzeno,Lombardia,45.9441,9.1849
22026,Maslianico,Lombardia,45.843,9.0484
22027,Ronago,Lombardia,45.8323,8.9836
22028,San Fedele Intelvi,Lombardia,45.9677,9.0807
22028,Blessagno,Lombardia,45.9591,9.0975
22029,Uggiate Trevano,Lombardia,45.8234,8.9596
22030,Caglio,Lombardia,45.8715,9.2372
22030,Longone Al Segrino,Lombardia,45.8143,9.2514
22030,Castelmarte,Lombardia,45.8324,9.233
22030,Rezzago,Lombardia,45.8667,9.2486
22030,Lasnigo,Lombardia,45.882,9.2664
22030,Galliano,Lombardia,45.8167,9.2667
22030,Penzano,Lombardia,45.8103,9.2582
22030,Sormano,Lombardia,45.878,9.2458
22030,Barni,Lombardia,45.9111,9.2659
22030,Corneno,Lombardia,45.8167,9.2667
22030,Magreglio,Lombardia,45.921,9.2626
22030,Orsenigo,Lombardia,45.7784,9.1796
22030,Caslino D'Erba,Lombardia,45.839,9.2255
22030,Eupilio,Lombardia,45.8445,9.2373
22030,Pusiano,Lombardia,45.8148,9.2822
22030,Montorfano,Lombardia,45.7864,9.1437
22030,Proserpio,Lombardia,45.8283,9.2455
22030,Civenna,Lombardia,45.9402,9.2712
22030,Lipomo,Lombardia,45.7929,9.1202
22031,Albavilla,Lombardia,45.8004,9.185
22032,Albese Con Cassano,Lombardia,45.7949,9.1636
22033,Asso,Lombardia,45.8606,9.2673
22034,Brunate,Lombardia,45.821,9.0987
22035,Canzo,Lombardia,45.8487,9.2706
22036,Erba,Lombardia,45.8088,9.2261
22036,Arcellasco,Lombardia,45.8088,9.2261
22037,Ponte Lambro,Lombardia,45.8254,9.2245
22038,Tavernerio,Lombardia,45.8007,9.1405
22038,Solzago,Lombardia,45.8007,9.1405
22039,Valbrona,Lombardia,45.8774,9.2988
22039,Osigo,Lombardia,45.8753,9.2956
22040,Lurago D'Erba,Lombardia,45.751,9.2182
22040,Anzano Del Parco,Lombardia,45.7701,9.1975
22040,Alzate Brianza,Lombardia,45.7698,9.182
22040,Fabbrica Durini,Lombardia,45.7512,9.1958
22040,Monguzzo,Lombardia,45.7635,9.2015
22040,Brenna,Lombardia,45.7434,9.1866
22040,Nobile,Lombardia,45.7802,9.2302
22040,Alserio,Lombardia,45.7789,9.2001
22041,Gironico Al Piano,Lombardia,45.8014,9.0031
22041,Gironico,Lombardia,45.8014,9.0031
22041,Colverde,Lombardia,45.8014,9.0031
22042,Cavallasca,Lombardia,45.8096,9.0328
22043,Solbiate,Lombardia,45.7897,8.9331
22043,Cagno,Lombardia,45.8111,8.9173
22044,Inverigo,Lombardia,45.738,9.2184
22044,Cremnago,Lombardia,45.738,9.2184
22044,Romano' Brianza,Lombardia,45.738,9.2184
22045,Lambrugo,Lombardia,45.7588,9.2395
22046,Merone,Lombardia,45.7872,9.244
22060,Campione D'Italia,Lombardia,45.9682,8.9718
22060,Cucciago,Lombardia,45.7393,9.0929
22060,Cabiate,Lombardia,45.6742,9.1737
22060,Figino Serenza,Lombardia,45.7105,9.1311
22060,Carimate,Lombardia,45.7066,9.1075
22060,Arosio,Lombardia,45.7193,9.2082
22060,Montesolaro,Lombardia,45.721,9.1176
22060,Novedrate,Lombardia,45.6981,9.1207
22060,Carugo,Lombardia,45.7085,9.1968
22063,Asnago Di Cantu',Lombardia,45.717,9.0986
22063,Cantu',Lombardia,45.741,9.1308
22063,Cantu' Asnago,Lombardia,45.717,9.0986
22063,Vighizzolo Di Cantu',Lombardia,45.7334,9.1544
22063,Mirabello Di Cantu',Lombardia,45.7271,9.1206
22063,Cascina Amata,Lombardia,45.7271,9.1206
22066,Mariano Comense,Lombardia,45.6965,9.1818
22066,Perticato,Lombardia,45.6965,9.1818
22069,Rovellasca,Lombardia,45.6666,9.0488
22070,Puginate,Lombardia,45.711,9.0577
22070,Bregnano,Lombardia,45.6978,9.0593
22070,Lucino,Lombardia,45.7835,9.0434
22070,Figliaro,Lombardia,45.7799,8.9447
22070,Luisago,Lombardia,45.7629,9.0354
22070,Veniano,Lombardia,45.7163,8.985
22070,Montano Lucino,Lombardia,45.7838,9.0424
22070,Carbonate,Lombardia,45.6851,8.9381
22070,Grandate,Lombardia,45.7671,9.0535
22070,Binago,Lombardia,45.7822,8.9223
22070,Rodero,Lombardia,45.824,8.9152
22070,Intimiano,Lombardia,45.7478,8.9969
22070,Capiago Intimiano,Lombardia,45.7478,8.9969
22070,Oltrona Di San Mamette,Lombardia,45.7558,8.9767
22070,Bulgarograsso,Lombardia,45.7471,9.0064
22070,Senna Comasco,Lombardia,45.763,9.111
22070,San Michele,Lombardia,45.6959,9.0586
22070,Portichetto,Lombardia,45.7478,8.9969
22070,Montano,Lombardia,45.7942,9.0222
22070,Albiolo,Lombardia,45.8056,8.9392
22070,San Giorgio,Lombardia,45.7693,9.1316
22070,Vertemate Con Minoprio,Lombardia,45.7252,9.073
22070,Capiago,Lombardia,45.7478,8.9969
22070,Minoprio,Lombardia,45.7478,8.9969
22070,Casanova Lanza,Lombardia,45.7478,8.9969
22070,Casnate,Lombardia,45.7478,8.9969
22070,Limido Comasco,Lombardia,45.6892,8.9798
22070,Valmorea,Lombardia,45.8152,8.9306
22070,Rovello Porro,Lombardia,45.6521,9.0394
22070,Concagno,Lombardia,45.7991,8.9096
22070,Cassina Rizzardi,Lombardia,45.7523,9.0245
22070,Locate Varesino,Lombardia,45.6897,8.9299
22070,Beregazzo,Lombardia,45.7702,8.9587
22070,Lurago Marinone,Lombardia,45.7048,8.9833
22070,Appiano Gentile,Lombardia,45.735,8.981
22070,Beregazzo Con Figliaro,Lombardia,45.7807,8.9441
22070,Guanzate,Lombardia,45.7276,9.0198
22070,Castelnuovo Bozzente,Lombardia,45.7646,8.9435
22070,Fenegro',Lombardia,45.7016,8.9996
22070,Cascina Restelli,Lombardia,45.6807,8.9895
22070,Cirimido,Lombardia,45.6998,9.0125
22070,Casnate Con Bernate,Lombardia,45.7563,9.0726
22071,Bulgorello,Lombardia,45.7243,9.0552
22071,Caslino Al Piano,Lombardia,45.7273,9.0378
22071,Cadorago,Lombardia,45.7258,9.0465
22072,Cermenate,Lombardia,45.702,9.0836
22073,Andrate,Lombardia,45.7439,9.0765
22073,Molinetto,Lombardia,45.7439,9.0765
22073,Fino Mornasco,Lombardia,45.7429,9.05
22074,Lomazzo,Lombardia,45.6967,9.0343
22074,Manera,Lombardia,45.6735,9.0406
22075,Lurate Caccivio,Lombardia,45.767,8.999
22076,Mozzate,Lombardia,45.6747,8.9564
22077,Olgiate Comasco,Lombardia,45.7844,8.9682
22078,Turate,Lombardia,45.6573,9.0042
22079,Villa Guardia,Lombardia,45.775,9.0232
22100,Camerlata,Lombardia,45.806,9.0892
22100,Civiglio,Lombardia,45.806,9.0892
22100,Rebbio,Lombardia,45.806,9.0892
22100,Lora,Lombardia,45.806,9.0892
22100,Breccia,Lombardia,45.806,9.0892
22100,Monte Olimpino,Lombardia,45.806,9.0892
22100,Tavernola,Lombardia,45.806,9.0892
22100,Camnago Volta,Lombardia,45.8,9.1167
22100,Ponte Chiasso,Lombardia,45.8323,9.0401
22100,Como,Lombardia,45.8082,9.0832
22100,Albate,Lombardia,45.7833,9.1167
26010,Robecco D'Oglio,Lombardia,45.2585,10.0772
26010,Pozzaglio Ed Uniti,Lombardia,45.2003,10.0506
26010,Ripalta Guerina,Lombardia,45.3061,9.704
26010,Vaiano Cremasco,Lombardia,45.3713,9.5879
26010,Ricengo,Lombardia,45.4057,9.724
26010,Olmeneta,Lombardia,45.2354,10.0232
26010,Ripalta Nuova,Lombardia,45.332,9.6924
26010,Campagnola Cremasca,Lombardia,45.3985,9.6695
26010,Camisano,Lombardia,45.4448,9.7453
26010,Sergnano,Lombardia,45.4276,9.7012
26010,Zappello,Lombardia,45.3334,9.6729
26010,Capralba,Lombardia,45.4435,9.6442
26010,Chieve,Lombardia,45.3405,9.6165
26010,Casaletto Ceredano,Lombardia,45.3183,9.617
26010,Montodine,Lombardia,45.2842,9.7091
26010,Fiesco,Lombardia,45.3374,9.7779
26010,Bolzone,Lombardia,45.3345,9.6623
26010,Casale Cremasco,Lombardia,45.4319,9.7142
26010,Cremosano,Lombardia,45.3947,9.6383
26010,Casaletto Vaprio,Lombardia,45.4082,9.6288
26010,Dovera,Lombardia,45.3643,9.5445
26010,Casalsigone,Lombardia,45.2184,10.0288
26010,Salvirola,Lombardia,45.3563,9.7792
26010,Pianengo,Lombardia,45.4022,9.6948
26010,Moscazzano,Lombardia,45.2936,9.6813
26010,Pozzaglio,Lombardia,45.2,10.0535
26010,Izano,Lombardia,45.3555,9.7514
26010,Rovereto,Lombardia,45.2968,9.6649
26010,Rubbiano,Lombardia,45.3028,9.6395
26010,Azzanello,Lombardia,45.3131,9.9197
26010,Castelvisconti,Lombardia,45.3054,9.9411
26010,Credera Rubbiano,Lombardia,45.3374,9.747
26010,Ripalta Cremasca,Lombardia,45.3374,9.747
26010,Offanengo,Lombardia,45.3789,9.7424
26010,Monte Cremasco,Lombardia,45.3722,9.5729
26010,Corte De' Frati,Lombardia,45.2185,10.1019
26010,Capergnanica,Lombardia,45.3387,9.6447
26010,Casale Cremasco Vidolasco,Lombardia,45.3374,9.747
26010,Ripalta Arpina,Lombardia,45.3019,9.729
26010,Bagnolo Cremasco,Lombardia,45.3612,9.613
26010,Castel Gabbiano,Lombardia,45.4685,9.7176
26010,Credera,Lombardia,45.303,9.655
26011,Casalbuttano Ed Uniti,Lombardia,45.2519,9.9617
26011,Casalbuttano,Lombardia,45.2519,9.9617
26012,Castelleone,Lombardia,45.2958,9.7609
26013,Crema,Lombardia,45.3626,9.6818
26013,Sabbioni,Lombardia,45.2439,9.8393
26013,Santo Stefano In Vairano,Lombardia,45.3785,9.6761
26013,Santa Maria Della Croce,Lombardia,45.3283,9.7324
26013,Ombriano,Lombardia,45.2192,9.9945
26014,Romanengo,Lombardia,45.3782,9.7878
26014,Casaletto Di Sopra,Lombardia,45.4192,9.7826
26015,Soresina,Lombardia,45.2882,9.8586
26016,Spino D'Adda,Lombardia,45.4009,9.4867
26017,Quintano,Lombardia,45.4205,9.6186
26017,Torlino Vimercati,Lombardia,45.4175,9.5948
26017,Pieranica,Lombardia,45.4262,9.6103
26017,Trescore Cremasco,Lombardia,45.403,9.6228
26018,Trigolo,Lombardia,45.33,9.8142
26019,Vailate,Lombardia,45.4623,9.6033
26020,Cumignano Sul Naviglio,Lombardia,45.3546,9.8362
26020,Madignano,Lombardia,45.3451,9.7227
26020,Cappella Cantone,Lombardia,45.2466,9.8383
26020,Casalmorano,Lombardia,45.2877,9.8986
26020,Cascine Gandini,Lombardia,45.4037,9.5734
26020,Scannabue,Lombardia,45.3931,9.593
26020,Crotta D'Adda,Lombardia,45.1589,9.8568
26020,Corte De' Cortesi Con Cignone,Lombardia,45.2732,10.0079
26020,San Bassano,Lombardia,45.2438,9.8095
26020,Fengo,Lombardia,45.1836,9.8871
26020,Agnadello,Lombardia,45.4452,9.5541
26020,Cignone,Lombardia,45.2689,9.985
26020,Genivolta,Lombardia,45.3326,9.8773
26020,Palazzo Pignano,Lombardia,45.3901,9.5696
26020,Acquanegra Cremonese,Lombardia,45.1686,9.8907
26020,Gombito,Lombardia,45.2619,9.7286
26020,Ticengo,Lombardia,45.3693,9.8277
26020,Corte De' Cortesi,Lombardia,45.2727,10.0074
26020,Spinadesco,Lombardia,45.1492,9.9264
26020,Formigara,Lombardia,45.2231,9.7708
26020,Bordolano,Lombardia,45.2917,9.9873
26021,Barzaniga,Lombardia,45.2643,9.8898
26021,Annicco,Lombardia,45.2434,9.8791
26022,San Martino In Beliseto,Lombardia,45.2152,9.9843
26022,Castelverde,Lombardia,45.1875,9.9969
26022,Costa Sant'Abramo,Lombardia,45.1667,9.9667
26023,Farfengo,Lombardia,45.2233,9.8736
26023,Grumello Cremonese Ed Uniti,Lombardia,45.2087,9.869
26023,Grumello Cremonese,Lombardia,45.1941,9.8644
26024,Paderno Ponchielli,Lombardia,45.238,9.9288
26025,Nosadello,Lombardia,45.4027,9.5305
26025,Pandino,Lombardia,45.4056,9.5522
26026,Roggione,Lombardia,45.1838,9.8074
26026,Regona,Lombardia,45.2052,9.8191
26026,Pizzighettone,Lombardia,45.1869,9.7878
26027,Rivolta D'Adda,Lombardia,45.4696,9.5125
26028,Sesto Cremonese,Lombardia,45.1757,9.9144
26028,Sesto Ed Uniti,Lombardia,45.1765,9.9141
26028,Casanova Del Morbasco,Lombardia,45.1629,9.9628
26029,Soncino,Lombardia,45.4003,9.8684
26029,Gallignano,Lombardia,45.4377,9.8376
26030,Tornata,Lombardia,45.1044,10.4308
26030,Casteldidone,Lombardia,45.0707,10.4058
26030,Ardole San Marino,Lombardia,45.1563,10.1055
26030,Voltido,Lombardia,45.112,10.333
26030,Calvatone,Lombardia,45.127,10.4406
26030,Gabbioneta Binanuova,Lombardia,45.1435,10.2792
26030,Gadesco Pieve Delmona,Lombardia,45.1435,10.2792
26030,Cappella De' Picenardi,Lombardia,45.1586,10.23
26030,Cicognolo,Lombardia,45.1676,10.1941
26030,Volongo,Lombardia,45.2116,10.3024
26030,Gabbioneta,Lombardia,45.2163,10.2203
26030,Pessina Cremonese,Lombardia,45.185,10.2481
26030,Malagnino,Lombardia,45.1348,10.1148
26030,Solarolo Rainerio,Lombardia,45.0813,10.3571
26030,Spineda,Lombardia,45.0614,10.5116
26030,Ca' De' Mari,Lombardia,45.1576,10.1163
26030,Binanuova,Lombardia,45.2317,10.1792
26031,Isola Dovarese,Lombardia,45.1729,10.3088
26032,Ostiano,Lombardia,45.2226,10.2545
26033,Pescarolo Ed Uniti,Lombardia,45.1939,10.1865
26033,Pescarolo,Lombardia,45.1939,10.1865
26033,Pieve Terzagni,Lombardia,45.1841,10.2215
26034,Drizzona,Lombardia,45.1422,10.3503
26034,Piadena,Lombardia,45.1286,10.371
26035,Pieve San Giacomo,Lombardia,45.132,10.1878
26036,Rivarolo Del Re,Lombardia,45.0312,10.4725
26036,Rivarolo Del Re Ed Uniti,Lombardia,45.0312,10.4725
26037,San Giovanni In Croce,Lombardia,45.074,10.3732
26038,Torre De' Picenardi,Lombardia,45.1432,10.288
26038,San Lorenzo De' Picenardi,Lombardia,45.1445,10.3069
26038,Ca' D'Andrea,Lombardia,45.1196,10.2775
26039,Vescovato,Lombardia,45.1742,10.1645
26039,Ca' De' Stefani,Lombardia,45.1742,10.1645
26040,Scandolara Ravara,Lombardia,45.0531,10.3022
26040,Castelponzone,Lombardia,45.0626,10.3123
26040,Pieve D'Olmi,Lombardia,45.0896,10.1237
26040,Derovere,Lombardia,45.11,10.248
26040,Gussola,Lombardia,45.0117,10.3489
26040,Gerre De' Caprioli,Lombardia,45.0904,10.0508
26040,Cella Dati,Lombardia,45.0953,10.2215
26040,San Martino Del Lago,Lombardia,45.0724,10.3157
26040,Bonemerse,Lombardia,45.1137,10.0775
26040,Torricella Del Pizzo,Lombardia,45.0202,10.295
26040,Martignana Di Po,Lombardia,45.0111,10.3798
26041,Vicoboneghisio,Lombardia,45.0089,10.4247
26041,Vicomoscano,Lombardia,44.9748,10.4504
26041,Agoiolo,Lombardia,44.9799,10.4472
26041,Roncadello,Lombardia,44.9477,10.4721
26041,Quattrocase,Lombardia,44.9757,10.4863
26041,Vicobellignano,Lombardia,45,10.4
26041,Casalbellotto,Lombardia,44.9626,10.4762
26041,Casalmaggiore,Lombardia,44.9898,10.4206
26042,Cingia De' Botti,Lombardia,45.0851,10.2755
26043,Persichello,Lombardia,45.1853,10.1044
26043,Dosimo,Lombardia,45.1847,10.1036
26043,Persico Dosimo,Lombardia,45.1859,10.1052
26044,Grontardo,Lombardia,45.2014,10.1515
26044,Levata,Lombardia,45.1996,10.1365
26045,Motta Baluffi,Lombardia,45.0557,10.2585
26046,San Daniele Po,Lombardia,45.0673,10.1764
26047,Scandolara Ripa D'Oglio,Lombardia,45.2217,10.1572
26048,San Salvatore,Lombardia,45.0963,10.1791
26048,Sospiro,Lombardia,45.1076,10.1585
26049,Stagno Lombardo,Lombardia,45.0746,10.0889
26100,San Felice,Lombardia,45.143,10.0737
26100,Cremona,Lombardia,45.1332,10.0213
26100,Maristella,Lombardia,45.1507,10.0528
26100,Migliaro,Lombardia,45.1616,10.013
26100,Cava Tigozzi,Lombardia,45.1509,10.0375
26100,Boschetto,Lombardia,45.1659,10.0266
23801,Rossino,Lombardia,45.7954,9.4376
23801,Calolziocorte,Lombardia,45.7954,9.4376
23802,Carenno,Lombardia,45.8016,9.463
23804,Monte Marenzo,Lombardia,45.7721,9.4548
23805,Erve,Lombardia,45.8216,9.4528
23806,San Gottardo,Lombardia,45.7768,9.4664
23806,Favirano,Lombardia,45.7823,9.4544
23806,Valcava,Lombardia,45.7842,9.512
23806,Torre De' Busi,Lombardia,45.7741,9.4802
23807,Cassina Fra Martino,Lombardia,45.7177,9.4329
23807,Merate,Lombardia,45.6886,9.4208
23808,Vercurago,Lombardia,45.8094,9.4221
23811,Ballabio,Lombardia,45.8963,9.4229
23811,Morterone,Lombardia,45.8748,9.4823
23813,Bindo,Lombardia,46.0084,9.3811
23813,Cortenova,Lombardia,46.0003,9.3845
23814,Maggio,Lombardia,45.9263,9.4592
23814,Cremeno,Lombardia,45.9349,9.471
23815,Introbio,Lombardia,45.9739,9.45
23816,Barzio,Lombardia,45.9435,9.4669
23817,Moggio,Lombardia,45.9324,9.4862
23817,Cassina Valsassina,Lombardia,45.9321,9.4789
23818,Pasturo,Lombardia,45.9517,9.4441
23819,Primaluna,Lombardia,45.9838,9.4376
23819,Cortabbio,Lombardia,45.9838,9.4376
23821,Abbadia Lariana,Lombardia,45.8995,9.3352
23821,Crebbio,Lombardia,45.9126,9.3338
23822,Vestreno,Lombardia,46.0833,9.3248
23822,Bellano,Lombardia,46.0443,9.3073
23823,Colico Piano,Lombardia,46.1321,9.3771
23823,Colico,Lombardia,46.1321,9.3771
23824,Dervio,Lombardia,46.077,9.3066
23824,Dorio,Lombardia,46.1002,9.3188
23825,Esino Lario,Lombardia,45.9944,9.334
23826,Mandello Del Lario,Lombardia,45.922,9.3197
23827,Lierna,Lombardia,45.9582,9.3051
23828,Perledo,Lombardia,46.0153,9.2956
23829,Fiumelatte,Lombardia,45.9948,9.2925
23829,Varenna,Lombardia,46.0108,9.2846
23831,Casargo,Lombardia,46.0395,9.3872
23832,Margno,Lombardia,46.031,9.3816
23832,Crandola Valsassina,Lombardia,46.0233,9.3791
23833,Pagnona,Lombardia,46.0597,9.4027
23834,Premana,Lombardia,46.0524,9.4213
23835,Sueglio,Lombardia,46.0858,9.3337
23835,Introzzo,Lombardia,46.0812,9.3409
23836,Tremenico,Lombardia,46.0759,9.366
23837,Taceno,Lombardia,46.0225,9.364
23837,Parlasco,Lombardia,46.0179,9.3449
23838,Vendrogno,Lombardia,46.0344,9.3294
23841,Annone Di Brianza,Lombardia,45.8022,9.3312
23842,Bosisio Parini,Lombardia,45.8008,9.29
23843,Dolzago,Lombardia,45.767,9.3393
23844,Sirone,Lombardia,45.7727,9.3221
23845,Costa Masnaga,Lombardia,45.7696,9.2763
23845,Camisasca,Lombardia,45.767,9.2556
23846,Brongio,Lombardia,45.7654,9.3125
23846,Garbagnate Monastero,Lombardia,45.7734,9.3014
23847,Luzzana,Lombardia,45.785,9.2952
23847,Molteno,Lombardia,45.7782,9.3039
23848,Oggiono,Lombardia,45.7913,9.3482
23848,Ello,Lombardia,45.7857,9.3653
23849,Casletto,Lombardia,45.7824,9.274
23849,Rogeno,Lombardia,45.7824,9.274
23851,Sala Al Barro,Lombardia,45.8206,9.3622
23851,Vergano Villa,Lombardia,45.7942,9.3746
23851,Galbiate,Lombardia,45.8164,9.379
23852,Garlate,Lombardia,45.8121,9.3996
23854,Olginate,Lombardia,45.7913,9.4187
23855,Pescate,Lombardia,45.8335,9.3939
23857,Valgreghentino,Lombardia,45.7793,9.4134
23861,Cesana Brianza,Lombardia,45.8168,9.2995
23862,Civate,Lombardia,45.8281,9.3429
23864,Malgrate,Lombardia,45.8489,9.3763
23865,Oliveto Lario,Lombardia,45.93,9.284
23865,Onno,Lombardia,45.9086,9.2955
23865,Limonta,Lombardia,45.9562,9.2706
23867,Suello,Lombardia,45.8168,9.3115
23868,Valmadrera,Lombardia,45.8463,9.3582
23868,Caserta,Lombardia,45.8463,9.3582
23870,Cernusco Lombardone,Lombardia,45.6909,9.3992
23871,Lomagna,Lombardia,45.6664,9.3765
23873,Missaglia,Lombardia,45.7066,9.3347
23873,Maresso,Lombardia,45.6876,9.3559
23874,Quattro Strade,Lombardia,45.6955,9.3768
23874,Montevecchia,Lombardia,45.7055,9.3808
23875,Osnago,Lombardia,45.6755,9.3919
23876,Monticello Brianza,Lombardia,45.7095,9.3156
23877,Paderno D'Adda,Lombardia,45.6788,9.4449
23878,Verderio Superiore,Lombardia,45.6678,9.4403
23879,Verderio Inferiore,Lombardia,45.6656,9.4334
23879,Verderio,Lombardia,45.6656,9.4334
23880,Galgiana,Lombardia,45.6906,9.3147
23880,Campofiorenzo,Lombardia,45.6677,9.3171
23880,Casatenovo,Lombardia,45.6951,9.3134
23880,California,Lombardia,45.7499,9.2595
23880,Rogoredo,Lombardia,45.677,9.3328
23880,Rimoldo,Lombardia,45.677,9.3328
23880,Valaperta,Lombardia,45.677,9.3328
23881,Airuno,Lombardia,45.7535,9.4277
23883,Beverate,Lombardia,45.7372,9.4425
23883,Brivio,Lombardia,45.7372,9.4425
23884,Cologna,Lombardia,45.7561,9.3458
23884,Caraverio,Lombardia,45.7561,9.3458
23884,Castello Di Brianza,Lombardia,45.7593,9.3453
23885,Calco,Lombardia,45.7242,9.4125
23885,Arlate,Lombardia,45.7236,9.4424
23886,Colle Brianza,Lombardia,45.7624,9.3643
23886,Nava,Lombardia,45.7622,9.3631
23887,Olgiate Molgora,Lombardia,45.7303,9.4033
23887,Monticello,Lombardia,45.7124,9.3148
23887,Canova,Lombardia,45.6783,9.4056
23888,La Valletta Brianza,Lombardia,45.7373,9.367
23888,Perego,Lombardia,45.7376,9.3629
23888,Rovagnate,Lombardia,45.7369,9.3711
23889,Santa Maria Hoe',Lombardia,45.7443,9.3744
23890,Barzago,Lombardia,45.7555,9.3142
23891,Barzano',Lombardia,45.7326,9.3136
23892,Bulciago,Lombardia,45.7506,9.2853
23893,Cassago Brianza,Lombardia,45.7381,9.2934
23894,Cremella,Lombardia,45.7386,9.3006
23895,Tabiago,Lombardia,45.7564,9.2668
23895,Nibionno,Lombardia,45.7465,9.2689
23895,Cibrone,Lombardia,45.7564,9.2668
23896,Bevera Di Sirtori,Lombardia,45.7366,9.3308
23896,Sirtori,Lombardia,45.7366,9.3308
23897,Vigano',Lombardia,45.7247,9.3249
23898,Imbersago,Lombardia,45.7059,9.4444
23899,Robbiate,Lombardia,45.6883,9.4371
23900,Lecco,Lombardia,45.8559,9.397
26811,Boffalora D'Adda,Lombardia,45.3585,9.4963
26812,Borghetto Lodigiano,Lombardia,45.2133,9.4995
26812,Casoni,Lombardia,45.1941,9.4974
26813,Graffignana,Lombardia,45.2065,9.4544
26814,Livraga,Lombardia,45.1923,9.5465
26815,Motta Vigana,Lombardia,45.265,9.4902
26815,Massalengo,Lombardia,45.265,9.4902
26816,Ossago Lodigiano,Lombardia,45.2421,9.5372
26817,San Martino In Strada,Lombardia,45.275,9.5264
26818,Villanova Del Sillaro,Lombardia,45.238,9.4819
26818,Bargano,Lombardia,45.2403,9.4469
26821,Bertonico,Lombardia,45.2331,9.6681
26822,Brembio,Lombardia,45.2123,9.5724
26823,Castiglione D'Adda,Lombardia,45.217,9.6928
26823,Camairago,Lombardia,45.2053,9.7275
26824,Cavenago D'Adda,Lombardia,45.2825,9.5987
26825,Basiasco,Lombardia,45.265,9.5897
26825,Mairago,Lombardia,45.2518,9.5784
26826,Secugnago,Lombardia,45.2313,9.5939
26827,Terranova Dei Passerini,Lombardia,45.2153,9.6619
26828,Melegnanello,Lombardia,45.2372,9.6205
26828,Turano Lodigiano,Lombardia,45.2478,9.6222
26831,Cologno,Lombardia,45.3641,9.3615
26831,Casalmaiocco,Lombardia,45.3524,9.3709
26832,Cervignano D'Adda,Lombardia,45.3739,9.4241
26832,Galgagnano,Lombardia,45.358,9.4454
26833,Comazzo,Lombardia,45.4419,9.4628
26833,Merlino,Lombardia,45.4334,9.4299
26834,Terraverde,Lombardia,45.3155,9.5616
26834,Corte Palasio,Lombardia,45.3086,9.5639
26834,Cadilana,Lombardia,45.3303,9.5448
26834,Abbadia Cerreto,Lombardia,45.3122,9.5942
26835,Crespiatica,Lombardia,45.3514,9.5766
26836,Montanaso Lombardo,Lombardia,45.3352,9.4655
26837,Cassino D'Alberi,Lombardia,45.3921,9.3909
26837,Quartiano,Lombardia,45.358,9.4176
26837,Mulazzano,Lombardia,45.3724,9.3977
26838,Tavazzano,Lombardia,45.3278,9.4047
26838,Villavesco,Lombardia,45.3362,9.4058
26838,Tavazzano Con Villavesco,Lombardia,45.332,9.4053
26839,Zelo Buon Persico,Lombardia,45.4117,9.4317
26841,Zorlesco,Lombardia,45.2004,9.616
26841,Casalpusterlengo,Lombardia,45.1792,9.6483
26842,Cornovecchio,Lombardia,45.1367,9.7994
26842,Caselle Landi,Lombardia,45.1026,9.7956
26843,Meleti,Lombardia,45.1197,9.8357
26843,Maccastorna,Lombardia,45.1467,9.8546
26843,Castelnuovo Bocca D'Adda,Lombardia,45.1115,9.8636
26844,Cavacurta,Lombardia,45.1898,9.7419
26845,Codogno,Lombardia,45.1619,9.7022
26846,Corno Giovine,Lombardia,45.1341,9.7577
26847,Maleo,Lombardia,45.1663,9.7624
26848,San Fiorano,Lombardia,45.1382,9.7206
26849,Santo Stefano Lodigiano,Lombardia,45.1186,9.7353
26851,Borgo San Giovanni,Lombardia,45.2779,9.435
26852,Mairano,Lombardia,45.3102,9.3591
26852,Casaletto Lodigiano,Lombardia,45.2934,9.3619
26853,Caselle Lurani,Lombardia,45.2804,9.3602
26854,Pieve Fissiraga,Lombardia,45.2633,9.4584
26854,Cornegliano Laudense,Lombardia,45.2862,9.488
26854,Muzza Sant'Angelo,Lombardia,45.2747,9.4732
26855,Lodi Vecchio,Lombardia,45.3042,9.4176
26856,Mirabello,Lombardia,45.1499,9.6137
26856,Senna Lodigiana,Lombardia,45.1502,9.5938
26857,Salerano Sul Lambro,Lombardia,45.2966,9.3852
26858,Sordio,Lombardia,45.3422,9.3639
26859,Valera Fratta,Lombardia,45.2572,9.3362
26861,Fombio,Lombardia,45.1413,9.6804
26861,Retegno,Lombardia,45.1494,9.6985
26862,Guardamiglio,Lombardia,45.1074,9.6848
26863,Orio Litta,Lombardia,45.1624,9.5545
26864,Ospedaletto Lodigiano,Lombardia,45.1688,9.5787
26865,San Rocco Al Porto,Lombardia,45.082,9.6972
26866,Sant'Angelo Lodigiano,Lombardia,45.2353,9.4065
26866,Vidardo,Lombardia,45.2567,9.4024
26866,Castiraga Vidardo,Lombardia,45.2573,9.4046
26866,Marudo,Lombardia,45.253,9.3772
26867,Somaglia,Lombardia,45.1495,9.6335
26867,San Martino Pizzolano,Lombardia,45.1637,9.6212
26900,Lodi,Lombardia,45.3099,9.5009
26900,San Grato,Lombardia,45.3099,9.5009
20811,Cassina Savina,Lombardia,45.6177,9.1215
20811,Villaggio Snia,Lombardia,45.6177,9.1215
20811,Cesano Maderno,Lombardia,45.6292,9.1519
20811,Binzago,Lombardia,45.6177,9.1215
20812,Villaggio Dei Giovi,Lombardia,45.6177,9.1215
20812,Mombello,Lombardia,45.6167,9.1167
20812,Villaggio Del Sole,Lombardia,45.614,9.1073
20812,Limbiate,Lombardia,45.5995,9.1251
20813,Bovisio,Lombardia,45.6102,9.153
20813,Masciago,Lombardia,45.6102,9.153
20813,Bovisio-Masciago,Lombardia,45.6102,9.153
20814,Valera,Lombardia,45.6177,9.1215
20814,Varedo,Lombardia,45.5976,9.1632
20815,Cogliate,Lombardia,45.646,9.0788
20816,Dal Pozzo,Lombardia,45.6315,9.0548
20816,Ceriano Laghetto,Lombardia,45.6293,9.0802
20821,Meda,Lombardia,45.6612,9.1534
20822,Baruccana,Lombardia,45.6649,9.1144
20822,Seveso,Lombardia,45.6467,9.143
20823,Cimnago,Lombardia,45.6888,9.1283
20823,Camnago,Lombardia,45.6685,9.1282
20823,Lentate Sul Seveso,Lombardia,45.6764,9.1177
20824,Lazzate,Lombardia,45.6721,9.0842
20825,Barlassina,Lombardia,45.6556,9.1288
20826,Misinto,Lombardia,45.6614,9.0813
20826,Cascina Nuova,Lombardia,45.653,9.0645
20831,Seregno,Lombardia,45.65,9.2055
20832,Desio,Lombardia,45.6183,9.2025
20833,Robbiano Di Giussano,Lombardia,45.7,9.2333
20833,Paina,Lombardia,45.6785,9.233
20833,Giussano,Lombardia,45.7,9.2089
20834,Nova Milanese,Lombardia,45.5888,9.1979
20835,Muggio',Lombardia,45.5888,9.2278
20835,Taccona,Lombardia,45.6785,9.233
20836,Briosco,Lombardia,45.7101,9.2406
20836,Fornaci,Lombardia,45.7264,9.2409
20836,Capriano,Lombardia,45.723,9.2553
20837,Veduggio Con Colzano,Lombardia,45.7339,9.2702
20838,Renate,Lombardia,45.7244,9.2799
20841,Agliate,Lombardia,45.6855,9.2385
20841,Carate Brianza,Lombardia,45.6757,9.2372
20842,Besana In Brianza,Lombardia,45.7024,9.2947
20842,Villa Raverio,Lombardia,45.6919,9.2624
20842,Zoccorino,Lombardia,45.6974,9.2538
20843,Verano Brianza,Lombardia,45.6887,9.2245
20844,Tregasio,Lombardia,45.6777,9.2881
20844,Canonica,Lombardia,45.6559,9.2875
20844,Triuggio,Lombardia,45.6614,9.2669
20845,Sovico,Lombardia,45.646,9.2627
20846,Macherio,Lombardia,45.6397,9.2739
20847,Albiate,Lombardia,45.6554,9.2504
20851,Santa Margherita,Lombardia,45.6339,9.2301
20851,Lissone,Lombardia,45.6124,9.2398
20852,Villasanta,Lombardia,45.6063,9.308
20853,Biassono,Lombardia,45.6286,9.2712
20854,Vedano Al Lambro,Lombardia,45.6088,9.2678
20855,Lesmo,Lombardia,45.6486,9.3073
20855,Peregallo,Lombardia,45.6325,9.2819
20856,Correzzana,Lombardia,45.6666,9.3075
20857,Camparada,Lombardia,45.6549,9.3233
20861,San Damiano,Lombardia,45.6008,9.346
20861,Brugherio,Lombardia,45.553,9.2991
20862,Arcore,Lombardia,45.6267,9.3245
20863,Concorezzo,Lombardia,45.5885,9.3339
20864,Agrate Brianza,Lombardia,45.5743,9.3479
20864,Omate,Lombardia,45.6008,9.346
20865,Velate,Lombardia,45.6008,9.346
20865,Usmate Velate,Lombardia,45.648,9.3624
20866,Carnate,Lombardia,45.6484,9.3781
20867,Caponago,Lombardia,45.5665,9.3758
20871,Vimercate,Lombardia,45.6155,9.368
20871,Oreno,Lombardia,45.6151,9.423
20871,Velasca,Lombardia,45.6316,9.3552
20872,Colnago,Lombardia,45.6151,9.423
20872,Porto D'Adda,Lombardia,45.6624,9.4756
20872,Cornate D'Adda,Lombardia,45.6281,9.4738
20873,Cavenago Di Brianza,Lombardia,45.583,9.4126
20874,Busnago,Lombardia,45.6165,9.4637
20875,Burago Di Molgora,Lombardia,45.5965,9.3816
20876,Ornago,Lombardia,45.5999,9.421
20877,Roncello,Lombardia,45.6024,9.455
20881,Bernareggio,Lombardia,45.6478,9.405
20881,Villanova,Lombardia,45.6403,9.3919
20882,Bellusco,Lombardia,45.6196,9.419
20883,Mezzago,Lombardia,45.629,9.4449
20884,Sulbiate,Lombardia,45.6405,9.4276
20885,Ronco Briantino,Lombardia,45.6663,9.4053
20886,Aicurzio,Lombardia,45.64,9.4149
20900,San Fruttuoso,Lombardia,45.5801,9.2725
20900,Monza,Lombardia,45.5801,9.2725
20001,Inveruno,Lombardia,45.514,8.8495
20002,Ossona,Lombardia,45.5071,8.8931
20003,Casorezzo,Lombardia,45.5227,8.9019
20004,Arluno,Lombardia,45.5034,8.9422
20005,Pogliano Milanese,Lombardia,45.5379,8.994
20006,Pregnana Milanese,Lombardia,45.516,9.007
20007,Cornaredo,Lombardia,45.5013,9.0268
20008,Bareggio,Lombardia,45.4793,8.9979
20009,Vittuone,Lombardia,45.4879,8.9514
20010,Mesero,Lombardia,45.5023,8.8554
20010,Bernate Ticino,Lombardia,45.4787,8.8183
20010,Boffalora Sopra Ticino,Lombardia,45.4674,8.8309
20010,Santo Stefano Ticino,Lombardia,45.4864,8.9158
20010,Furato,Lombardia,45.5147,8.8806
20010,Casate,Lombardia,45.492,8.8278
20010,Mantegazza,Lombardia,45.5095,8.9732
20010,Rogorotto,Lombardia,45.5062,8.9694
20010,Buscate,Lombardia,45.5435,8.813
20010,Marcallo Con Casone,Lombardia,45.4833,8.8719
20010,Casone,Lombardia,45.4982,8.8764
20010,San Pietro All'Olmo,Lombardia,45.4873,9.0047
20011,Corbetta,Lombardia,45.4672,8.9187
20011,Cerello,Lombardia,45.4672,8.9187
20011,Battuello,Lombardia,45.4672,8.9187
20012,Cuggiono,Lombardia,45.5068,8.8155
20013,Magenta,Lombardia,45.4646,8.8845
20013,Ponte Nuovo,Lombardia,45.4646,8.8845
20014,Sant'Ilario Milanese,Lombardia,45.5534,8.9792
20014,Nerviano,Lombardia,45.5534,8.9792
20015,Villastanza,Lombardia,45.5396,8.9545
20015,Parabiago,Lombardia,45.5603,8.9454
20016,Pero,Lombardia,45.5102,9.087
20016,Cerchiate,Lombardia,45.5102,9.087
20017,Lucernate,Lombardia,45.5402,9.0422
20017,Mazzo Milanese,Lombardia,45.5402,9.0422
20017,Terrazzano,Lombardia,45.5402,9.0422
20017,Passirana,Lombardia,45.5479,9.0441
20017,Rho,Lombardia,45.5324,9.0402
20018,Sedriano,Lombardia,45.491,8.9716
20019,Vighignolo,Lombardia,45.4954,9.0431
20019,Settimo Milanese,Lombardia,45.4777,9.0557
20020,Bienate,Lombardia,45.5708,8.9217
20020,Cascina Nuova Di Misinto,Lombardia,45.4616,9.1225
20020,Villaggio Brollo,Lombardia,45.5708,8.9217
20020,Barbaiana,Lombardia,45.5465,9.0136
20020,Magnago,Lombardia,45.5792,8.8025
20020,Vanzaghello,Lombardia,45.5796,8.7823
20020,Arconate,Lombardia,45.5413,8.8489
20020,Robecchetto Con Induno,Lombardia,45.5285,8.7707
20020,Nosate,Lombardia,45.5507,8.7251
20021,Bollate,Lombardia,45.5465,9.1205
20021,Cassina Nuova,Lombardia,45.5368,9.1189
20021,Baranzate,Lombardia,45.5272,9.1172
20022,Castano Primo,Lombardia,45.5518,8.7756
20023,Cantalupo,Lombardia,45.5781,8.9826
20023,Cerro Maggiore,Lombardia,45.5937,8.9543
20024,Villaggio Garbagnate,Lombardia,45.5744,9.0754
20024,Garbagnate Milanese,Lombardia,45.5744,9.0754
20025,Legnano,Lombardia,45.5979,8.9151
20026,Novate Milanese,Lombardia,45.5305,9.1395
20027,Rescalda,Lombardia,45.62,8.9488
20027,Rescaldina,Lombardia,45.62,8.9488
20028,San Vittore Olona,Lombardia,45.5858,8.9413
20029,Turbigo,Lombardia,45.5308,8.7367
20030,Senago,Lombardia,45.5756,9.1262
20031,Cesate,Lombardia,45.5959,9.0757
20032,Cormano,Lombardia,45.5492,9.1596
20032,Ospitaletto,Lombardia,45.5333,9.15
20032,Brusuglio,Lombardia,45.5388,9.1774
20033,Solaro,Lombardia,45.6143,9.083
20034,San Giorgio Su Legnano,Lombardia,45.5738,8.9137
20035,Villa Cortese,Lombardia,45.5667,8.8871
20036,Dairago,Lombardia,45.5658,8.8626
20037,Paderno Dugnano,Lombardia,45.569,9.1648
20037,Palazzolo Milanese,Lombardia,45.569,9.1648
20038,Busto Garolfo,Lombardia,45.5481,8.883
20039,Canegrate,Lombardia,45.5682,8.9269
20040,Velate Milanese,Lombardia,45.5692,9.4117
20040,Torrazza Dei Mandelli,Lombardia,45.5663,9.3992
20040,Cambiago,Lombardia,45.5721,9.4243
20041,Bussero,Lombardia,45.5341,9.372
20042,Pessano Con Bornago,Lombardia,45.5494,9.3814
20043,Vanzago,Lombardia,45.5257,8.991
20044,Arese,Lombardia,45.5505,9.0774
20045,Lainate,Lombardia,45.5718,9.0268
20046,Cisliano,Lombardia,45.4437,8.987
20047,Cusago,Lombardia,45.45,9.0374
20048,Pantigliate,Lombardia,45.4353,9.3522
20049,Settala,Lombardia,45.4536,9.3872
20050,Liscate,Lombardia,45.4832,9.4103
20051,Cassina De' Pecchi,Lombardia,45.5164,9.3598
20052,Vignate,Lombardia,45.4994,9.3772
20053,Rodano,Lombardia,45.4761,9.3532
20054,Segrate,Lombardia,45.4918,9.2981
20055,Vimodrone,Lombardia,45.5146,9.2877
20056,Trezzo Sull'Adda,Lombardia,45.6052,9.5142
20056,Concesa,Lombardia,45.5982,9.5057
20056,Grezzago,Lombardia,45.5911,9.4973
20057,Assago,Lombardia,45.4089,9.1256
20058,Zibido San Giacomo,Lombardia,45.3604,9.1112
20059,Casarile,Lombardia,45.3168,9.1038
20060,Bellinzago Lombardo,Lombardia,45.5421,9.446
20060,Trecella,Lombardia,45.515,9.479
20060,Masate,Lombardia,45.5671,9.4642
20060,Albignano D'Adda,Lombardia,45.4978,9.4125
20060,Vigliano,Lombardia,45.4978,9.4125
20060,Albignano,Lombardia,45.5005,9.493
20060,Bustighera,Lombardia,45.4001,9.3427
20060,Pozzuolo Martesana,Lombardia,45.514,9.4563
20060,Triginto,Lombardia,45.4022,9.3251
20060,Bettola Di Pozzo D'Adda,Lombardia,45.4978,9.4125
20060,Truccazzano,Lombardia,45.4845,9.4695
20060,Bornago,Lombardia,45.4978,9.4125
20060,Mombretto,Lombardia,45.4239,9.3651
20060,Balbiano,Lombardia,45.3817,9.3571
20060,Pozzo D'Adda,Lombardia,45.5726,9.503
20060,Villa Fornaci,Lombardia,45.55,9.45
20060,Basiano,Lombardia,45.5825,9.4633
20060,Trezzano Rosa,Lombardia,45.5823,9.4857
20060,Sant'Agata Martesana,Lombardia,45.5222,9.3838
20060,Gessate,Lombardia,45.5484,9.4378
20061,Carugate,Lombardia,45.5498,9.3404
20062,Cassano D'Adda,Lombardia,45.5264,9.5153
20062,Cascine San Pietro,Lombardia,45.5059,9.5319
20062,Groppello D'Adda,Lombardia,45.5161,9.5236
20063,Cernusco Sul Naviglio,Lombardia,45.5253,9.333
20064,Gorgonzola,Lombardia,45.5307,9.4053
20065,Inzago,Lombardia,45.5399,9.4834
20066,Melzo,Lombardia,45.4981,9.4204
20067,Paullo,Lombardia,45.4183,9.4004
20067,Tribiano,Lombardia,45.4132,9.3769
20068,Mezzate,Lombardia,45.4438,9.2945
20068,Peschiera Borromeo,Lombardia,45.4367,9.3302
20068,Linate,Lombardia,45.447,9.2723
20068,Bettola,Lombardia,45.3317,9.0208
20068,Linate Paese,Lombardia,45.4253,9.2638
20068,San Bovio,Lombardia,45.4628,9.3126
20068,Zeloforomagno,Lombardia,45.4308,9.3087
20068,Bellaria,Lombardia,45.424,9.3077
20069,Vaprio D'Adda,Lombardia,45.5764,9.5241
20070,Vizzolo Predabissi,Lombardia,45.3559,9.3482
20070,Villa Bissone,Lombardia,45.338,9.3633
20070,Riozzo,Lombardia,45.3462,9.3217
20070,Dresano,Lombardia,45.373,9.3579
20070,Sarmazzano,Lombardia,45.3661,9.3394
20070,Cerro Al Lambro,Lombardia,45.33,9.3391
20070,San Zenone Al Lambro,Lombardia,45.3268,9.356
20071,Vermezzo,Lombardia,45.3963,8.979
20071,Zelo Surrigone,Lombardia,45.3877,8.985
20072,Pieve Emanuele,Lombardia,45.3505,9.2027
20073,Opera,Lombardia,45.3735,9.2108
20074,Carpiano,Lombardia,45.3403,9.274
20075,Colturano,Lombardia,45.3815,9.3344
20076,Mediglia,Lombardia,45.3954,9.3317
20077,Melegnano,Lombardia,45.3578,9.3236
20078,San Colombano Al Lambro,Lombardia,45.1832,9.4903
20079,Basiglio,Lombardia,45.3592,9.1585
20080,Calvignasco,Lombardia,45.326,9.0277
20080,Albairate,Lombardia,45.4196,8.9374
20080,Bubbiano,Lombardia,45.3273,9.0145
20080,San Pietro Cusico,Lombardia,45.3548,9.0537
20080,Badile,Lombardia,45.3506,9.1271
20080,Besate,Lombardia,45.313,8.9696
20080,Ozzero,Lombardia,45.3677,8.9244
20080,Vernate,Lombardia,45.3159,9.0605
20080,Moncucco,Lombardia,45.3103,9.0392
20080,Moirago,Lombardia,45.3696,9.137
20080,Pasturago,Lombardia,45.327,9.0774
20081,Cassinetta Di Lugagnano,Lombardia,45.4225,8.906
20081,Morimondo,Lombardia,45.3538,8.9563
20081,Abbiategrasso,Lombardia,45.3982,8.9168
20082,Binasco,Lombardia,45.331,9.0944
20082,Noviglio,Lombardia,45.3591,9.0521
20082,Santa Corinna,Lombardia,45.3402,9.0888
20083,Vigano,Lombardia,45.382,9.0293
20083,San Vito,Lombardia,45.4174,9.0137
20083,Gaggiano,Lombardia,45.4048,9.0349
20084,Lacchiarella,Lombardia,45.3229,9.1378
20085,Locate Di Triulzi,Lombardia,45.3569,9.2252
20086,Motta Visconti,Lombardia,45.2877,8.9925
20087,Casterno,Lombardia,45.43,8.8699
20087,Robecco Sul Naviglio,Lombardia,45.4366,8.8857
20087,Castellazzo De' Barzi,Lombardia,45.4428,8.8988
20088,Gudo Visconti,Lombardia,45.3741,9.0001
20088,Rosate,Lombardia,45.3497,9.0166
20089,Rozzano,Lombardia,45.3819,9.1559
20089,Quinto De Stampi,Lombardia,45.3946,9.1694
20090,Lucino,Lombardia,45.4761,9.3532
20090,Trezzano Sul Naviglio,Lombardia,45.4221,9.0634
20090,Cesano Boscone,Lombardia,45.4421,9.0944
20090,Noverasco,Lombardia,45.3954,9.2143
20090,Sporting Mirasole,Lombardia,45.3954,9.2143
20090,Novegro,Lombardia,45.4678,9.2812
20090,Romano Banco,Lombardia,45.4231,9.1071
20090,Tregarezzo,Lombardia,45.4678,9.2812
20090,Caleppio,Lombardia,45.4344,9.3825
20090,Premenugo,Lombardia,45.4679,9.3846
20090,Fizzonasco,Lombardia,45.3724,9.1907
20090,Zingone Di Trezzano Sul Naviglio,Lombardia,45.4384,9.2341
20090,Zingone,Lombardia,45.4384,9.2341
20090,Linate Aeroporto,Lombardia,45.4384,9.2341
20090,Millepini,Lombardia,45.4697,9.3376
20090,Monzoro,Lombardia,45.4591,9.0427
20090,Buccinasco,Lombardia,45.407,9.1083
20090,San Felice,Lombardia,45.4681,9.3091
20091,Bresso,Lombardia,45.5379,9.1892
20092,Cinisello Balsamo,Lombardia,45.5582,9.2149
20093,Cologno Monzese,Lombardia,45.53,9.278
20093,San Maurizio Al Lambro,Lombardia,45.53,9.278
20094,Corsico,Lombardia,45.431,9.1109
20095,Milanino,Lombardia,45.5519,9.1837
20095,Cusano Milanino,Lombardia,45.5519,9.1837
20096,Pioltello,Lombardia,45.5015,9.3305
20096,Limito,Lombardia,45.4824,9.3289
20096,Seggiano,Lombardia,45.4882,9.3224
20097,Metanopoli,Lombardia,45.4047,9.2511
20097,Sorigherio,Lombardia,45.4047,9.2511
20097,Poasco,Lombardia,45.3989,9.2338
20097,San Donato Milanese,Lombardia,45.4105,9.2684
20098,Sesto Ulteriano,Lombardia,45.396,9.2494
20098,San Giuliano Milanese,Lombardia,45.394,9.2911
20098,Borgo Lombardo,Lombardia,45.395,9.2702
20099,Sesto San Giovanni,Lombardia,45.5333,9.2258
20121,Milano,Lombardia,45.4643,9.1895
20122,Milano,Lombardia,45.4643,9.1895
20123,Milano,Lombardia,45.4643,9.1895
20124,Milano,Lombardia,45.4643,9.1895
20125,Gorla,Lombardia,45.4833,9.2002
20125,Precotto,Lombardia,45.4833,9.2002
20125,Milano,Lombardia,45.4643,9.1895
20125,Greco,Lombardia,45.5024,9.2108
20126,Milano,Lombardia,45.4643,9.1895
20127,Milano,Lombardia,45.4643,9.1895
20127,Crescenzago,Lombardia,45.5077,9.2479
20128,Milano,Lombardia,45.4643,9.1895
20129,Milano,Lombardia,45.4643,9.1895
20131,Milano,Lombardia,45.4643,9.1895
20132,Milano,Lombardia,45.4643,9.1895
20133,Milano,Lombardia,45.4643,9.1895
20134,Milano,Lombardia,45.4643,9.1895
20134,Lambrate,Lombardia,45.4823,9.241
20135,Milano,Lombardia,45.4643,9.1895
20136,Milano,Lombardia,45.4643,9.1895
20137,Milano,Lombardia,45.4643,9.1895
20138,Milano,Lombardia,45.4643,9.1895
20138,Rogoredo,Lombardia,45.4313,9.2449
20139,Milano,Lombardia,45.4643,9.1895
20139,Chiaravalle Milanese,Lombardia,45.4643,9.1895
20141,Milano,Lombardia,45.4643,9.1895
20142,Gratosoglio,Lombardia,45.4122,9.1715
20142,Milano,Lombardia,45.4643,9.1895
20143,Milano,Lombardia,45.4643,9.1895
20143,Barona,Lombardia,45.4371,9.1544
20144,Milano,Lombardia,45.4643,9.1895
20145,Milano,Lombardia,45.4643,9.1895
20146,Milano,Lombardia,45.4643,9.1895
20147,Milano,Lombardia,45.4643,9.1895
20148,Milano,Lombardia,45.4643,9.1895
20149,Milano,Lombardia,45.4643,9.1895
20151,Milano,Lombardia,45.4643,9.1895
20151,Musocco,Lombardia,45.5049,9.1265
20152,Milano,Lombardia,45.4643,9.1895
20152,Baggio,Lombardia,45.4593,9.0917
20153,Milano,Lombardia,45.4643,9.1895
20153,Trenno,Lombardia,45.4784,9.1336
20153,Figino,Lombardia,45.4926,9.0778
20154,Milano,Lombardia,45.4643,9.1895
20155,Milano,Lombardia,45.4643,9.1895
20156,Milano,Lombardia,45.4643,9.1895
20157,Milano,Lombardia,45.4643,9.1895
20157,Vialba,Lombardia,45.4905,9.163
20157,Quarto Oggiaro,Lombardia,45.5168,9.1365
20158,Milano,Lombardia,45.4643,9.1895
20159,Milano,Lombardia,45.4643,9.1895
20161,Affori,Lombardia,45.4959,9.1815
20161,Milano,Lombardia,45.4643,9.1895
20161,Bruzzano,Lombardia,45.5275,9.1735
20162,Niguarda,Lombardia,45.4643,9.1895
20162,Milano,Lombardia,45.4643,9.1895
46010,Commessaggio,Lombardia,45.0375,10.5454
46010,Buscoldo,Lombardia,45.0943,10.6958
46010,Gabbiana,Lombardia,45.1128,10.6071
46010,San Silvestro,Lombardia,45.1128,10.6071
46010,Belforte,Lombardia,45.081,10.5616
46010,Villaggio Eremo,Lombardia,45.1128,10.6071
46010,Casatico,Lombardia,45.141,10.55
46010,Curtatone,Lombardia,45.1525,10.7199
46010,Campitello,Lombardia,45.0875,10.6063
46010,Canicossa,Lombardia,45.0696,10.6221
46010,Cesole,Lombardia,45.0647,10.6488
46010,Montanara,Lombardia,45.1353,10.7188
46010,Gazzuolo,Lombardia,45.0624,10.5716
46010,San Martino Dall'Argine,Lombardia,45.0972,10.5177
46010,Grazie,Lombardia,45.1539,10.6945
46010,Redondesco,Lombardia,45.1664,10.5123
46010,San Michele In Bosco,Lombardia,45.1123,10.5708
46010,Marcaria,Lombardia,45.1222,10.5328
46010,Levata,Lombardia,45.1252,10.7679
46010,Ospitaletto,Lombardia,45.1349,10.6052
46010,Mariana Mantovana,Lombardia,45.1929,10.4869
46011,Acquanegra Sul Chiese,Lombardia,45.164,10.4332
46011,Mosio,Lombardia,45.1499,10.4805
46012,Bozzolo,Lombardia,45.1032,10.4799
46013,Canneto Sull'Oglio,Lombardia,45.1516,10.3828
46014,Sarginesco,Lombardia,45.1743,10.6192
46014,Castellucchio,Lombardia,45.1504,10.6488
46014,Ospitaletto Mantovano,Lombardia,45.1623,10.634
46017,Rivarolo Mantovano,Lombardia,45.0727,10.4371
46017,Cividale Mantovano,Lombardia,45.0682,10.4884
46018,Villa Pasquali,Lombardia,44.9994,10.5155
46018,Sabbioneta,Lombardia,44.9979,10.4885
46018,Ponteterra,Lombardia,44.9952,10.4646
46018,Breda Cisoni,Lombardia,45.0095,10.5296
46019,Cogozzo,Lombardia,44.9333,10.5167
46019,Bellaguarda,Lombardia,44.9943,10.5804
46019,Viadana,Lombardia,44.9355,10.519
46019,Cizzolo,Lombardia,45.0099,10.6649
46019,Buzzoletto,Lombardia,44.9646,10.5495
46019,Cicognara,Lombardia,45.1246,10.7621
46019,San Matteo Delle Chiaviche,Lombardia,44.9646,10.5495
46020,Villa Poma,Lombardia,45.0024,11.1145
46020,Villa Saviola,Lombardia,45.0302,10.7996
46020,Pegognaga,Lombardia,44.9946,10.8597
46020,Pieve Di Coriano,Lombardia,45.0339,11.1078
46020,Quingentole,Lombardia,45.038,11.0458
46020,Motteggiana,Lombardia,45.0331,10.7627
46020,Magnacavallo,Lombardia,45.0065,11.1833
46020,Schivenoglia,Lombardia,44.995,11.073
46020,Polesine,Lombardia,44.9858,10.8043
46020,San Giacomo Delle Segnate,Lombardia,44.9742,11.0343
46020,San Giovanni Del Dosso,Lombardia,44.9663,11.0811
46021,Borgofranco Sul Po,Lombardia,45.0466,11.2093
46021,Carbonara Di Po,Lombardia,45.0354,11.2292
46022,Felonica,Lombardia,44.979,11.3537
46023,Bondeno Di Gonzaga,Lombardia,44.9357,10.8604
46023,Palidano,Lombardia,44.972,10.7794
46023,Gonzaga,Lombardia,44.9519,10.8191
46024,Moglia,Lombardia,44.9356,10.9146
46024,Bondanello,Lombardia,44.9592,10.9462
46025,Poggio Rusco,Lombardia,44.9669,11.1042
46026,Quistello,Lombardia,45.0079,10.9838
46026,Nuvolato,Lombardia,45.0311,11.006
46027,Portiolo,Lombardia,45.0465,10.8613
46027,San Benedetto Po,Lombardia,45.0461,10.9337
46027,San Siro,Lombardia,45.05,10.9833
46027,Mirasole,Lombardia,45.0622,10.9848
46028,Moglia Di Sermide,Lombardia,45.0135,11.2668
46028,Santa Croce,Lombardia,44.9838,11.2533
46028,Caposotto,Lombardia,44.9922,11.3139
46028,Sermide,Lombardia,45.0035,11.2929
46028,Malcantone,Lombardia,44.9638,10.9978
46029,Tabellano,Lombardia,45.0173,10.7208
46029,Brusatasso,Lombardia,44.982,10.7854
46029,Sailetto,Lombardia,44.9985,10.7495
46029,San Prospero,Lombardia,45.0228,10.7875
46029,Riva,Lombardia,44.9781,10.7098
46029,Suzzara,Lombardia,44.9924,10.7441
46030,Libiola,Lombardia,45.0625,11.0607
46030,Pomponesco,Lombardia,44.9312,10.594
46030,Villastrada,Lombardia,44.9764,10.6428
46030,Dosolo,Lombardia,44.9526,10.6355
46030,Stradella,Lombardia,45.1724,10.8733
46030,Sacchetta,Lombardia,45.0735,10.9945
46030,Gazzo,Lombardia,45.0793,10.8788
46030,Correggioverde,Lombardia,44.9303,10.6166
46030,Sustinente,Lombardia,45.071,11.0218
46030,Ca' Vecchia,Lombardia,45.0287,10.8082
46030,Serravalle A Po,Lombardia,45.0664,11.0818
46030,Mottella,Lombardia,45.1638,10.8444
46030,Tripoli,Lombardia,45.1762,10.8319
46030,Villanova De Bellis,Lombardia,45.0634,10.8435
46031,San Biagio,Lombardia,45.0994,10.8473
46031,Bagnolo San Vito,Lombardia,45.0889,10.8775
46031,San Nicolo' Po,Lombardia,45.05,10.8333
46032,Castelbelforte,Lombardia,45.2121,10.8925
46033,Castel D'Ario,Lombardia,45.188,10.9745
46034,San Cataldo,Lombardia,45.0715,10.7825
46034,Cerese,Lombardia,45.1181,10.7888
46034,Virgilio,Lombardia,45.1181,10.7888
46034,Boccadiganda,Lombardia,45.048,10.7783
46034,Borgo Virgilio,Lombardia,45.0867,10.7803
46034,Romanore,Lombardia,45.067,10.7569
46034,Pietole,Lombardia,45.1141,10.8183
46034,Cappelletta,Lombardia,45.1051,10.7785
46034,Borgoforte,Lombardia,45.0519,10.7502
46035,Correggioli,Lombardia,45.0662,11.1683
46035,Ostiglia,Lombardia,45.0698,11.135
46036,Revere,Lombardia,45.0521,11.1306
46037,Casale,Lombardia,45.0927,10.9931
46037,Pontemerlano,Lombardia,45.1225,10.893
46037,Villa Garibaldi,Lombardia,45.147,10.9226
46037,Governolo,Lombardia,45.0877,10.9595
46037,Borgo Castelletto,Lombardia,45.1181,10.9363
46037,Roncoferraro,Lombardia,45.1381,10.9421
46037,Barbasso,Lombardia,45.1205,10.9074
46039,Villimpenta,Lombardia,45.1411,11.0317
46040,Rivalta,Lombardia,45.1729,10.6767
46040,Ceresara,Lombardia,45.2623,10.5696
46040,Ponti Sul Mincio,Lombardia,45.4121,10.6851
46040,Rivalta Sul Mincio,Lombardia,45.1729,10.6767
46040,Gazoldo Degli Ippoliti,Lombardia,45.2,10.5784
46040,San Fermo,Lombardia,45.2081,10.5313
46040,Piubega,Lombardia,45.2268,10.532
46040,Fontanella Grazioli,Lombardia,45.195,10.3283
46040,Solferino,Lombardia,45.3724,10.5665
46040,Cavriana,Lombardia,45.3477,10.596
46040,Guidizzolo,Lombardia,45.3206,10.578
46040,Monzambano,Lombardia,45.3853,10.6933
46040,Casaloldo,Lombardia,45.2544,10.4769
46040,Casalmoro,Lombardia,45.2611,10.4112
46040,Casalromano,Lombardia,45.1981,10.3664
46040,Rodigo,Lombardia,45.1991,10.6253
46041,Castelnuovo,Lombardia,45.2471,10.4552
46041,Asola,Lombardia,45.2202,10.4121
46041,Barchi Di Asola,Lombardia,45.1946,10.4262
46041,Castelnuovo Asolano,Lombardia,45.2206,10.4312
46042,Castel Goffredo,Lombardia,45.294,10.473
46043,Gozzolina,Lombardia,45.3589,10.4864
46043,Castiglione Delle Stiviere,Lombardia,45.3902,10.4862
46044,Goito,Lombardia,45.2508,10.6612
46044,Cerlongo,Lombardia,45.2786,10.6498
46044,Solarolo,Lombardia,45.2376,10.597
46045,Marmirolo,Lombardia,45.2193,10.7561
46045,Marengo,Lombardia,45.2566,10.7355
46045,Pozzolo,Lombardia,45.3025,10.7171
46046,Medole,Lombardia,45.3259,10.5136
46047,Sant'Antonio,Lombardia,45.1965,10.7938
46047,Soave Mantovano,Lombardia,45.1951,10.7237
46047,Soave,Lombardia,45.1951,10.7237
46047,Porto Mantovano,Lombardia,45.1894,10.7899
46048,Pellaloco,Lombardia,45.2839,10.8155
46048,Malavicina,Lombardia,45.232,10.548
46048,Canedole,Lombardia,45.2353,10.8431
46048,Roverbella,Lombardia,45.2666,10.7705
46048,Castiglione Mantovano,Lombardia,45.2637,10.8057
46049,Volta Mantovana,Lombardia,45.3219,10.6589
46049,Cereta,Lombardia,45.305,10.6413
46051,Bigarello,Lombardia,45.2026,10.925
46051,San Giorgio Di Mantova,Lombardia,45.0634,10.8435
46100,Lunetta,Lombardia,45.1602,10.8206
46100,Frassino Mantovano,Lombardia,45.1497,10.8287
46100,Formigosa,Lombardia,45.1251,10.865
46100,Mantova,Lombardia,45.1603,10.7978
46100,Borgovirgiliana,Lombardia,45.1534,10.8313
27010,Albuzzano,Lombardia,45.1872,9.2738
27010,Giussago,Lombardia,45.2842,9.14
27010,Vigonzone,Lombardia,45.2735,9.3098
27010,Guinzano,Lombardia,45.2568,9.1587
27010,Rognano,Lombardia,45.2885,9.0902
27010,Vistarino,Lombardia,45.2108,9.3083
27010,Bascape',Lombardia,45.306,9.314
27010,Magherno,Lombardia,45.2236,9.3294
27010,Torrevecchia Pia,Lombardia,45.282,9.2964
27010,Monteleone,Lombardia,45.1939,9.4087
27010,Cura Carpignano,Lombardia,45.2125,9.2557
27010,Inverno E Monteleone,Lombardia,45.1979,9.3853
27010,Giovenzano,Lombardia,45.2732,9.1161
27010,Monticelli Pavese,Lombardia,45.1111,9.5128
27010,Turago Bordone,Lombardia,45.293,9.1682
27010,Ceranova,Lombardia,45.2603,9.2432
27010,Linarolo,Lombardia,45.1624,9.27
27010,Spessa,Lombardia,45.1136,9.3486
27010,Marzano,Lombardia,45.248,9.2951
27010,Miradolo Terme,Lombardia,45.1709,9.4444
27010,Inverno,Lombardia,45.1986,9.3843
27010,Valle Salimbene,Lombardia,45.172,9.2345
27010,Filighera,Lombardia,45.175,9.3165
27010,Siziano,Lombardia,45.3161,9.2036
27010,San Zenone Al Po,Lombardia,45.1086,9.3618
27010,Costa De' Nobili,Lombardia,45.1322,9.3789
27010,Badia Pavese,Lombardia,45.1209,9.4687
27010,Gerenzago,Lombardia,45.2063,9.3614
27010,Borgarello,Lombardia,45.2407,9.1405
27010,Zeccone,Lombardia,45.2579,9.2012
27010,Motta San Damiano,Lombardia,45.1745,9.226
27010,Santa Cristina E Bissone,Lombardia,45.2142,9.2823
27010,Torre D'Arese,Lombardia,45.2428,9.3174
27010,San Leonardo Di Linarolo,Lombardia,45.1562,9.2307
27010,Copiano,Lombardia,45.1975,9.3246
27010,Vellezzo Bellini,Lombardia,45.2695,9.1009
27010,Camporinaldo,Lombardia,45.1638,9.4702
27010,Roncaro,Lombardia,45.2282,9.2755
27010,Bornasco,Lombardia,45.2666,9.218
27010,San Genesio Ed Uniti,Lombardia,45.2341,9.18
27010,San Leonardo,Lombardia,45.1562,9.2307
27011,Torre De' Negri,Lombardia,45.1497,9.3346
27011,Belgioioso,Lombardia,45.1593,9.3135
27012,Certosa Di Pavia,Lombardia,45.2542,9.1329
27012,Torre Del Mangano,Lombardia,45.2542,9.1329
27012,Torriano,Lombardia,45.2616,9.1201
27013,Lambrinia,Lombardia,45.1583,9.5275
27013,Chignolo Po,Lombardia,45.1482,9.4816
27014,Corteolona,Lombardia,45.1579,9.3721
27014,Genzone,Lombardia,45.1796,9.3483
27015,Landriano,Lombardia,45.3115,9.2605
27016,Lardirago,Lombardia,45.2357,9.2327
27016,Sant'Alessio Con Vialone,Lombardia,45.2224,9.2261
27017,Pieve Porto Morone,Lombardia,45.1098,9.4402
27017,Zerbo,Lombardia,45.1105,9.3961
27018,Vidigulfo,Lombardia,45.2925,9.235
27019,Villanterio,Lombardia,45.2178,9.361
27020,Albonese,Lombardia,45.2929,8.7062
27020,Zerbolo',Lombardia,45.2068,9.0144
27020,Borgo San Siro,Lombardia,45.2351,8.9133
27020,Velezzo Lomellina,Lombardia,45.1634,8.7372
27020,Travaco' Siccomario,Lombardia,45.1491,9.1597
27020,Battuda,Lombardia,45.2747,9.078
27020,Valeggio,Lombardia,45.1506,8.8613
27020,Valle Lomellina,Lombardia,45.151,8.6696
27020,Rotta,Lombardia,45.1624,9.1456
27020,Torre D'Isola,Lombardia,45.218,9.0765
27020,Massaua,Lombardia,45.2044,9.0996
27020,Marcignago,Lombardia,45.2531,9.0793
27020,San Giorgio Di Lomellina,Lombardia,45.1749,8.7901
27020,Tromello,Lombardia,45.2089,8.8705
27020,Dorno,Lombardia,45.1535,8.9508
27020,Alagna,Lombardia,45.1692,8.8895
27020,Cergnago,Lombardia,45.1983,8.7716
27020,Olevano Di Lomellina,Lombardia,45.2132,8.7175
27020,Carbonara Al Ticino,Lombardia,45.1637,9.0649
27020,Semiana,Lombardia,45.1374,8.7297
27020,Trivolzio,Lombardia,45.2585,9.0427
27020,Scaldasole,Lombardia,45.1249,8.9103
27020,Casottole,Lombardia,45.2716,9.0298
27020,Nicorvo,Lombardia,45.2857,8.6679
27020,Breme,Lombardia,45.1276,8.6256
27020,Trovo,Lombardia,45.283,9.0354
27020,Gravellona Lomellina,Lombardia,45.201,8.8948
27020,Sartirana Lomellina,Lombardia,45.1135,8.6671
27020,Parona,Lombardia,45.2817,8.7506
27021,Bereguardo,Lombardia,45.2571,9.0273
27022,Casorate Primo,Lombardia,45.3114,9.017
27023,Cassolnovo,Lombardia,45.3611,8.8123
27024,Cilavegna,Lombardia,45.3107,8.7447
27025,Gambolo',Lombardia,45.2621,8.8582
27026,San Biagio,Lombardia,45.2082,8.9629
27026,Madonna Delle Bozzole,Lombardia,45.2135,8.9345
27026,Garlasco,Lombardia,45.1954,8.9231
27027,Gropello Cairoli,Lombardia,45.1771,8.9935
27028,San Martino Siccomario,Lombardia,45.1634,9.1406
27028,Bivio Cava Manara,Lombardia,45.1422,9.1207
27029,Sforzesca,Lombardia,45.289,8.8866
27029,Vigevano,Lombardia,45.3141,8.8544
27030,Zeme,Lombardia,45.1969,8.6673
27030,Confienza,Lombardia,45.3315,8.5589
27030,Ottobiano,Lombardia,45.1542,8.832
27030,Torre Beretti E Castellaro,Lombardia,45.1596,8.7815
27030,Castello D'Agogna,Lombardia,45.2346,8.6871
27030,Frascarolo,Lombardia,45.0467,8.682
27030,Castellaro De' Giorgi,Lombardia,45.0753,8.707
27030,Rosasco,Lombardia,45.2503,8.5793
27030,Castelnovetto,Lombardia,45.2544,8.6114
27030,Langosco,Lombardia,45.2145,8.5637
27030,Mezzana Rabattone,Lombardia,45.0949,9.0325
27030,Ceretto Lomellina,Lombardia,45.245,8.6724
27030,Suardi,Lombardia,45.0325,8.7413
27030,Pieve Albignola,Lombardia,45.1132,8.96
27030,Zinasco Nuovo,Lombardia,45.1221,9.0013
27030,Sairano,Lombardia,45.1367,9.0516
27030,Gambarana,Lombardia,45.0287,8.7628
27030,Sant'Angelo Lomellina,Lombardia,45.2466,8.6432
27030,Balossa Bigli,Lombardia,45.0712,8.9111
27030,Cozzo,Lombardia,45.1921,8.6111
27030,Mezzana Bigli,Lombardia,45.0599,8.8473
27030,Zinasco,Lombardia,45.1284,9.0297
27030,Villanova D'Ardenghi,Lombardia,45.1705,9.0408
27030,Palestro,Lombardia,45.303,8.5332
27030,Zinasco Vecchio,Lombardia,45.1284,9.0297
27031,Candia Lomellina,Lombardia,45.1767,8.5955
27032,Ferrera Erbognone,Lombardia,45.1146,8.8645
27033,Garbana,Lombardia,45.2556,8.8011
27034,Galliavola,Lombardia,45.0976,8.8188
27034,Lomello,Lombardia,45.12,8.7961
27035,Mede,Lombardia,45.0968,8.7368
27035,Villa Biscossi,Lombardia,45.0907,8.7871
27036,Mortara,Lombardia,45.2494,8.733
27037,Pieve Del Cairo,Lombardia,45.0492,8.8032
27038,Robbio,Lombardia,45.289,8.5929
27039,Sannazzaro De' Burgondi,Lombardia,45.1023,8.9063
27040,Castana,Lombardia,45.0268,9.2725
27040,Rocca De' Giorgi,Lombardia,44.9706,9.2531
27040,San Damiano Al Colle,Lombardia,45.0271,9.3486
27040,Castelletto Po,Lombardia,45.069,9.1006
27040,Mornico,Lombardia,45.0106,9.2093
27040,Torre Degli Alberi,Lombardia,44.9011,9.2285
27040,Rovescala,Lombardia,45.007,9.3459
27040,Mezzanino,Lombardia,45.1249,9.205
27040,Mornico Losana,Lombardia,45.0102,9.2062
27040,Pietra De' Giorgi,Lombardia,45.0214,9.2304
27040,Lirio,Lombardia,44.9945,9.2566
27040,Vallescuropasso,Lombardia,45.052,9.2446
27040,Borgoratto Mormorolo,Lombardia,44.9289,9.194
27040,Bosnasco,Lombardia,45.064,9.3569
27040,Calvignano,Lombardia,44.9831,9.1688
27040,Tornello,Lombardia,45.1269,9.2271
27040,Castelletto Di Branduzzo,Lombardia,45.0694,9.0985
27040,Montescano,Lombardia,45.032,9.2837
27040,Busca,Lombardia,45.1269,9.2271
27040,Montu' Beccaria,Lombardia,45.0363,9.3127
27040,Arena Po,Lombardia,45.0943,9.3631
27040,Cigognola,Lombardia,45.0328,9.2449
27040,Casatisma,Lombardia,45.0457,9.131
27040,Pometo,Lombardia,44.9279,9.2735
27040,Montalto Pavese,Lombardia,44.978,9.2123
27040,Campospinoso,Lombardia,45.094,9.2459
27040,Borgo Priolo,Lombardia,44.9663,9.1483
27040,Fortunago,Lombardia,44.9216,9.1847
27040,Verrua Po,Lombardia,45.1069,9.1754
27040,Casenove,Lombardia,45.0282,9.2338
27040,Pinarolo Po,Lombardia,45.0699,9.1673
27040,Rea,Lombardia,45.1134,9.1547
27040,Portalbera,Lombardia,45.0979,9.3177
27040,Albaredo Arnaboldi,Lombardia,45.1067,9.243
27041,Casanova Lonati,Lombardia,45.0945,9.2135
27041,Barbianello,Lombardia,45.0757,9.206
27042,Bressana Bottarone,Lombardia,45.0711,9.1314
27042,Bottarone,Lombardia,45.0868,9.1128
27042,Bressana,Lombardia,45.0781,9.1312
27042,Robecco Pavese,Lombardia,45.0484,9.1502
27043,San Cipriano Po,Lombardia,45.1091,9.2809
27043,Broni,Lombardia,45.0639,9.2599
27044,Canneto,Lombardia,45.0512,9.281
27044,Canneto Pavese,Lombardia,45.0505,9.2788
27045,Casteggio,Lombardia,45.014,9.1253
27046,Santa Giuletta,Lombardia,45.034,9.1813
27047,Volpara,Lombardia,44.9538,9.2975
27047,Golferenzo,Lombardia,44.9611,9.306
27047,Montecalvo Versiggia,Lombardia,44.9721,9.2854
27047,Santa Maria Della Versa,Lombardia,44.9876,9.2998
27048,Sommo,Lombardia,45.1332,9.0866
27049,Zenevredo,Lombardia,45.0539,9.3267
27049,Stradella,Lombardia,45.0744,9.3017
27050,Brallo Di Pregola,Lombardia,44.7507,9.2822
27050,Cervesina,Lombardia,45.0605,9.0168
27050,Pancarana,Lombardia,45.0752,9.0511
27050,Val Di Nizza,Lombardia,44.9501,9.1115
27050,Ghiaie,Lombardia,45.0655,8.9516
27050,Codevilla,Lombardia,44.9635,9.0577
27050,Torrazza Coste,Lombardia,44.9782,9.0761
27050,Casei,Lombardia,45.0076,8.9268
27050,Casei Gerola,Lombardia,45.0076,8.9268
27050,Corana,Lombardia,45.0629,8.9695
27050,Retorbido,Lombardia,44.9498,9.0368
27050,Santa Margherita Di Staffora,Lombardia,44.7715,9.2401
27050,Fumo,Lombardia,45.0231,9.1531
27050,Romagnese,Lombardia,44.8413,9.3281
27050,Ponte Nizza,Lombardia,44.8519,9.0974
27050,Pizzale,Lombardia,45.0386,9.05
27050,Collegio,Lombardia,44.8094,9.2685
27050,Corvino San Quirico,Lombardia,45.0109,9.1625
27050,Redavalle,Lombardia,45.038,9.2023
27050,Silvano Pietra,Lombardia,45.0392,8.9464
27050,Torricella Verzate,Lombardia,45.02,9.1736
27050,Cecima,Lombardia,44.8507,9.0804
27050,Oliva Gessi,Lombardia,45.006,9.1732
27050,Menconico,Lombardia,44.7966,9.2795
27050,Bagnaria,Lombardia,44.8273,9.1226
27050,Casanova Di Destra,Lombardia,44.7708,9.2406
27050,Bastida Pancarana,Lombardia,45.0861,9.0852
27051,Mezzana Corti,Lombardia,45.1256,9.1223
27051,Tre Re,Lombardia,45.1256,9.1223
27051,Cava Manara,Lombardia,45.1401,9.1077
27052,Montesegale,Lombardia,44.907,9.1264
27052,Godiasco,Lombardia,44.8965,9.0567
27052,Salice Terme,Lombardia,44.9151,9.0263
27052,Rocca Susella,Lombardia,44.9127,9.0965
27053,Verretto,Lombardia,45.0398,9.1132
27053,Lungavilla,Lombardia,45.0415,9.0784
27054,Montebello Della Battaglia,Lombardia,44.9621,9.1008
27055,Rivanazzano,Lombardia,44.9291,9.0137
27056,Bastida De' Dossi,Lombardia,45.0398,8.9215
27056,Cornale E Bastida,Lombardia,45.0416,8.9163
27056,Cornale,Lombardia,45.0434,8.911
27057,Varzi,Lombardia,44.823,9.1976
27057,Pietragavina,Lombardia,44.8382,9.2402
27058,Voghera,Lombardia,44.9915,9.0117
27058,Oriolo,Lombardia,45.033,9.0224
27059,Zavattarello,Lombardia,44.8677,9.2666
27061,Ruino,Lombardia,44.9114,9.2755
27061,Canevino,Lombardia,44.938,9.2772
27100,Mirabello Di Pavia,Lombardia,45.1974,9.1906
27100,Pavia,Lombardia,45.1921,9.1592
27100,Ca' Della Terra,Lombardia,45.2062,9.1926
27100,Fossarmato,Lombardia,45.1938,9.22
23010,Piantedo,Lombardia,46.1366,9.4277
23010,Forcola,Lombardia,46.1586,9.6603
23010,Rogolo,Lombardia,46.1372,9.4853
23010,Val Masino,Lombardia,46.2152,9.638
23010,Bema,Lombardia,46.1082,9.5641
23010,Dazio,Lombardia,46.1613,9.6006
23010,San Martino,Lombardia,46.241,9.6281
23010,Cedrasco,Lombardia,46.1493,9.768
23010,Mello,Lombardia,46.1549,9.5473
23010,Moia,Lombardia,46.1405,10.0797
23010,Albosaggia,Lombardia,46.1475,9.854
23010,Cino,Lombardia,46.1584,9.4853
23010,Campo Tartano,Lombardia,46.1333,9.6665
23010,Cevo,Lombardia,46.1845,9.621
23010,San Martino Val Masino,Lombardia,46.241,9.6281
23010,Rasura,Lombardia,46.1006,9.5527
23010,Fusine,Lombardia,46.1495,9.7497
23010,Postalesio,Lombardia,46.1738,9.7766
23010,Civo,Lombardia,46.1542,9.5606
23010,Caiolo,Lombardia,46.15,9.8145
23010,Villapinta,Lombardia,46.1751,9.6795
23010,Albaredo Per San Marco,Lombardia,46.1559,9.6662
23010,Pedesina,Lombardia,46.0819,9.5494
23010,Sant'Antonio Morignone,Lombardia,46.1559,9.6662
23010,San Pietro Di Berbenno,Lombardia,46.1667,9.7333
23010,Colorina,Lombardia,46.1537,9.7293
23010,Sirta,Lombardia,46.1582,9.6611
23010,Cataeggio,Lombardia,46.2145,9.6378
23010,Tartano,Lombardia,46.1055,9.6786
23010,Buglio In Monte,Lombardia,46.1834,9.6754
23010,Berbenno Di Valtellina,Lombardia,46.1664,9.7473
23010,Gerola Alta,Lombardia,46.06,9.5503
23010,Pedemonte,Lombardia,46.1746,9.7074
23010,Torchione,Lombardia,46.1549,9.86
23011,Ardenno,Lombardia,46.1671,9.6473
23012,Castione Andevenno,Lombardia,46.1728,9.8002
23013,Sacco,Lombardia,46.1157,9.556
23013,Cosio Valtellino,Lombardia,46.1351,9.5516
23013,Cosio Stazione,Lombardia,46.128,9.5512
23013,Regoledo,Lombardia,46.1332,9.546
23014,Delebio,Lombardia,46.1365,9.4616
23014,Andalo Valtellino,Lombardia,46.136,9.4738
23015,Dubino,Lombardia,46.1671,9.4305
23015,Nuova Olonio,Lombardia,46.1671,9.4305
23016,Cercino,Lombardia,46.1581,9.5081
23016,Mantello,Lombardia,46.1525,9.4889
23017,Morbegno,Lombardia,46.1372,9.5741
23017,Campovico,Lombardia,46.1461,9.5897
23018,Talamona,Lombardia,46.1385,9.6129
23019,Traona,Lombardia,46.1474,9.5326
23020,Montagna In Valtellina,Lombardia,46.1785,9.903
23020,Faedo Valtellino,Lombardia,46.153,9.9061
23020,Tresivio,Lombardia,46.1757,9.9426
23020,Caspoggio,Lombardia,46.2642,9.8617
23020,Spriana,Lombardia,46.2203,9.8642
23020,Boffetto,Lombardia,46.1605,9.9557
23020,Mese,Lombardia,46.3036,9.3777
23020,Verceia,Lombardia,46.1987,9.4547
23020,Prasomaso,Lombardia,46.188,9.9514
23020,Santa Croce,Lombardia,46.3255,9.456
23020,Prata Camportaccio,Lombardia,46.3072,9.3952
23020,Santa Croce Di Piuro,Lombardia,46.3255,9.456
23020,Piateda,Lombardia,46.1596,9.935
23020,San Cassiano Valchiavenna,Lombardia,46.2583,9.6352
23020,Lanzada,Lombardia,46.2693,9.8692
23020,Gordona,Lombardia,46.2918,9.367
23020,San Giacomo Filippo,Lombardia,46.3377,9.3712
23020,Poggiridenti,Lombardia,46.1748,9.9261
23020,Menarola,Lombardia,46.2993,9.3612
23020,Lirone,Lombardia,46.3682,9.361
23020,Borgonuovo Di Piuro,Lombardia,46.3291,9.438
23020,Prosto,Lombardia,46.3295,9.4209
23020,Piuro,Lombardia,46.3298,9.4206
23020,San Cassiano,Lombardia,46.277,9.3974
23020,Torre Di Santa Maria,Lombardia,46.2336,9.8523
23021,Fraciscio,Lombardia,46.4044,9.3656
23021,Campodolcino,Lombardia,46.4029,9.3519
23022,Chiavenna,Lombardia,46.3206,9.3982
23022,Bette,Lombardia,46.3206,9.3982
23023,Chiareggio,Lombardia,46.3163,9.7875
23023,Chiesa In Valmalenco,Lombardia,46.2672,9.849
23023,Primolo,Lombardia,46.2727,9.8436
23024,Madesimo,Lombardia,46.4381,9.3588
23024,Montespluga,Lombardia,46.4891,9.3364
23024,Pianazzo,Lombardia,46.4282,9.3442
23024,Isola,Lombardia,46.4435,9.3341
23025,Novate Mezzola,Lombardia,46.2194,9.4497
23025,Campo,Lombardia,46.2105,9.4585
23026,Arigna,Lombardia,46.1418,9.9898
23026,Ponte In Valtellina,Lombardia,46.175,9.9779
23027,San Pietro,Lombardia,46.2582,9.3846
23027,San Pietro Samolaco,Lombardia,46.2582,9.3846
23027,Somaggia,Lombardia,46.2537,9.4214
23027,Samolaco,Lombardia,46.2425,9.394
23027,Era Samolaco,Lombardia,46.2442,9.3951
23027,Era,Lombardia,46.2442,9.3951
23029,Dogana Di Villa Chiavenna,Lombardia,46.3329,9.5124
23029,Dogana,Lombardia,46.3329,9.5124
23029,Villa Di Chiavenna,Lombardia,46.3307,9.4811
23030,San Nicolo' Di Valfurva,Lombardia,46.463,10.41
23030,Cepina Valdisotto,Lombardia,46.4361,10.3571
23030,Stazzona,Lombardia,46.1859,10.1338
23030,Valfurva,Lombardia,46.3278,10.2384
23030,Trepalle,Lombardia,46.5269,10.1758
23030,Tovo Di Sant'Agata,Lombardia,46.245,10.2467
23030,Castionetto,Lombardia,46.1759,10.0047
23030,Livigno,Lombardia,46.5363,10.1335
23030,Santa Caterina,Lombardia,46.4129,10.492
23030,Villa Di Tirano,Lombardia,46.2039,10.1339
23030,Vervio,Lombardia,46.2529,10.2406
23030,Valdisotto,Lombardia,46.4344,10.357
23030,Cepina,Lombardia,46.4361,10.3571
23030,Chiuro,Lombardia,46.1672,9.9858
23030,Lovero,Lombardia,46.2333,10.2333
23030,Bianzone,Lombardia,46.1867,10.1093
23030,Castello Dell'Acqua,Lombardia,46.1455,10.0158
23030,Sant'Antonio,Lombardia,46.4939,10.2934
23030,Santa Caterina Valfurva,Lombardia,46.4129,10.492
23030,Piatta,Lombardia,46.4539,10.374
23030,Mazzo Di Valtellina,Lombardia,46.2574,10.2553
23030,Sernio,Lombardia,46.2242,10.2053
23031,Aprica,Lombardia,46.1522,10.1488
23032,Passo Stelvio,Lombardia,46.5274,10.4522
23032,Bormio,Lombardia,46.4672,10.3701
23033,Ravoledo,Lombardia,46.3063,10.2884
23033,Tiolo,Lombardia,46.3128,10.3012
23033,Grosio,Lombardia,46.2997,10.2757
23034,Grosotto,Lombardia,46.282,10.2591
23035,Abetina Vallesana,Lombardia,46.341,10.3456
23035,Sondalo,Lombardia,46.3298,10.3269
23035,Mondadizza,Lombardia,46.3339,10.3506
23035,Pineta Di Sortenna,Lombardia,46.3364,10.3341
23035,Pineta Di Sortenna Vallesana,Lombardia,46.341,10.3456
23035,Villaggio Sondalo,Lombardia,46.3356,10.3268
23035,Frontale,Lombardia,46.3498,10.3663
23035,Le Prese,Lombardia,46.3507,10.3572
23035,Pendosso,Lombardia,46.3507,10.3572
23036,San Giacomo Di Teglio,Lombardia,46.1602,10.0253
23036,San Giacomo,Lombardia,46.1602,10.0253
23036,Teglio,Lombardia,46.1723,10.064
23036,Tresenda,Lombardia,46.1609,10.0797
23037,Madonna Di Tirano,Lombardia,46.2167,10.15
23037,Tirano,Lombardia,46.2148,10.1634
23038,Semogo,Lombardia,46.485,10.27
23038,Isolaccia,Lombardia,46.4833,10.2833
23038,Bagni Nuovi Di Bormio,Lombardia,46.4842,10.2767
23038,Bagni Nuovi,Lombardia,46.4842,10.2767
23038,Valdidentro,Lombardia,46.4842,10.2767
23100,Sant'Anna,Lombardia,46.1735,9.8555
23100,Ponchiera,Lombardia,46.1809,9.8721
23100,Sondrio,Lombardia,46.1685,9.8713
23100,Albosaggia,Lombardia,46.1475,9.854
23100,Mossini,Lombardia,46.1792,9.8638
23100,Faedo,Lombardia,46.153,9.9061
23100,Triangia,Lombardia,46.1744,9.8321
21010,Besnate,Lombardia,45.6986,8.7673
21010,San Macario,Lombardia,45.6091,8.7738
21010,Vizzola Ticino,Lombardia,45.6261,8.6965
21010,Montegrino Valtravaglia,Lombardia,45.974,8.7674
21010,Porto Valtravaglia,Lombardia,45.9609,8.6811
21010,Golasecca,Lombardia,45.6982,8.6611
21010,Agra,Lombardia,46.0367,8.7683
21010,Pino Sulla Sponda Del Lago Maggiore,Lombardia,46.1008,8.7387
21010,Domo,Lombardia,45.8681,8.7424
21010,Curiglia Con Monteviasco,Lombardia,45.8681,8.7424
21010,Calde',Lombardia,45.8681,8.7424
21010,Muceno,Lombardia,45.8681,8.7424
21010,Ligurno,Lombardia,45.8681,8.7424
21010,Nasca,Lombardia,45.8681,8.7424
21010,Due Cossani,Lombardia,46.0327,8.7806
21010,Tronzano Lago Maggiore,Lombardia,46.0887,8.7331
21010,Arsago Seprio,Lombardia,45.6876,8.7351
21010,Brezzo Di Bedero,Lombardia,45.9784,8.7174
21010,Veddasca,Lombardia,46.0706,8.7987
21010,Castelveccana,Lombardia,45.948,8.6663
21010,Ferno,Lombardia,45.615,8.7569
21010,Dumenza,Lombardia,46.0209,8.7867
21010,Castello,Lombardia,45.7074,8.7827
21010,Cardano Al Campo,Lombardia,45.6489,8.7693
21010,Germignaga,Lombardia,45.9913,8.724
21011,Casorate Sempione,Lombardia,45.6708,8.7451
21012,Cassano Magnago,Lombardia,45.6721,8.8269
21013,Gallarate,Lombardia,45.6602,8.7916
21013,Cedrate,Lombardia,45.6602,8.7916
21013,Crenna,Lombardia,45.8049,8.776
21014,Laveno Mombello,Lombardia,45.7919,8.8025
21014,Mombello,Lombardia,45.6748,8.9846
21014,Laveno,Lombardia,45.9089,8.6204
21015,Sant'Antonino Ticino,Lombardia,45.5875,8.7334
21015,Lonate Pozzolo,Lombardia,45.5921,8.7519
21015,Tornavento,Lombardia,45.5828,8.7149
21016,Luino,Lombardia,46.0019,8.7451
21016,Poppino,Lombardia,46.0145,8.7647
21016,Voldomino,Lombardia,46.0082,8.7549
21016,Creva,Lombardia,46.0082,8.7549
21017,Verghera,Lombardia,45.6201,8.7782
21017,Samarate,Lombardia,45.6241,8.7851
21017,Cascina Costa,Lombardia,45.632,8.7498
21017,Cascina Elisa,Lombardia,45.6042,8.7998
21018,Lisanza,Lombardia,45.7393,8.5985
21018,Sesto Calende,Lombardia,45.7261,8.634
21019,Coarezza,Lombardia,45.6814,8.6449
21019,Somma Lombardo,Lombardia,45.6821,8.7076
21019,Case Nuove,Lombardia,45.6407,8.7166
21019,Maddalena,Lombardia,45.6616,8.6838
21019,Malpensa Aeroporto,Lombardia,45.6665,8.6882
21020,Ranco,Lombardia,45.7973,8.5711
21020,Mornago,Lombardia,45.7452,8.7505
21020,Varano Borghi,Lombardia,45.7741,8.704
21020,Crugnola,Lombardia,45.7296,8.7452
21020,Casale Litta,Lombardia,45.7679,8.7413
21020,Bernate,Lombardia,45.7779,8.7313
21020,Comabbio,Lombardia,45.7736,8.6783
21020,Bodio Lomnago,Lombardia,45.7887,8.7508
21020,Bodio,Lombardia,45.7899,8.7515
21020,Lomnago,Lombardia,45.789,8.7193
21020,Galliate Lombardo,Lombardia,45.7849,8.7704
21020,Buguggiate,Lombardia,45.7823,8.8106
21020,Casciago,Lombardia,45.8243,8.765
21020,Cazzago Brabbia,Lombardia,45.7959,8.7348
21020,Crosio Della Valle,Lombardia,45.76,8.7704
21020,Luvinate,Lombardia,45.8396,8.7719
21020,Brunello,Lombardia,45.765,8.7953
21020,Brebbia,Lombardia,45.8298,8.6504
21020,Daverio,Lombardia,45.778,8.7734
21020,Barasso,Lombardia,45.8405,8.7568
21020,Bregano,Lombardia,45.8258,8.6877
21020,Monvalle,Lombardia,45.8581,8.6309
21020,Inarzo,Lombardia,45.7858,8.7356
21020,Villadosia,Lombardia,45.7495,8.7277
21020,Taino,Lombardia,45.7625,8.6165
21020,Malgesso,Lombardia,45.8279,8.6755
21020,Bardello,Lombardia,45.836,8.6968
21020,Montonate,Lombardia,45.7471,8.7727
21020,Mercallo,Lombardia,45.7479,8.67
21020,Ternate,Lombardia,45.7867,8.6993
21021,Angera,Lombardia,45.7755,8.5786
21022,Azzate,Lombardia,45.778,8.7941
21023,Besozzo,Lombardia,45.8489,8.6652
21024,Biandronno,Lombardia,45.8128,8.7088
21025,Comerio,Lombardia,45.8419,8.7421
21026,Oltrona Al Lago,Lombardia,45.8371,8.7262
21026,Gavirate,Lombardia,45.8371,8.7262
21027,Ispra,Lombardia,45.8148,8.6129
21027,Ispra Centro Euratom,Lombardia,45.8068,8.6174
21027,Barza,Lombardia,45.7987,8.6219
21028,Travedona Monate,Lombardia,45.8043,8.6714
21029,Cuirone,Lombardia,45.7409,8.7071
21029,Vergiate,Lombardia,45.7221,8.6953
21029,Cimbro,Lombardia,45.7357,8.7205
21029,Corgeno,Lombardia,45.7459,8.688
21030,Fabiasco,Lombardia,45.9189,8.7617
21030,Brinzio,Lombardia,45.8891,8.7868
21030,Masciago Primo,Lombardia,45.9178,8.7811
21030,Marchirolo,Lombardia,45.9479,8.8334
21030,Castello Cabiaglio,Lombardia,45.8936,8.7576
21030,Brissago Valtravaglia,Lombardia,45.9189,8.7617
21030,Brenta,Lombardia,45.8942,8.6837
21030,Azzio,Lombardia,45.8847,8.7085
21030,Cassano Valcuvia,Lombardia,45.9324,8.7684
21030,Cugliate Fabiasco,Lombardia,45.9189,8.7617
21030,Cugliate,Lombardia,45.9189,8.7617
21030,Casalzuigno,Lombardia,45.9051,8.7088
21030,Mesenzana,Lombardia,45.9516,8.7645
21030,Orino,Lombardia,45.8815,8.7156
21030,Cuvio,Lombardia,45.8962,8.7341
21030,Marzio,Lombardia,45.9382,8.8581
21030,Rancio Valcuvia,Lombardia,45.9159,8.7716
21030,Cuveglio,Lombardia,45.9061,8.7333
21030,Duno,Lombardia,45.914,8.7376
21030,Cremenaga,Lombardia,45.9894,8.8033
21030,Grantola,Lombardia,45.9492,8.7743
21030,Ferrera Di Varese,Lombardia,45.9328,8.7891
21031,Cadegliano Viconago,Lombardia,45.9595,8.8434
21031,Cadegliano,Lombardia,45.9595,8.8434
21031,Viconago,Lombardia,45.9595,8.8434
21032,Caravate,Lombardia,45.8786,8.6543
21033,Cittiglio,Lombardia,45.8959,8.6655
21034,Trevisago,Lombardia,45.8672,8.6904
21034,Caldana,Lombardia,45.8715,8.6925
21034,Cocquio Trevisago,Lombardia,45.8672,8.6904
21034,Cocquio,Lombardia,45.8629,8.6882
21035,Cunardo,Lombardia,45.9343,8.8077
21036,Gemonio,Lombardia,45.8788,8.6748
21037,Ponte Tresa,Lombardia,45.9671,8.8573
21037,Lavena Ponte Tresa,Lombardia,45.9671,8.8573
21038,Sangiano,Lombardia,45.8751,8.6333
21038,Leggiuno,Lombardia,45.8759,8.6206
21039,Bedero Valcuvia,Lombardia,45.9109,8.7955
21039,Valganna,Lombardia,45.9023,8.8233
21039,Ghirla,Lombardia,45.9251,8.8218
21039,Ganna,Lombardia,45.9021,8.8261
21040,Morazzone,Lombardia,45.7645,8.8281
21040,Massina,Lombardia,45.6447,8.9742
21040,Castronno,Lombardia,45.7479,8.8144
21040,Carnago,Lombardia,45.7221,8.8342
21040,Cascine Maggio,Lombardia,45.7594,8.8115
21040,Santo Stefano,Lombardia,45.7043,8.8165
21040,Oggiona,Lombardia,45.7043,8.8165
21040,Lozza,Lombardia,45.7757,8.8577
21040,Vedano Olona,Lombardia,45.7757,8.8877
21040,Oggiona Con Santo Stefano,Lombardia,45.7043,8.8165
21040,Venegono Superiore,Lombardia,45.7525,8.8973
21040,Caronno Varesino,Lombardia,45.7358,8.8317
21040,Uboldo,Lombardia,45.6153,9.0039
21040,Cislago,Lombardia,45.6593,8.9727
21040,Rovate,Lombardia,45.7104,8.8457
21040,Jerago Con Orago,Lombardia,45.7047,8.7959
21040,Origgio,Lombardia,45.5968,9.0164
21040,Sumirago,Lombardia,45.7365,8.7836
21040,Gerenzano,Lombardia,45.6397,9.001
21040,Venegono Inferiore,Lombardia,45.7357,8.8955
21040,Gornate Olona,Lombardia,45.7416,8.8599
21041,Albizzate,Lombardia,45.727,8.8031
21042,Caronno Pertusella,Lombardia,45.5978,9.0463
21043,Gornate Superiore,Lombardia,45.7539,8.8606
21043,Castiglione Olona,Lombardia,45.7526,8.8728
21044,Cavaria Con Premezzo,Lombardia,45.6925,8.803
21045,Schianno,Lombardia,45.7734,8.8251
21045,Gazzada,Lombardia,45.7667,8.8167
21045,Gazzada Schianno,Lombardia,45.7802,8.8334
21046,San Salvatore,Lombardia,45.9049,8.889
21046,Malnate,Lombardia,45.7938,8.881
21047,Saronno,Lombardia,45.6251,9.0352
21048,Monte,Lombardia,45.7149,8.8222
21048,Solbiate Arno,Lombardia,45.7196,8.8137
21049,Tradate,Lombardia,45.7084,8.9076
21049,Abbiate Guazzone,Lombardia,45.7084,8.9076
21050,Cairate,Lombardia,45.6875,8.8681
21050,Gorla Maggiore,Lombardia,45.6639,8.8954
21050,Gaggiolo,Lombardia,45.8377,8.9103
21050,Cuasso Al Piano,Lombardia,45.8945,8.8795
21050,Clivio,Lombardia,45.8628,8.9308
21050,Castelseprio,Lombardia,45.7137,8.8616
21050,Bisuschio,Lombardia,45.8715,8.8684
21050,Cantello,Lombardia,45.8225,8.8959
21050,Lonate Ceppino,Lombardia,45.7086,8.8794
21050,Brusimpiano,Lombardia,45.9447,8.8895
21050,Cavagnano,Lombardia,45.9054,8.871
21050,Marnate,Lombardia,45.6285,8.9092
21050,Besano,Lombardia,45.8895,8.8907
21050,Cuasso Al Monte,Lombardia,45.9148,8.8792
21050,Porto Ceresio,Lombardia,45.9128,8.8968
21050,Saltrio,Lombardia,45.8735,8.9244
21050,Bolladello,Lombardia,45.6865,8.8452
21051,Brenno Useria,Lombardia,45.8615,8.878
21051,Arcisate,Lombardia,45.8558,8.8682
21052,Sacconago,Lombardia,45.5973,8.8496
21052,Borsano,Lombardia,45.5833,8.85
21052,Busto Arsizio,Lombardia,45.6113,8.8491
21053,Castellanza,Lombardia,45.6108,8.8962
21054,Bergoro,Lombardia,45.6698,8.8599
21054,Fagnano Olona,Lombardia,45.6698,8.8599
21055,Gorla Minore,Lombardia,45.6412,8.9026
21056,Induno Olona,Lombardia,45.8457,8.8406
21057,Cascina Buon Gesu',Lombardia,45.6371,8.8815
21057,Olgiate Olona,Lombardia,45.6371,8.8815
21058,Solbiate Olona,Lombardia,45.6503,8.882
21059,Baraggia,Lombardia,45.8074,8.8762
21059,Viggiu',Lombardia,45.871,8.9086
21061,Maccagno Con Pino E Veddasca,Lombardia,46.0436,8.7341
21061,Maccagno,Lombardia,46.0436,8.7341
21062,Cadrezzate,Lombardia,45.7993,8.6433
21062,Osmate,Lombardia,45.7887,8.6552
21100,Calcinate Del Pesce,Lombardia,45.8155,8.763
21100,Varese,Lombardia,45.8206,8.8251
21100,Casbeno,Lombardia,45.8145,8.8078
21100,Masnago,Lombardia,45.8333,8.8
21100,Capolago,Lombardia,45.7938,8.8099
21100,Bizzozero,Lombardia,45.7908,8.8515
21100,Sant'Ambrogio Olona,Lombardia,45.8251,8.8085
21100,Rasa,Lombardia,45.8661,8.8055
21100,San Fermo,Lombardia,45.8251,8.8085
21100,Santa Maria Del Monte,Lombardia,45.8251,8.8085
21100,Rasa Di Velate,Lombardia,45.8661,8.8055
21100,Cartabbia,Lombardia,45.8251,8.8085
60010,Pianello Di Ostra,Marche,43.6262,13.1307
60010,Ponte Rio Di Monterado,Marche,43.6107,13.0928
60010,Pianello,Marche,43.6262,13.1307
60010,Ostra Vetere,Marche,43.6034,13.0615
60010,Ostra,Marche,43.6161,13.1585
60010,Casine,Marche,43.6316,13.1443
60010,Castelleone Di Suasa,Marche,43.6082,12.978
60010,Vaccarile,Marche,43.5934,13.1112
60010,Barbara,Marche,43.5804,13.0274
60011,Avacelli,Marche,43.47,12.9827
60011,Castiglioni,Marche,43.5061,13.0082
60011,Montefortino,Marche,43.5251,12.9391
60011,Nidastore,Marche,43.5828,12.9363
60011,Castiglioni D'Arcevia,Marche,43.5231,12.958
60011,Piticchio,Marche,43.5398,12.9733
60011,Arcevia,Marche,43.5018,12.945
60011,Costa D'Arcevia,Marche,43.5231,12.958
60011,Palazzo,Marche,43.5363,12.9213
60011,Palazzo D'Arcevia,Marche,43.5231,12.958
60012,Brugnetto,Marche,43.6868,13.1047
60012,Monterado,Marche,43.6969,13.0906
60012,Trecastelli,Marche,43.6868,13.1047
60012,Ripe,Marche,43.6691,13.1059
60012,Passo Di Ripe,Marche,43.6557,13.122
60012,Castel Colonna,Marche,43.6807,13.1047
60012,Ponte Rio,Marche,43.7316,13.1006
60013,Corinaldo,Marche,43.6411,13.06
60015,Castelferretti,Marche,43.6055,13.3656
60015,Falconara Alta,Marche,43.6256,13.3995
60015,Falconara Marittima,Marche,43.6256,13.3995
60018,Montemarciano,Marche,43.6385,13.308
60018,Lungomare,Marche,43.6672,13.3086
60018,Marina Di Montemarciano,Marche,43.6506,13.3364
60019,Sant'Angelo Di Senigallia,Marche,43.6761,13.2164
60019,Montignano,Marche,43.6745,13.2909
60019,Vallone,Marche,43.6799,13.1883
60019,Marzocca Di Senigallia,Marche,43.6745,13.2909
60019,Marzocca,Marche,43.6745,13.2909
60019,Sant'Angelo,Marche,43.6761,13.2164
60019,Senigallia,Marche,43.7163,13.2088
60019,Cesano Di Senigallia,Marche,43.6876,13.2237
60019,Roncitelli,Marche,43.6964,13.1443
60019,Scapezzano,Marche,43.72,13.1667
60020,Offagna,Marche,43.5259,13.4408
60020,Sirolo,Marche,43.5225,13.615
60020,Agugliano,Marche,43.5437,13.3857
60020,Camerata Picena,Marche,43.5776,13.352
60020,Castel D'Emilio,Marche,43.5648,13.385
60020,Polverigi,Marche,43.5288,13.3829
60021,Camerano,Marche,43.5277,13.5526
60021,Aspio Terme,Marche,43.5277,13.5526
60022,San Rocchetto,Marche,43.4854,13.5691
60022,Acquaviva Villa Musone,Marche,43.4723,13.5598
60022,Castelfidardo,Marche,43.4592,13.5504
60024,Montoro,Marche,43.4552,13.4136
60024,Filottrano,Marche,43.4355,13.3514
60025,Loreto Stazione,Marche,43.4479,13.6202
60025,Villa Musone,Marche,43.4462,13.6031
60025,Loreto,Marche,43.4362,13.6123
60026,Numana,Marche,43.5114,13.6212
60026,Marcelli,Marche,43.492,13.6255
60026,Numana Lido,Marche,43.5017,13.6233
60027,Passatempo,Marche,43.4819,13.4738
60027,Osimo Stazione,Marche,43.4819,13.4738
60027,Padiglione,Marche,43.469,13.4626
60027,Osimo,Marche,43.4854,13.4822
60027,Casenuove,Marche,43.4859,13.3931
60027,San Sabino,Marche,43.4738,13.5115
60027,Campocavallo,Marche,43.4612,13.4968
60027,San Biagio,Marche,43.516,13.4964
60030,Osteria,Marche,43.5495,13.0219
60030,Angeli Di Mergo,Marche,43.4645,13.0548
60030,Angeli,Marche,43.4724,13.0682
60030,Monsano,Marche,43.5622,13.2519
60030,Collina Santa Maria Nuova,Marche,43.5134,13.1317
60030,Belvedere Ostrense,Marche,43.579,13.1672
60030,San Marcello,Marche,43.5753,13.2083
60030,Angeli Di Rosora,Marche,43.5134,13.1317
60030,Pianello Vallesina,Marche,43.4882,13.1619
60030,Poggio San Marcello,Marche,43.5112,13.0737
60030,Stazione,Marche,43.5005,13.1515
60030,Rosora,Marche,43.4834,13.0682
60030,Moie,Marche,43.5037,13.1328
60030,Maiolati Spontini,Marche,43.4764,13.1199
60030,Santa Maria Nuova,Marche,43.4916,13.3237
60030,Monte Roberto,Marche,43.4806,13.138
60030,Castelbellino,Marche,43.4868,13.1447
60030,Morro D'Alba,Marche,43.6,13.2133
60030,Serra De' Conti,Marche,43.542,13.0357
60030,Mergo,Marche,43.4735,13.0351
60031,Castelplanio,Marche,43.4942,13.0818
60031,Castelplanio Stazione,Marche,43.4888,13.0854
60031,Borgo Loreto,Marche,43.4861,13.0873
60031,Macine,Marche,43.4861,13.0873
60033,Chiaravalle,Marche,43.6011,13.3251
60033,Grancetta,Marche,43.5903,13.3608
60034,Cupramontana,Marche,43.4497,13.1131
60035,Jesi,Marche,43.5214,13.2437
60036,Montecarotto,Marche,43.5283,13.0666
60037,Monte San Vito,Marche,43.6006,13.2682
60037,Borghetto,Marche,43.598,13.292
60037,Le Cozze,Marche,43.5963,13.3139
60038,San Paolo Di Jesi,Marche,43.4546,13.1728
60039,Staffolo,Marche,43.4333,13.1849
60040,Trinquelli,Marche,43.4284,12.9302
60040,Genga,Marche,43.4303,12.9355
60040,Genga Stazione,Marche,43.4054,12.9787
60040,Colleponi,Marche,43.4389,12.9034
60040,Colleponi Di Genga,Marche,43.4389,12.9034
60041,Monterosso,Marche,43.475,12.8281
60041,Cabernardi,Marche,43.5066,12.864
60041,Monterosso Stazione,Marche,43.4602,12.8214
60041,Piano Di Frassineta,Marche,43.451,12.8473
60041,Sassoferrato,Marche,43.4311,12.8566
60041,Perticano,Marche,43.4648,12.8435
60041,Borgo Sassoferrato,Marche,43.4648,12.8435
60043,Cerreto D'Esi,Marche,43.3167,12.9877
60044,Serradica,Marche,43.2655,12.8494
60044,Attiggio,Marche,43.3062,12.9205
60044,Castelletta,Marche,43.4032,13.0072
60044,Sant'Elia,Marche,43.4186,13.0394
60044,Marischio,Marche,43.3395,12.8693
60044,Melano,Marche,43.342,12.84
60044,Nebbiano,Marche,43.3777,12.8947
60044,Borgo Tufico,Marche,43.3426,13.0011
60044,Albacina,Marche,43.3426,13.0011
60044,Argignano,Marche,43.3257,12.9575
60044,San Donato,Marche,43.3785,12.8533
60044,San Michele,Marche,43.3094,12.9583
60044,Fabriano,Marche,43.3394,12.9033
60044,Melano Bastia,Marche,43.332,12.9217
60044,Campodonico,Marche,43.2288,12.8644
60044,Collamato,Marche,43.2914,12.9492
60044,Cancelli,Marche,43.301,12.8391
60044,Rocchetta Di Fabriano,Marche,43.332,12.9217
60048,Domo,Marche,43.4018,13.0622
60048,Serra San Quirico Stazione,Marche,43.4318,13.0544
60048,Castellaro,Marche,43.4304,13.0713
60048,Sasso,Marche,43.4486,13.0614
60048,Serra San Quirico,Marche,43.4464,13.0227
60100,Ancona,Marche,43.5942,13.5034
60121,Ancona,Marche,43.5942,13.5034
60122,Ancona,Marche,43.5942,13.5034
60123,Ancona,Marche,43.5942,13.5034
60124,Ancona,Marche,43.5942,13.5034
60125,Ancona,Marche,43.5942,13.5034
60126,Ancona,Marche,43.5942,13.5034
60127,Ancona,Marche,43.5942,13.5034
60127,Pinocchio,Marche,43.5899,13.4941
60128,Ancona,Marche,43.5942,13.5034
60129,Ancona,Marche,43.5942,13.5034
60129,Poggio,Marche,43.5547,13.5795
60129,Pietralacroce,Marche,43.5729,13.543
60129,Varano,Marche,43.5697,13.5462
60131,Montesicuro,Marche,43.5528,13.4614
60131,Ancona,Marche,43.5942,13.5034
63020,Piane Di Falerone,Marche,42.888,13.5551
63031,Castel Di Lama Stazione,Marche,42.8884,13.601
63061,Massignano,Marche,43.0506,13.798
63062,Montefiore Dell'Aso,Marche,43.0528,13.7552
63063,Carassai,Marche,43.033,13.6876
63064,Cupra Marittima,Marche,43.019,13.8617
63065,Ripatransone,Marche,43.0002,13.762
63065,San Savino,Marche,42.9555,13.7792
63066,Grottammare,Marche,42.9818,13.8676
63066,Ischia,Marche,43.0013,13.72
63067,Cossignano,Marche,42.9836,13.6903
63068,Patrignone,Marche,42.9803,13.6093
63068,Montalto Delle Marche,Marche,42.9896,13.6082
63068,Porchia,Marche,42.9967,13.631
63069,Montedinove,Marche,42.9726,13.5897
63071,Castel Di Croce,Marche,42.9315,13.523
63071,Rotella,Marche,42.9543,13.5585
63072,Ripaberarda,Marche,42.9204,13.6046
63072,Castignano,Marche,42.9393,13.6251
63073,Offida,Marche,42.935,13.6977
63074,Porto D'Ascoli,Marche,42.9118,13.8908
63074,San Benedetto Del Tronto,Marche,42.9568,13.8768
63075,Acquaviva Picena,Marche,42.9404,13.8223
63076,Centobuchi,Marche,42.8952,13.8481
63076,Monteprandone,Marche,42.9205,13.8391
63077,Monsampolo Del Tronto,Marche,42.8975,13.7935
63077,Stella Di Monsampolo,Marche,42.9138,13.7404
63078,Spinetoli,Marche,42.8898,13.765
63078,Pagliare,Marche,42.8691,13.7691
63079,Villa San Giuseppe,Marche,42.8686,13.7448
63079,Colli Del Tronto,Marche,42.8769,13.7474
63081,Castorano,Marche,42.8978,13.7297
63081,San Silvestro,Marche,42.8673,13.7289
63082,Villa Sant'Antonio,Marche,42.8717,13.639
63082,Castel Di Lama,Marche,42.8643,13.7193
63082,Castel Di Lama Piattoni,Marche,42.8663,13.7112
63082,Piattoni,Marche,42.8663,13.7112
63083,Appignano Del Tronto,Marche,42.8981,13.6622
63084,Piane Di Morro,Marche,42.8232,13.653
63084,Pigna Bassa,Marche,42.8332,13.6345
63084,Folignano,Marche,42.8207,13.6327
63084,Villa Pigna,Marche,42.8717,13.639
63085,Maltignano,Marche,42.8322,13.688
63085,Caselle,Marche,42.8417,13.6714
63086,Force,Marche,42.9609,13.4877
63087,Comunanza,Marche,42.8941,13.8015
63087,Croce Di Casale,Marche,42.9099,13.423
63088,Montemonaco,Marche,42.8987,13.3302
63091,Venarotta,Marche,42.8827,13.4916
63092,Palmiano,Marche,42.8995,13.4594
63093,Roccafluvione,Marche,42.7943,13.3799
63093,Marsia,Marche,42.8603,13.4762
63093,Agelli,Marche,42.8333,13.4167
63094,Montegallo,Marche,42.7943,13.3799
63094,Bisignano,Marche,42.8469,13.351
63095,San Martino Di Acquasanta,Marche,42.7354,13.4494
63095,Paggese,Marche,42.778,13.4183
63095,Quintodecimo,Marche,42.7628,13.3853
63095,Acquasanta Terme,Marche,42.7708,13.4142
63095,Ponte D'Arli,Marche,42.7984,13.4597
63095,Tallacano,Marche,42.7993,13.3886
63095,Pozza Di Acquasanta,Marche,42.7419,13.4153
63096,Spelonga,Marche,42.7567,13.2979
63096,Arquata Del Tronto,Marche,42.7717,13.2939
63096,Pretare,Marche,42.7979,13.3004
63096,Trisungo,Marche,42.7743,13.3123
63096,Pescara Del Tronto,Marche,42.7506,13.2701
63096,Capodacqua,Marche,42.7375,13.2382
63100,Venagrande,Marche,42.8908,13.5426
63100,Lisciano Di Colloto,Marche,42.8026,13.4937
63100,Ascoli Piceno,Marche,42.8535,13.5739
63100,Marino Del Tronto,Marche,42.8394,13.568
63100,Monticelli,Marche,42.888,13.5551
63100,Poggio Di Bretta,Marche,42.8394,13.568
63100,Mozzano,Marche,42.83,13.5121
63100,Piagge Di Ascoli Piceno,Marche,42.8376,13.5763
63100,Lisciano,Marche,42.83,13.6022
63100,Campolungo,Marche,42.85,13.6833
63100,Castel Trosino,Marche,42.8224,13.5515
63100,Piagge,Marche,42.8376,13.5763
63811,Bivio Cascinare,Marche,43.278,13.7235
63811,Sant'Elpidio A Mare,Marche,43.2302,13.6882
63811,La Luce,Marche,43.2099,13.7188
63811,Cascinare,Marche,43.2643,13.7118
63811,Castellano,Marche,43.2627,13.7203
63811,Casette D'Ete,Marche,43.2538,13.6832
63811,Cretarola,Marche,43.2321,13.737
63812,Montegranaro,Marche,43.231,13.6305
63813,Monte Urano,Marche,43.1904,13.6618
63814,Torre San Patrizio,Marche,43.1831,13.6111
63815,Monte San Pietrangeli,Marche,43.1896,13.5772
63816,Francavilla D'Ete,Marche,43.1884,13.5403
63821,Porto Sant'Elpidio,Marche,43.253,13.7597
63822,Porto San Giorgio,Marche,43.1778,13.7941
63823,Lapedona,Marche,43.1092,13.7706
63824,Altidona,Marche,43.1079,13.7962
63824,Marina Di Altidona,Marche,43.106,13.8345
63825,Rubbianello,Marche,43.0602,13.714
63825,Monterubbiano,Marche,43.0856,13.7191
63826,Moresco,Marche,43.0867,13.7304
63827,Pedaso,Marche,43.0984,13.8408
63828,Campofilone,Marche,43.081,13.8215
63831,Contrada Tenna,Marche,43.1524,13.6266
63831,Rapagnano,Marche,43.1598,13.5887
63832,Magliano Di Tenna,Marche,43.138,13.5872
63833,Piane Di Montegiorgio,Marche,43.1159,13.5667
63833,Montegiorgio,Marche,43.1299,13.5393
63833,Alteta,Marche,43.1227,13.5285
63834,Massa Fermana,Marche,43.1469,13.476
63835,Montappone,Marche,43.1362,13.4693
63836,Monte Vidon Corrado,Marche,43.1209,13.4893
63837,Piane,Marche,43.097,13.495
63837,Falerone,Marche,43.1043,13.4719
63838,Belmonte Piceno,Marche,43.0918,13.5394
63839,Curetta,Marche,43.1227,13.5285
63839,Servigliano,Marche,43.0799,13.4927
63841,Monteleone Di Fermo,Marche,43.0479,13.5295
63842,Sant'Elpidio Morico,Marche,43.0333,13.55
63842,Monsampietro Morico,Marche,43.0678,13.5557
63843,Montottone,Marche,43.0621,13.5901
63844,Grottazzolina,Marche,43.1188,13.6069
63845,Ponzano Di Fermo,Marche,43.1039,13.6598
63845,Capparuccia,Marche,43.1303,13.6257
63845,Torchiaro,Marche,43.0772,13.6044
63846,Monte Giberto,Marche,43.0909,13.6313
63847,Monte Vidon Combatte,Marche,43.049,13.6312
63848,Petritoli,Marche,43.0681,13.6639
63848,Moregnano,Marche,43.0772,13.6044
63851,Ortezzano,Marche,43.0304,13.6053
63852,Monte Rinaldo,Marche,43.0283,13.582
63853,Montelparo,Marche,43.0176,13.537
63854,Santa Vittoria In Matenano,Marche,43.0198,13.4962
63855,Montefalcone Appennino,Marche,42.99,13.4569
63856,Smerillo,Marche,43.0052,13.445
63856,San Martino Al Faggio,Marche,42.9922,13.4667
63857,Amandola,Marche,42.9783,13.3545
63858,Montefortino,Marche,42.9435,13.3442
63858,Santa Lucia In Consilvano,Marche,42.9171,13.3791
63900,Molini Di Tenna,Marche,42.829,13.58
63900,Salvano,Marche,42.829,13.58
63900,Ponte Ete,Marche,42.829,13.58
63900,Lido Di Fermo,Marche,42.829,13.58
63900,Marina Palmense,Marche,42.829,13.58
63900,Capodarco,Marche,42.829,13.58
63900,Caldarette,Marche,42.829,13.58
63900,Campiglione,Marche,42.829,13.58
63900,San Tommaso Tre Archi,Marche,42.829,13.58
63900,Torre Di Palme,Marche,42.829,13.58
63900,San Marco,Marche,42.829,13.58
63900,Fermo,Marche,42.829,13.58
62010,Chiesanuova,Marche,43.3383,13.3266
62010,Morrovalle,Marche,43.3183,13.5954
62010,Trodica,Marche,43.2746,13.5937
62010,Montecosaro,Marche,43.3162,13.6376
62010,Urbisaglia,Marche,43.193,13.3747
62010,Montefano,Marche,43.4098,13.4369
62010,Montecassiano,Marche,43.3652,13.4395
62010,Pollenza,Marche,43.266,13.3479
62010,Borgo Stazione,Marche,43.2846,13.6442
62010,Passo Di Treia,Marche,43.2865,13.3325
62010,Montecosaro Stazione,Marche,43.2846,13.6442
62010,Sambucheto,Marche,43.3578,13.4984
62010,Appignano,Marche,43.3628,13.3477
62010,Treia,Marche,43.3085,13.3104
62010,Sant'Egidio,Marche,43.3466,13.4566
62010,Montelupone,Marche,43.3427,13.5707
62010,Pintura,Marche,43.3054,13.5808
62010,Santa Maria In Selva,Marche,43.3196,13.3967
62010,Morrovalle Stazione,Marche,43.2812,13.5871
62010,Casette Verdini,Marche,43.251,13.4016
62010,Mogliano,Marche,43.1875,13.4912
62010,Stazione Morrovalle,Marche,43.2812,13.5871
62011,Grottaccia,Marche,43.3459,13.2727
62011,Troviggiano,Marche,43.3787,13.2502
62011,Villa Torre,Marche,43.3798,13.2264
62011,Cingoli,Marche,43.3757,13.2079
62011,Villa Moscosi,Marche,43.3798,13.2264
62011,Torre,Marche,43.388,13.2335
62011,Moscosi,Marche,43.3524,13.1426
62011,Avenale,Marche,43.3564,13.2402
62011,Strada,Marche,43.4034,13.2208
62011,San Vittore,Marche,43.4382,13.2435
62012,Civitanova Marche,Marche,43.3162,13.6798
62012,Civitanova Marche Alta,Marche,43.3162,13.6798
62012,Civitanova Alta,Marche,43.3162,13.6798
62012,Fontespina,Marche,43.3113,13.6829
62012,Santa Maria Apparente,Marche,43.2966,13.6922
62014,Passo Del Bidollo,Marche,43.2486,13.4235
62014,Corridonia,Marche,43.2468,13.5069
62014,Petriolo,Marche,43.2214,13.4617
62014,Colbuccaro,Marche,43.2446,13.4436
62014,San Claudio,Marche,43.2751,13.5024
62015,Villa San Filippo,Marche,43.2598,13.5934
62015,Monte San Giusto,Marche,43.2357,13.5932
62017,Porto Recanati,Marche,43.433,13.6616
62018,Potenza Picena,Marche,43.3664,13.6225
62018,Porto Potenza Picena,Marche,43.3575,13.6975
62019,Musone,Marche,43.4441,13.5918
62019,Recanati,Marche,43.4038,13.5538
62020,Penna San Giovanni,Marche,43.0561,13.4254
62020,Colmurano,Marche,43.1649,13.3591
62020,Camporotondo Di Fiastrone,Marche,43.132,13.2663
62020,Caldarola,Marche,43.1428,13.2237
62020,Monte San Martino,Marche,43.0322,13.4403
62020,Cessapalombo,Marche,43.1082,13.2576
62020,Serrapetrona,Marche,43.1767,13.1898
62020,Sant'Angelo In Pontano,Marche,43.0978,13.3969
62020,Ripe San Ginesio,Marche,43.142,13.3672
62020,Gualdo,Marche,43.0667,13.3333
62020,Loro Piceno,Marche,43.1644,13.4116
62020,Belforte Del Chienti,Marche,43.1643,13.2432
62020,Valcimarra,Marche,43.1385,13.1716
62021,Apiro,Marche,43.3929,13.1305
62021,Poggio San Vicino,Marche,43.3747,13.0796
62021,Frontale,Marche,43.3508,13.1044
62022,Crispiero,Marche,43.1961,13.0958
62022,Castelraimondo,Marche,43.2085,13.0549
62022,Gagliole,Marche,43.2381,13.0678
62024,Esanatoglia,Marche,43.2525,12.9493
62024,Colferraio,Marche,43.3012,13.0215
62024,Matelica,Marche,43.2579,13.0075
62025,Fonte Di Brescia,Marche,43.152,12.8847
62025,Pioraco,Marche,43.1807,12.9768
62025,Massa,Marche,43.188,12.9314
62025,Fiuminata,Marche,43.1677,12.9528
62025,Sefro,Marche,43.1474,12.9486
62025,Seppio,Marche,43.1701,13.0226
62026,Pian Di Pieca,Marche,43.1121,13.3467
62026,San Ginesio,Marche,43.1075,13.3212
62026,Passo San Ginesio,Marche,43.1166,13.3722
62027,Castel San Pietro,Marche,43.3199,13.1309
62027,Cesolo,Marche,43.2609,13.1933
62027,San Severino Marche,Marche,43.2303,13.1799
62028,Sarnano,Marche,43.0347,13.2982
62029,Tolentino,Marche,43.2092,13.2852
62032,Morro,Marche,43.1146,13.029
62032,Mergnano,Marche,43.1271,13.0666
62032,San Luca,Marche,43.1271,13.0666
62032,Mergnano San Savino,Marche,43.1639,13.0522
62032,Camerino,Marche,43.1387,13.0678
62032,Polverina,Marche,43.0912,13.1173
62034,Muccia,Marche,43.0823,13.0432
62035,Fiastra,Marche,43.0368,13.1539
62035,Pievebovigliana,Marche,43.0629,13.0838
62035,Fiordimonte,Marche,43.031,13.1548
62035,Acquacanina,Marche,43.031,13.1548
62035,Bolognola,Marche,42.9932,13.2268
62035,Fiegni,Marche,43.031,13.1548
62036,Pie' Casavecchia,Marche,42.9985,13.0566
62036,Monte Cavallo,Marche,43.0045,13.0605
62036,Casavecchia,Marche,42.9985,13.0566
62036,Pieve Torina,Marche,43.043,13.0477
62036,Appennino,Marche,42.978,13.0811
62038,Serravalle Di Chienti,Marche,43.0718,12.9522
62038,Cesi Di Macerata,Marche,43,12.9
62038,Cesi,Marche,43,12.9
62039,Ussita,Marche,42.9195,13.0829
62039,Visso,Marche,42.9335,13.0805
62039,Fematre,Marche,42.9313,13.0136
62039,Castelsantangelo Sul Nera,Marche,42.8938,13.1546
62100,Villa Potenza,Marche,43.3215,13.4265
62100,Sforzacosta,Marche,43.2568,13.4228
62100,Madonna Del Monte,Marche,43.3372,13.4843
62100,Piediripa,Marche,43.2775,13.4871
62100,Corridonia Stazione,Marche,43.2856,13.5306
62100,Macerata,Marche,43.2979,13.4529
61010,Montegrimano,Marche,43.8537,12.6165
61010,Case Bernardi,Marche,43.8344,12.6903
61010,Rio Salso,Marche,43.8344,12.6903
61010,Montelicciano,Marche,43.8878,12.4778
61010,Monte Cerignone,Marche,43.8398,12.4143
61010,Savignano Montetassi,Marche,43.8537,12.6165
61010,Padiglione,Marche,43.8518,12.7213
61010,Tavullia,Marche,43.8979,12.7511
61010,Belvedere Fogliense,Marche,43.8457,12.6901
61010,Valle Di Teva,Marche,43.8379,12.4971
61011,Case Badioli,Marche,43.9542,12.7721
61011,Gabicce Mare,Marche,43.9647,12.7564
61012,Gradara,Marche,43.9386,12.7697
61012,Fanano,Marche,43.943,12.7483
61013,Fratte Di Sassofeltrio,Marche,43.8925,12.5302
61013,Valle Sant'Anastasio,Marche,43.8783,12.5208
61013,Piandicastello,Marche,43.8583,12.5521
61013,Sassofeltrio,Marche,43.8921,12.5097
61013,Mercatino Conca,Marche,43.8702,12.4911
61014,Montecopiolo,Marche,43.806,12.8612
61014,Villagrande,Marche,43.806,12.8612
61014,Madonna Di Pugliano,Marche,43.806,12.8612
61020,Casinina,Marche,43.8167,12.5833
61020,Petriano,Marche,43.7793,12.7321
61020,Ca' Gallo,Marche,43.8,12.6207
61020,Borgo Massano,Marche,43.825,12.6796
61020,Gallo,Marche,43.7864,12.7133
61020,Montecalvo In Foglia,Marche,43.811,12.6316
61020,Gallo Di Petriano,Marche,43.7864,12.7133
61020,Tavoleto,Marche,43.844,12.5942
61021,Carpegna,Marche,43.7811,12.3354
61021,Frontino,Marche,43.7646,12.3767
61022,Sant'Angelo In Lizzola,Marche,43.827,12.8008
61022,Vallefoglia,Marche,43.8356,12.7572
61022,Morciola,Marche,43.8358,12.7474
61022,Montecchio,Marche,43.85,12.7667
61022,Bottega,Marche,43.8452,12.75
61022,Colbordolo,Marche,43.8201,12.7211
61023,Macerata Feltria,Marche,43.8029,12.442
61023,Pietrarubbia,Marche,43.8029,12.442
61024,Mombaroccio,Marche,43.7951,12.8548
61024,Monteciccardo,Marche,43.8241,12.8034
61025,Montelabbate,Marche,43.8473,12.7876
61025,Osteria Nuova,Marche,43.8473,12.7876
61026,Belforte All'Isauro,Marche,43.7168,12.3757
61026,Lunano,Marche,43.7321,12.4433
61026,San Sisto,Marche,43.747,12.3522
61026,Piandimeleto,Marche,43.7232,12.4085
61026,Monastero,Marche,43.7617,12.3919
61028,Sassocorvaro,Marche,43.7827,12.4991
61028,Auditore,Marche,43.8212,12.5717
61028,Mercatale,Marche,43.7828,12.4848
61028,Caprazzino,Marche,43.7662,12.4586
61029,Pieve Di Cagna,Marche,43.7632,12.5625
61029,Trasanni,Marche,43.7541,12.6634
61029,Urbino,Marche,43.7262,12.6363
61029,Schieti,Marche,43.7838,12.6316
61029,Ponte In Foglia,Marche,43.7937,12.6193
61029,Castello Di Cavallino,Marche,43.7667,12.6
61029,Via Piana,Marche,43.7538,12.6292
61029,Gadana,Marche,43.7487,12.6219
61029,Castelcavallino,Marche,43.7538,12.6292
61029,Canavaccio,Marche,43.6938,12.6986
61030,Calcinelli,Marche,43.754,12.9196
61030,Cartoceto,Marche,43.7657,12.8835
61030,Serrungarina,Marche,43.7467,12.8749
61030,Montemaggiore Al Metauro,Marche,43.7367,12.9454
61030,Lucrezia,Marche,43.7731,12.94
61030,San Giorgio Di Pesaro,Marche,43.7225,12.9797
61030,Tavernelle,Marche,43.732,12.8835
61030,Monteguiduccio,Marche,43.7667,12.7667
61030,Montefelcino,Marche,43.7348,12.834
61030,Isola Del Piano,Marche,43.7378,12.7841
61030,Piagge,Marche,43.7338,12.9685
61030,Saltara,Marche,43.7525,12.8985
61030,Villanova,Marche,43.7393,12.9353
61032,Fano,Marche,43.8405,13.0167
61032,Fenile,Marche,43.8413,12.9675
61032,Bellocchi,Marche,43.7956,13.0056
61032,Cuccurano,Marche,43.7931,12.9593
61033,Fermignano,Marche,43.6931,12.6544
61034,Calmazzo,Marche,43.677,12.7503
61034,Isola Di Fano,Marche,43.6565,12.8477
61034,Fossombrone,Marche,43.6902,12.8117
61037,Marotta,Marche,43.7989,13.0945
61037,Centocroci,Marche,43.7444,13.1183
61037,Mondolfo,Marche,43.7453,13.1023
61038,Orciano Di Pesaro,Marche,43.6894,12.9721
61039,Cerasa,Marche,43.7535,13.0146
61039,San Costanzo,Marche,43.7672,13.0731
61040,Frontone,Marche,43.5148,12.7379
61040,Castelvecchio,Marche,43.699,13.0591
61040,Borgo Pace,Marche,43.6581,12.2932
61040,Lamoli,Marche,43.6232,12.2545
61040,Sorbolongo,Marche,43.6719,12.8946
61040,Serra Sant'Abbondio,Marche,43.4915,12.7741
61040,Barchi,Marche,43.6728,12.9282
61040,Fratte Rosa,Marche,43.6335,12.9024
61040,Sant'Andrea Di Suasa,Marche,43.6408,12.7759
61040,Mercatello Sul Metauro,Marche,43.6468,12.3362
61040,San Michele Al Fiume,Marche,43.6408,12.7759
61040,San Filippo Sul Cesano,Marche,43.6737,13.0173
61040,Mondavio,Marche,43.6747,12.966
61040,Sant'Ippolito,Marche,43.6797,12.8758
61040,Monte Porzio,Marche,43.6912,13.0469
61041,Abbadia Di Naro,Marche,43.6209,12.6564
61041,Petriccio,Marche,43.6137,12.6312
61041,Bellaria,Marche,43.6137,12.6312
61041,Pole,Marche,43.6137,12.6312
61041,Furlo,Marche,43.6373,12.7122
61041,Acqualagna,Marche,43.6261,12.676
61042,Serravalle Di Carda,Marche,43.543,12.495
61042,Apecchio,Marche,43.5591,12.4216
61043,Secchiano,Marche,43.5468,12.6051
61043,Acquaviva Marche,Marche,43.5452,12.6705
61043,Smirra,Marche,43.5825,12.6719
61043,Pianello,Marche,43.5039,12.7528
61043,Cagli,Marche,43.5477,12.6523
61044,Pontericcioli,Marche,43.4404,12.632
61044,Cantiano,Marche,43.4708,12.6287
61044,Chiaserna,Marche,43.4527,12.6653
61045,Bellisio Solfare,Marche,43.5226,12.8262
61045,Pergola,Marche,43.5549,12.8363
61045,Monterolo,Marche,43.5984,12.855
61046,Piobbico,Marche,43.5882,12.5096
61047,San Lorenzo In Campo,Marche,43.6015,12.944
61047,San Vito Sul Cesano,Marche,43.5952,12.8898
61048,Sant'Angelo In Vado,Marche,43.6653,12.4176
61049,Urbania,Marche,43.6683,12.5209
61049,Muraglione,Marche,43.6492,12.587
61100,Borgo Santa Maria,Marche,43.8758,12.8024
61100,Santa Maria Delle Fabrecce,Marche,43.8569,12.8916
61100,Villa Fastiggi,Marche,43.8807,12.8477
61100,Pesaro,Marche,43.9092,12.9164
61100,Pozzo Alto,Marche,43.8839,12.7857
61100,Ponte Del Colombarone,Marche,43.8569,12.8916
61100,Santa Veneranda,Marche,43.8807,12.8477
61100,Fiorenzuola Di Focara,Marche,43.9499,12.8224
61100,Cattabrighe,Marche,43.8807,12.8477
61100,Montegranaro,Marche,43.7,12.6726
61100,Case Bruciate,Marche,43.8959,12.83
61100,Muraglia,Marche,43.8569,12.8916
61100,Soria,Marche,43.8569,12.8916
61100,Villa San Martino,Marche,43.8569,12.8916
61100,San Pietro In Calibano,Marche,43.8569,12.8916
61100,Pantano,Marche,43.8569,12.8916
61100,Candelara,Marche,43.8574,12.8879
61100,Ginestreto,Marche,43.8309,12.8177
61100,Novilara,Marche,43.8584,12.9313
61100,Villa Ceccolini,Marche,43.8648,12.8361
61121,Pesaro,Marche,43.9092,12.9164
61122,Pesaro,Marche,43.9092,12.9164
86010,San Giovanni In Galdo,Molise,41.5911,14.752
86010,Busso,Molise,41.5541,14.561
86010,San Giuliano Del Sannio,Molise,41.4575,14.6417
86010,Campodipietra,Molise,41.5574,14.7444
86010,Gildone,Molise,41.509,14.7402
86010,Roccaspromonte,Molise,41.6012,14.5587
86010,Ferrazzano,Molise,41.5303,14.6722
86010,Mirabello Sannitico,Molise,41.5163,14.6732
86010,Casalciprano,Molise,41.5804,14.5283
86010,Oratino,Molise,41.586,14.5946
86010,Cercepiccola,Molise,41.4598,14.6649
86010,Tufara,Molise,41.482,14.9465
86010,Castropignano,Molise,41.6179,14.5586
86011,Baranello,Molise,41.5272,14.558
86012,Cercemaggiore,Molise,41.4613,14.724
86013,Gambatesa,Molise,41.5086,14.9124
86014,Guardiaregia,Molise,41.4344,14.5434
86015,Jelsi,Molise,41.517,14.7979
86016,Riccia,Molise,41.4831,14.8318
86017,Sepino,Molise,41.4078,14.6194
86018,Toro,Molise,41.5731,14.7618
86019,Vinchiaturo,Molise,41.4928,14.592
86020,Campochiaro,Molise,41.4483,14.5083
86020,San Polo Matese,Molise,41.4593,14.4934
86020,Castellino Del Biferno,Molise,41.7016,14.7318
86020,San Biase,Molise,41.7153,14.5905
86020,Sant'Angelo Limosano,Molise,41.6927,14.6035
86020,Molise,Molise,41.6315,14.4925
86020,Colle D'Anchise,Molise,41.5099,14.5187
86020,Roccavivara,Molise,41.8334,14.6001
86020,Fossalto,Molise,41.6729,14.5457
86020,Spinete,Molise,41.5443,14.4874
86020,Duronia,Molise,41.6579,14.4602
86020,Pietracupa,Molise,41.6825,14.5193
86021,Bojano,Molise,41.4853,14.4707
86021,Monteverde,Molise,41.4989,14.4857
86021,Castellone,Molise,41.4952,14.4466
86021,Monteverde Di Boiano,Molise,41.4931,14.4677
86021,Castellone Di Boiano,Molise,41.4931,14.4677
86022,Limosano,Molise,41.6755,14.6223
86023,Montagano,Molise,41.6454,14.6741
86024,Petrella Tifernina,Molise,41.6913,14.6975
86025,Ripalimosani,Molise,41.6106,14.6631
86026,Salcito,Molise,41.7464,14.5109
86027,San Massimo,Molise,41.4929,14.4102
86028,Torella Del Sannio,Molise,41.6388,14.5203
86029,Trivento,Molise,41.77,14.5461
86030,Lupara,Molise,41.7614,14.7339
86030,Mafalda,Molise,41.9431,14.7161
86030,Acquaviva Collecroce,Molise,41.8662,14.7473
86030,Montemitro,Molise,41.8881,14.6467
86030,Matrice,Molise,41.6188,14.7098
86030,San Giacomo Degli Schiavoni,Molise,41.9623,14.9448
86030,Guardialfiera,Molise,41.8042,14.7929
86030,Lucito,Molise,41.7319,14.6872
86030,Civitacampomarano,Molise,41.7803,14.6892
86030,San Felice Del Molise,Molise,41.89,14.7009
86030,Castelbottaccio,Molise,41.7533,14.7062
86030,Tavenna,Molise,41.909,14.7618
86031,Castelmauro,Molise,41.8285,14.7107
86032,Montecilfone,Molise,41.9016,14.8368
86033,Montefalcone Nel Sannio,Molise,41.8666,14.6382
86034,Guglionesi,Molise,41.9209,14.916
86035,Larino,Molise,41.8045,14.9184
86036,Montenero Di Bisaccia,Molise,41.9644,14.781
86037,Palata,Molise,41.8879,14.7878
86038,Petacciato,Molise,42.0083,14.8603
86038,Collecalcioni,Molise,42.0083,14.8603
86039,Termoli,Molise,41.9999,14.9939
86040,San Giuliano Di Puglia,Molise,41.688,14.9623
86040,Montorio Nei Frentani,Molise,41.7588,14.9331
86040,Macchia Valfortore,Molise,41.595,14.9117
86040,Ripabottoni Stazione,Molise,41.6791,14.8751
86040,Morrone Del Sannio,Molise,41.7111,14.7809
86040,Montelongo,Molise,41.7371,14.9503
86040,Campolieto,Molise,41.6334,14.7669
86040,Rotello,Molise,41.7478,15.0061
86040,Provvidenti,Molise,41.718,14.8235
86040,Monacilioni,Molise,41.6108,14.81
86040,Ripabottoni,Molise,41.69,14.8087
86040,Pietracatella,Molise,41.5806,14.873
86041,Bonefro,Molise,41.7051,14.9344
86042,Nuova Cliternia,Molise,41.8983,15.0757
86042,Lido Di Campomarino,Molise,41.9575,15.0526
86042,Campomarino,Molise,41.9569,15.0355
86043,Casacalenda,Molise,41.7382,14.8473
86044,Colletorto,Molise,41.6617,14.9677
86045,Portocannone,Molise,41.9144,15.0085
86046,San Martino In Pensilis,Molise,41.8781,15.0182
86047,Santa Croce Di Magliano,Molise,41.7122,14.9873
86048,Sant'Elia A Pianisi,Molise,41.6204,14.8752
86049,Ururi,Molise,41.8152,15.0161
86100,Santo Stefano,Molise,41.6127,14.6105
86100,Santo Stefano Di Campobasso,Molise,41.5861,14.6389
86100,Campobasso,Molise,41.5595,14.6674
86070,Conca Casale,Molise,41.4951,14.0068
86070,Roccaravindola Stazione,Molise,41.5725,14.1162
86070,Rocchetta A Volturno,Molise,41.6258,14.089
86070,Scapoli,Molise,41.6145,14.0593
86070,Rocchetta Nuova,Molise,41.6238,14.0857
86070,Macchia D'Isernia,Molise,41.5606,14.1702
86070,Taverna Ravindola,Molise,41.5228,14.1259
86070,Sant'Agapito Scalo,Molise,41.5611,14.2176
86070,Montaquila,Molise,41.565,14.1133
86070,Castelnuovo Al Volturno,Molise,41.6222,14.044
86070,Sant'Agapito,Molise,41.5437,14.222
86070,Fornelli,Molise,41.6068,14.1404
86070,Roccaravindola,Molise,41.5286,14.1201
86071,Pizzone,Molise,41.6733,14.0367
86071,Castel San Vincenzo,Molise,41.6554,14.0618
86072,Cupone,Molise,41.668,14.1108
86072,Cerro Al Volturno,Molise,41.6542,14.1032
86073,Colli A Volturno,Molise,41.6004,14.103
86074,Cerasuolo,Molise,41.5845,14.021
86074,Filignano,Molise,41.5458,14.0576
86075,Sant'Eusanio,Molise,41.5295,14.1506
86075,Monteroduni,Molise,41.5224,14.1764
86077,Pozzilli,Molise,41.5114,14.0625
86077,Santa Maria Oliveto,Molise,41.5228,14.1015
86078,Sesto Campano,Molise,41.4204,14.0778
86078,Selvotta,Molise,41.4195,14.0875
86078,Roccapipirozzi,Molise,41.4333,14.0333
86078,Campopino,Molise,41.432,14.0633
86078,Pianura,Molise,41.4263,14.0655
86079,Ceppagna,Molise,41.4629,14.0154
86079,Venafro,Molise,41.4827,14.0477
86080,Acquaviva D'Isernia,Molise,41.6713,14.1477
86080,Belmonte Del Sannio,Molise,41.8235,14.4233
86080,Castel Del Giudice,Molise,41.8549,14.2316
86080,Sant'Angelo Del Pesco,Molise,41.8819,14.2535
86080,Roccasicura,Molise,41.6968,14.2307
86080,Montenero Val Cocchiara,Molise,41.7168,14.0694
86080,Pescopennataro,Molise,41.8778,14.294
86080,Miranda,Molise,41.6443,14.2464
86080,Castelverrino,Molise,41.7671,14.3976
86081,Villa Canale,Molise,41.8002,14.4091
86081,Agnone,Molise,41.8104,14.3752
86082,Capracotta,Molise,41.8333,14.2658
86083,Castiglione,Molise,41.7258,14.3056
86083,Carovilli,Molise,41.7135,14.294
86084,Vandra,Molise,41.6667,14.2
86084,Forli' Del Sannio,Molise,41.6959,14.1795
86085,Pietrabbondante,Molise,41.7453,14.3848
86086,Poggio Sannita,Molise,41.7794,14.4149
86087,Rionero Sannitico,Molise,41.7122,14.1392
86088,San Pietro Avellana,Molise,41.7889,14.1832
86089,Villa San Michele,Molise,41.741,14.2359
86089,Vastogirardi,Molise,41.7746,14.2584
86089,Cerreto,Molise,41.7402,14.251
86090,Pastena,Molise,41.553,14.3239
86090,Pettoranello Del Molise,Molise,41.5733,14.2784
86090,Pesche,Molise,41.6055,14.2762
86090,Indiprete,Molise,41.546,14.3396
86090,Guasto,Molise,41.5577,14.3225
86090,Longano,Molise,41.522,14.2466
86090,Castelpizzuto,Molise,41.5213,14.292
86090,Castelpetroso,Molise,41.5603,14.3464
86091,Bagnoli Del Trigno,Molise,41.7022,14.4586
86092,Roccamandolfi,Molise,41.4958,14.3522
86092,Cantalupo Nel Sannio,Molise,41.5218,14.3929
86093,Carpinone,Molise,41.59,14.3244
86094,Civitanova Del Sannio,Molise,41.6683,14.4028
86095,San Pietro In Valle,Molise,41.6038,14.4821
86095,Sant'Elena Sannita,Molise,41.5752,14.4707
86095,Frosolone,Molise,41.6001,14.4458
86096,Santa Maria Del Molise,Molise,41.5529,14.3676
86096,Sant'Angelo In Grotte,Molise,41.5626,14.3723
86096,Macchiagodena,Molise,41.559,14.4105
86096,Incoronata,Molise,41.5534,14.4255
86097,Chiauci,Molise,41.6779,14.3839
86097,Sessano Del Molise,Molise,41.6393,14.3278
86097,Pescolanciano,Molise,41.6797,14.3366
86170,Castelromano,Molise,41.6187,14.1971
86170,Isernia,Molise,41.596,14.234
86170,Miranda,Molise,41.6443,14.2464
15010,Cavatore,Piemonte,44.631,8.4528
15010,Montaldo Bormida,Piemonte,44.6826,8.5878
15010,Merana,Piemonte,44.5188,8.2982
15010,Denice,Piemonte,44.5988,8.3331
15010,Gamalero,Piemonte,44.8085,8.5412
15010,Frascaro,Piemonte,44.8257,8.5313
15010,Montechiaro D'Acqui,Piemonte,44.5944,8.3786
15010,Rivalta Bormida,Piemonte,44.7097,8.5517
15010,Ponzone,Piemonte,44.5881,8.4593
15010,Morsasco,Piemonte,44.6653,8.5508
15010,Cremolino,Piemonte,44.6367,8.5858
15010,Melazzo,Piemonte,44.6439,8.4249
15010,Morbello,Piemonte,44.605,8.5107
15010,Prasco,Piemonte,44.6394,8.5517
15010,Alice Bel Colle,Piemonte,44.726,8.4507
15010,Terzo,Piemonte,44.6704,8.4216
15010,Orsara Bormida,Piemonte,44.6901,8.5627
15010,Pareto,Piemonte,44.5164,8.3818
15010,Castelletto D'Erro,Piemonte,44.626,8.3944
15010,Grognardo,Piemonte,44.6303,8.4926
15010,Ponti,Piemonte,44.6285,8.3646
15010,Visone,Piemonte,44.6618,8.5007
15010,Ricaldone,Piemonte,44.7323,8.4681
15010,Montechiaro Denice,Piemonte,44.6535,8.4694
15011,Moirano,Piemonte,44.6993,8.4415
15011,Acqui Terme,Piemonte,44.6755,8.4693
15012,Bistagno,Piemonte,44.6606,8.3716
15013,Borgoratto Alessandrino,Piemonte,44.8362,8.5385
15014,Cantalupo,Piemonte,44.8669,8.5529
15015,Cartosio,Piemonte,44.5902,8.4206
15015,Malvicino,Piemonte,44.5593,8.4131
15016,Cassine,Piemonte,44.7517,8.5287
15016,Gavonata,Piemonte,44.7783,8.5343
15016,Caranzano,Piemonte,44.7197,8.5163
15017,Castelnuovo Bormida,Piemonte,44.7424,8.5506
15018,Spigno Monferrato,Piemonte,44.5431,8.3339
15019,Strevi,Piemonte,44.6999,8.5247
15020,Odalengo Piccolo,Piemonte,45.0717,8.206
15020,Zanco,Piemonte,45.055,8.1632
15020,San Giorgio Monferrato,Piemonte,45.1074,8.4161
15020,Murisengo,Piemonte,45.0817,8.1355
15020,San Giorgio,Piemonte,45.1078,8.4142
15020,Villamiroglio,Piemonte,45.1346,8.171
15020,Odalengo Grande,Piemonte,45.1092,8.1675
15020,Serralunga Di Crea,Piemonte,45.1011,8.2807
15020,Gabiano,Piemonte,45.1571,8.1947
15020,Solonghello,Piemonte,45.1291,8.2832
15020,Villadeati,Piemonte,45.0723,8.1679
15020,Camino,Piemonte,45.1572,8.2938
15020,Vallegioliti,Piemonte,45.1425,8.1611
15020,Ponzano Monferrato,Piemonte,45.0849,8.2655
15020,Cantavenna,Piemonte,45.155,8.2186
15020,Valle Cerrina,Piemonte,45.1148,8.2119
15020,Mombello Monferrato,Piemonte,45.1329,8.2503
15020,Pozzengo,Piemonte,45.1367,8.2377
15020,Castelletto Merli,Piemonte,45.074,8.2401
15020,Casalbagliano,Piemonte,44.8973,8.5674
15020,Moncestino,Piemonte,45.1547,8.1614
15020,Cerrina Monferrato,Piemonte,45.0993,8.2551
15020,Cereseto,Piemonte,45.0868,8.3182
15020,Villa Del Foro,Piemonte,44.8869,8.5305
15020,Montalero,Piemonte,45.1044,8.1909
15020,Varengo,Piemonte,45.1329,8.1906
15020,Castel San Pietro Monferrato,Piemonte,45.0993,8.2551
15020,Lussello,Piemonte,45.0605,8.1781
15020,Castel San Pietro,Piemonte,45.1582,8.2676
15020,Brusaschetto,Piemonte,45.1701,8.2642
15020,Casalino Di Mombello,Piemonte,45.1029,8.2487
15021,Alfiano Natta,Piemonte,45.0486,8.2073
15021,Sanico,Piemonte,45.0398,8.2199
15021,Cardona,Piemonte,45.0543,8.1916
15022,Bergamasco,Piemonte,44.8272,8.4547
15023,Felizzano,Piemonte,44.8993,8.4358
15024,Masio,Piemonte,44.8696,8.4077
15024,Abbazia,Piemonte,44.8284,8.6632
15025,Morano Sul Po,Piemonte,45.1662,8.3667
15026,Oviglio,Piemonte,44.8612,8.4877
15026,Carentino,Piemonte,44.8288,8.4713
15027,Pontestura,Piemonte,45.1425,8.3332
15028,Piepasso,Piemonte,44.9239,8.3855
15028,Quattordio,Piemonte,44.8988,8.405
15029,Solero,Piemonte,44.9184,8.5075
15030,Sala Monferrato,Piemonte,45.0755,8.3612
15030,Treville,Piemonte,45.0969,8.3595
15030,Olivola,Piemonte,45.0373,8.3678
15030,Terruggia,Piemonte,45.082,8.4443
15030,Villanova Monferrato,Piemonte,45.1811,8.4781
15030,Camagna Monferrato,Piemonte,45.0177,8.4297
15030,Stevani,Piemonte,45.0604,8.4028
15030,Conzano,Piemonte,45.0201,8.4555
15030,Rosignano Monferrato,Piemonte,45.0806,8.3997
15030,San Maurizio,Piemonte,45.0485,8.4666
15030,San Martino,Piemonte,45.0646,8.416
15030,Coniolo,Piemonte,45.0695,8.4165
15031,Balzola,Piemonte,45.1836,8.4028
15032,Borgo San Martino,Piemonte,45.0926,8.5237
15033,Santa Maria Del Tempio,Piemonte,45.1181,8.5028
15033,Terranova,Piemonte,45.1641,8.524
15033,Terranova Monferrato,Piemonte,45.1641,8.524
15033,Roncaglia,Piemonte,45.0513,8.4462
15033,Casale Monferrato,Piemonte,45.1334,8.4525
15033,Popolo,Piemonte,45.1636,8.4494
15033,San Germano,Piemonte,44.8284,8.6632
15033,Pozzo Sant'Evasio,Piemonte,45.1636,8.4494
15034,Cella Monte,Piemonte,45.0741,8.3915
15035,Frassinello Monferrato,Piemonte,45.0332,8.3867
15036,Giarole,Piemonte,45.0615,8.5673
15037,Cuccaro Monferrato,Piemonte,44.9937,8.4575
15037,Lu,Piemonte,45.0018,8.4856
15038,Ottiglio,Piemonte,45.0543,8.3398
15039,Ozzano Monferrato,Piemonte,45.1059,8.3724
15040,Pietra Marazzi,Piemonte,44.9427,8.6685
15040,Rivarone,Piemonte,44.9769,8.7156
15040,Bozzole,Piemonte,45.0693,8.6056
15040,Valmacca,Piemonte,45.101,8.5838
15040,Mirabello Monferrato,Piemonte,45.035,8.5239
15040,Occimiano,Piemonte,45.0599,8.5067
15040,Valmadonna,Piemonte,44.9744,8.6115
15040,Castelletto Monferrato,Piemonte,44.9812,8.5645
15040,Giardinetto,Piemonte,44.9683,8.549
15040,Pecetto Di Valenza,Piemonte,44.989,8.67
15040,Alluvioni Cambio',Piemonte,45.0013,8.7951
15040,Piovera,Piemonte,44.9585,8.7359
15040,Montecastello,Piemonte,44.9495,8.6857
15040,Valle San Bartolomeo,Piemonte,44.9502,8.6404
15040,Pomaro Monferrato,Piemonte,45.0625,8.596
15040,Frassineto Po,Piemonte,45.1327,8.5352
15040,Ticineto,Piemonte,45.0963,8.5531
15040,San Michele,Piemonte,44.9284,8.5798
15040,Grava,Piemonte,44.9805,8.7596
15040,Pavone D'Alessandria,Piemonte,44.9333,8.6667
15041,Altavilla Monferrato,Piemonte,44.9936,8.3759
15041,Franchini,Piemonte,44.9644,8.388
15042,Bassignana,Piemonte,45.0011,8.7329
15042,Fiondi,Piemonte,44.9742,8.6867
15042,Mugarone,Piemonte,45.0086,8.705
15043,Fubine,Piemonte,44.963,8.4281
15044,Quargnento,Piemonte,44.9457,8.4882
15045,Sale,Piemonte,44.9793,8.8096
15046,San Salvatore Monferrato,Piemonte,44.9949,8.5664
15048,Monte,Piemonte,45.0542,8.6081
15048,Valenza,Piemonte,45.0124,8.6438
15048,Villabella,Piemonte,45.0397,8.5719
15049,Vignale Monferrato,Piemonte,45.01,8.397
15050,Sant'Agata Fossili,Piemonte,44.7848,8.9212
15050,Avolasca,Piemonte,44.8032,8.9655
15050,Montegioco,Piemonte,44.8421,8.9628
15050,Montacuto,Piemonte,44.7665,9.105
15050,Pozzol Groppo,Piemonte,44.8781,9.0299
15050,Guazzora,Piemonte,45.0139,8.8482
15050,Isola Sant'Antonio,Piemonte,45.0302,8.8493
15050,Cerreto Grue,Piemonte,44.8426,8.9304
15050,Spineto Scrivia,Piemonte,44.8374,8.8738
15050,Paderna,Piemonte,44.8215,8.8909
15050,Villalvernia,Piemonte,44.8139,8.8553
15050,Castellar Guidobono,Piemonte,44.9048,8.9483
15050,Alzano Scrivia,Piemonte,45.0181,8.8806
15050,Garbagna,Piemonte,44.7805,8.9979
15050,Brignano Frascata,Piemonte,44.8679,8.9372
15050,Berzano Di Tortona,Piemonte,44.8767,8.9511
15050,Villaromagnano,Piemonte,44.8497,8.8878
15050,Casasco,Piemonte,44.8273,9.0057
15050,Carbonara Scrivia,Piemonte,44.8492,8.8698
15050,Molino Dei Torti,Piemonte,45.0243,8.8936
15050,Volpeglino,Piemonte,44.893,8.9595
15050,Costa Vescovato,Piemonte,44.8162,8.927
15050,Momperone,Piemonte,44.8385,9.0343
15050,Sarezzano,Piemonte,44.8688,8.9124
15050,Montemarzino,Piemonte,44.8484,8.9937
15051,Castellania,Piemonte,44.7985,8.9304
15051,Carezzano,Piemonte,44.7985,8.9304
15052,Casalnoceto,Piemonte,44.9133,8.9838
15053,Castelnuovo Scrivia,Piemonte,44.9793,8.8825
15054,Caldirola,Piemonte,44.7274,9.1486
15054,Garadassi,Piemonte,44.7543,9.1539
15054,Fabbrica Curone,Piemonte,44.785,9.1476
15055,Pontecurone,Piemonte,44.9588,8.9329
15056,Gremiasco,Piemonte,44.7963,9.1069
15056,San Sebastiano Curone,Piemonte,44.7863,9.0645
15056,Dernice,Piemonte,44.7666,9.05
15057,Rivalta Scrivia,Piemonte,44.8546,8.8268
15057,Tortona,Piemonte,44.8978,8.8637
15057,Castellar Ponzano,Piemonte,44.8289,8.8528
15057,Torre Garofoli,Piemonte,44.8928,8.803
15057,Passalacqua,Piemonte,44.8685,8.8366
15058,Viguzzolo,Piemonte,44.9057,8.9197
15059,Monleale,Piemonte,44.8844,8.974
15059,Volpedo,Piemonte,44.8889,8.9862
15060,Cuquello,Piemonte,44.7537,8.9067
15060,Sardigliano,Piemonte,44.7524,8.8958
15060,Cabella Ligure,Piemonte,44.6749,9.0961
15060,Rocchetta Ligure,Piemonte,44.7066,9.0505
15060,Persi,Piemonte,44.7333,8.9667
15060,Montaldeo,Piemonte,44.6671,8.7302
15060,Borghetto Di Borbera,Piemonte,44.7295,8.9435
15060,Basaluzzo,Piemonte,44.7689,8.7048
15060,Tassarolo,Piemonte,44.7281,8.7716
15060,Castagnola Di Fraconalto,Piemonte,44.5977,8.8915
15060,Mongiardino Ligure,Piemonte,44.6344,9.0646
15060,Voltaggio,Piemonte,44.6209,8.8427
15060,Cantalupo Ligure,Piemonte,44.7181,9.0457
15060,Carrosio,Piemonte,44.6578,8.8313
15060,Capriata D'Orba,Piemonte,44.7278,8.6908
15060,Parodi Ligure,Piemonte,44.6697,8.7587
15060,San Cristoforo,Piemonte,44.693,8.7494
15060,Torre De' Ratti,Piemonte,44.6886,8.8785
15060,Carrega Ligure,Piemonte,44.6188,9.1756
15060,Castagnola,Piemonte,44.5977,8.8915
15060,Vignole Borbera,Piemonte,44.7082,8.8903
15060,Albera Ligure,Piemonte,44.7016,9.0672
15060,Grondona,Piemonte,44.6964,8.9655
15060,Cosola Di Cabella,Piemonte,44.6886,8.8785
15060,Bosio,Piemonte,44.6497,8.7929
15060,Stazzano,Piemonte,44.7273,8.8685
15060,Pasturana,Piemonte,44.7508,8.7493
15060,Castelletto D'Orba,Piemonte,44.6845,8.704
15060,Roccaforte Ligure,Piemonte,44.6778,9.028
15060,Francavilla Bisio,Piemonte,44.7346,8.7313
15060,Silvano D'Orba,Piemonte,44.6858,8.6718
15060,Fraconalto,Piemonte,44.591,8.8785
15061,Arquata Scrivia,Piemonte,44.6883,8.8868
15062,Bosco Marengo,Piemonte,44.8237,8.6801
15062,Donna,Piemonte,44.819,8.7146
15062,Pollastra,Piemonte,44.8467,8.7734
15063,Cassano Spinola,Piemonte,44.7656,8.8623
15063,Gavazzana,Piemonte,44.7759,8.886
15064,Fresonara,Piemonte,44.7829,8.6861
15065,Frugarolo,Piemonte,44.8392,8.6816
15066,Gavi,Piemonte,44.6863,8.8072
15067,Merella,Piemonte,44.7916,8.8289
15067,Novi Ligure,Piemonte,44.7625,8.787
15068,Pozzolo Formigaro,Piemonte,44.7993,8.7836
15069,Serravalle Scrivia,Piemonte,44.7228,8.8564
15070,Belforte Monferrato,Piemonte,44.625,8.6613
15070,Bandita,Piemonte,44.5793,8.5527
15070,Trisobbio,Piemonte,44.6606,8.5862
15070,Casaleggio Boiro,Piemonte,44.6335,8.7305
15070,Tagliolo Monferrato,Piemonte,44.6383,8.6659
15070,Mongiardino,Piemonte,44.6285,8.681
15070,Villa Botteri,Piemonte,44.6553,8.6076
15070,Cassinelle,Piemonte,44.6514,8.6424
15070,Castelspina,Piemonte,44.8061,8.5831
15070,Lerma,Piemonte,44.6358,8.7132
15071,Carpeneto,Piemonte,44.6783,8.6055
15072,Casal Cermelli,Piemonte,44.8349,8.6249
15072,Portanova,Piemonte,44.8349,8.6249
15073,Castellazzo Bormida,Piemonte,44.8435,8.579
15074,Molare,Piemonte,44.6181,8.5996
15075,Mornese,Piemonte,44.6392,8.7562
15076,Gnocchetto,Piemonte,44.5848,8.6636
15076,Ovada,Piemonte,44.6373,8.642
15077,Castelferro,Piemonte,44.7572,8.6204
15077,Predosa,Piemonte,44.7505,8.6557
15078,Rocca Grimalda,Piemonte,44.6714,8.6485
15079,Sezzadio,Piemonte,44.7848,8.5725
15100,Litta Parodi,Piemonte,44.8734,8.7125
15100,Castelceriolo,Piemonte,44.9172,8.6938
15100,Spinetta Marengo,Piemonte,44.8855,8.6775
15100,Cascinagrossa,Piemonte,44.8734,8.7125
15100,San Giuliano Vecchio,Piemonte,44.889,8.7606
15100,Cristo,Piemonte,44.8941,8.7103
15100,Alessandria,Piemonte,44.9092,8.6101
15100,Mandrogne,Piemonte,44.8631,8.7468
15100,Orti,Piemonte,44.8941,8.7103
15100,Lobbi,Piemonte,44.9298,8.7184
15100,San Giuliano Nuovo,Piemonte,44.9061,8.7609
15121,Alessandria,Piemonte,44.9092,8.6101
14010,Dusino,Piemonte,44.9257,7.9717
14010,Antignano,Piemonte,44.8453,8.1349
14010,San Martino Alfieri,Piemonte,44.8179,8.1099
14010,Montegrosso Di Cinaglio,Piemonte,44.8872,8.0475
14010,Dusino San Michele,Piemonte,44.8872,8.0475
14010,Cantarana,Piemonte,44.9024,8.0275
14010,Cisterna D'Asti,Piemonte,44.8253,8.0008
14010,Revigliasco D'Asti,Piemonte,44.8575,8.1604
14010,Cellarengo,Piemonte,44.8643,7.9453
14010,Celle Enomondo,Piemonte,44.8568,8.1237
14010,San Matteo,Piemonte,44.8207,8.0132
14010,Cortazzone,Piemonte,44.9791,8.0612
14010,San Paolo Solbrito,Piemonte,44.9506,7.9707
14010,Viale,Piemonte,45.0001,8.0499
14011,Baldichieri D'Asti,Piemonte,44.9059,8.0916
14012,Ferrere,Piemonte,44.8761,7.9942
14013,Monale,Piemonte,44.9375,8.0724
14013,Cortandone,Piemonte,44.9591,8.0584
14013,Castellero,Piemonte,44.9253,8.0738
14014,Montafia,Piemonte,44.9892,8.0246
14014,Capriglio,Piemonte,45.0035,8.0089
14015,San Pietro,Piemonte,44.8633,8.0403
14015,San Damiano D'Asti,Piemonte,44.8334,8.0635
14016,Pratomorone,Piemonte,44.8714,8.0836
14016,Tigliole,Piemonte,44.8862,8.0766
14017,Valfenera,Piemonte,44.9017,7.9643
14018,Roatto,Piemonte,44.952,8.0269
14018,Villafranca D'Asti,Piemonte,44.9154,8.0266
14018,Maretto,Piemonte,44.9448,8.0341
14019,Villanova D'Asti,Piemonte,44.943,7.9367
14019,Villanova D'Asti Stazione,Piemonte,44.9622,7.9493
14020,Pino D'Asti,Piemonte,45.0575,7.9862
14020,Berzano Di San Pietro,Piemonte,45.0942,7.9535
14020,Cossombrato,Piemonte,44.9898,8.139
14020,Piea,Piemonte,45.0271,8.0715
14020,Passerano,Piemonte,45.0566,8.0184
14020,Soglio,Piemonte,44.9962,8.0784
14020,Camerano Casasco,Piemonte,44.9916,8.091
14020,Settime,Piemonte,44.9617,8.1143
14020,Cinaglio,Piemonte,44.9752,8.1
14020,Aramengo,Piemonte,45.1009,8
14020,Passerano Marmorito,Piemonte,45.0558,8.0187
14020,Corsione,Piemonte,45.001,8.1452
14020,Marmorito,Piemonte,45.0694,8.0205
14020,Villa San Secondo,Piemonte,45.0051,8.1346
14020,Serravalle D'Asti,Piemonte,45.0338,8.0609
14020,Schierano,Piemonte,45.0584,7.9983
14020,Cortanze,Piemonte,45.014,8.0888
14020,Robella,Piemonte,45.1017,8.1019
14020,Cerreto D'Asti,Piemonte,45.0521,8.0351
14021,Buttigliera D'Asti,Piemonte,45.0217,7.951
14022,Becchi,Piemonte,45.0109,7.9895
14022,Castelnuovo Don Bosco,Piemonte,45.0408,7.9639
14022,Albugnano,Piemonte,45.0776,7.9711
14022,Mondonio San Domenico Savio,Piemonte,45.0431,7.9749
14023,Moransengo,Piemonte,45.1149,8.0252
14023,Cocconito Vignaretto,Piemonte,45.1033,8.0414
14023,Tonengo,Piemonte,45.1177,8.0021
14023,Cocconato,Piemonte,45.0864,8.0402
14023,Cocconito,Piemonte,45.1033,8.0414
14024,Moncucco Torinese,Piemonte,45.0674,7.9325
14025,Chiusano D'Asti,Piemonte,44.9866,8.1185
14025,Montechiaro D'Asti,Piemonte,45.007,8.1129
14026,Colcavagno,Piemonte,45.0368,8.1197
14026,Montiglio Monferrato,Piemonte,45.0487,8.0996
14026,Piova' Massaia,Piemonte,45.0551,8.0501
14026,Montiglio,Piemonte,45.0646,8.0988
14026,Scandeluzza,Piemonte,45.0466,8.1339
14026,Cunico,Piemonte,45.0405,8.0955
14030,Cerro Tanaro,Piemonte,44.8733,8.3587
14030,Penango,Piemonte,45.033,8.2517
14030,Rocchetta Tanaro,Piemonte,44.8586,8.3456
14030,Scurzolengo,Piemonte,44.9648,8.2791
14030,Montemagno,Piemonte,44.9831,8.3253
14030,Valenzani,Piemonte,44.9398,8.2988
14030,Azzano D'Asti,Piemonte,44.8734,8.2668
14030,Accorneri,Piemonte,44.9398,8.2988
14030,Rocca D'Arazzo,Piemonte,44.872,8.2846
14030,Frinco,Piemonte,45.004,8.1719
14030,Refrancore,Piemonte,44.9363,8.3408
14030,Viarigi,Piemonte,44.9806,8.3571
14030,Castagnole Monferrato,Piemonte,44.9586,8.3051
14031,Calliano,Piemonte,45.008,8.2566
14031,Grana,Piemonte,44.9984,8.2994
14031,San Desiderio,Piemonte,44.9918,8.2804
14032,Casorzo,Piemonte,45.0216,8.3384
14033,Callianetto,Piemonte,44.9646,8.1941
14033,Castell'Alfero Stazione,Piemonte,44.9748,8.2086
14033,Castell'Alfero,Piemonte,44.9851,8.2231
14034,Monfallito,Piemonte,44.9029,8.3196
14034,Castello Di Annone,Piemonte,44.8794,8.317
14035,Grazzano Badoglio,Piemonte,45.04,8.311
14036,Moncalvo,Piemonte,45.0506,8.2628
14037,Migliandolo,Piemonte,44.9327,8.2843
14037,Portacomaro,Piemonte,44.9567,8.258
14037,Castiglione D'Asti,Piemonte,44.9447,8.2712
14039,Tonco,Piemonte,45.0234,8.1894
14040,Vigliano D'Asti,Piemonte,44.834,8.2291
14040,Cortiglione,Piemonte,44.8222,8.358
14040,Castelletto Molina,Piemonte,44.7512,8.4332
14040,Montabone,Piemonte,44.6987,8.3906
14040,Mongardino,Piemonte,44.8491,8.2191
14040,Castelnuovo Calcea,Piemonte,44.7869,8.2842
14040,Vinchio,Piemonte,44.8109,8.3209
14040,Quaranti,Piemonte,44.7509,8.4491
14040,Maranzana,Piemonte,44.7603,8.4784
14040,Belveglio,Piemonte,44.8301,8.3286
14040,Castel Boglione,Piemonte,44.7219,8.3799
14041,Agliano,Piemonte,44.7916,8.2512
14041,Agliano Terme,Piemonte,44.7902,8.2504
14042,Calamandrana,Piemonte,44.7377,8.3373
14042,Rocchetta Palafea,Piemonte,44.7074,8.3453
14043,Castelnuovo Belbo,Piemonte,44.8011,8.4124
14044,Fontanile,Piemonte,44.7529,8.4213
14044,Castel Rocchero,Piemonte,44.7183,8.4153
14045,Madonna,Piemonte,44.8674,8.2826
14045,Incisa Scapaccino,Piemonte,44.808,8.3758
14045,Ghiare,Piemonte,44.8077,8.374
14046,Bazzana,Piemonte,44.7773,8.402
14046,Bruno,Piemonte,44.7926,8.4397
14046,Mombaruzzo,Piemonte,44.7714,8.4482
14047,Mombercelli,Piemonte,44.8178,8.2947
14048,Montegrosso D'Asti,Piemonte,44.8206,8.2375
14048,Montaldo Scarampi,Piemonte,44.8303,8.259
14048,Montegrosso D'Asti Stazione,Piemonte,44.8255,8.2483
14049,Vaglio Serra,Piemonte,44.7963,8.3389
14049,Nizza Monferrato,Piemonte,44.7742,8.3578
14050,Roccaverano,Piemonte,44.5922,8.2721
14050,Cessole,Piemonte,44.6488,8.2444
14050,Motta Di Costigliole,Piemonte,44.8106,8.1474
14050,Mombaldone,Piemonte,44.5702,8.333
14050,Serole,Piemonte,44.554,8.2597
14050,Olmo Gentile,Piemonte,44.5857,8.2469
14050,Moasca,Piemonte,44.7635,8.2783
14050,Cassinasco,Piemonte,44.6898,8.3034
14050,San Marzano Oliveto,Piemonte,44.7544,8.2953
14051,Loazzolo,Piemonte,44.669,8.2584
14051,Bubbio,Piemonte,44.6634,8.2951
14052,Calosso,Piemonte,44.7399,8.2271
14053,Canelli,Piemonte,44.7208,8.2928
14053,Sant'Antonio Di Canelli,Piemonte,44.7325,8.2709
14053,Canelli Recapito Gancia,Piemonte,44.7286,8.2782
14053,Sant'Antonio,Piemonte,44.7325,8.2709
14054,Castagnole Delle Lanze,Piemonte,44.7499,8.1497
14054,Coazzolo,Piemonte,44.7282,8.1451
14054,San Bartolomeo Lanze,Piemonte,44.7472,8.1392
14054,Olmo,Piemonte,44.7554,8.1311
14054,Olmo Di Castagnole Lanze,Piemonte,44.7554,8.1311
14055,Boglietto,Piemonte,44.7605,8.2003
14055,Costigliole D'Asti,Piemonte,44.7852,8.1841
14055,Motta,Piemonte,44.8106,8.1474
14057,Piano,Piemonte,44.8325,8.1805
14057,Molini D'Isola,Piemonte,44.8319,8.1807
14057,Isola D'Asti,Piemonte,44.8331,8.1802
14058,Sessame,Piemonte,44.6706,8.3368
14058,Monastero Bormida,Piemonte,44.6485,8.3266
14059,San Giorgio Scarampi,Piemonte,44.6109,8.2424
14059,Vesime,Piemonte,44.6353,8.2268
14100,Asti,Piemonte,44.9016,8.2075
14100,Revignano,Piemonte,44.8909,8.1442
14100,Valleandona,Piemonte,44.9124,8.116
14100,Sessant,Piemonte,44.9278,8.1599
14100,Casabianca,Piemonte,44.9173,8.1394
14100,Quarto D'Asti,Piemonte,44.9083,8.2872
14100,Castiglione,Piemonte,44.9321,8.2572
14100,Vaglierano,Piemonte,44.8724,8.1379
14100,San Marzanotto,Piemonte,44.8634,8.2158
14100,Montemarzo D'Asti,Piemonte,44.9182,8.1831
14100,Viatosto,Piemonte,44.9254,8.1868
14100,Montegrosso,Piemonte,44.9437,8.0948
14100,Mombarone,Piemonte,44.9684,8.1362
14100,Stazione Di Portacomaro,Piemonte,44.9569,8.2227
14100,Poggio D'Asti,Piemonte,44.9182,8.1831
14100,Valgera,Piemonte,44.9182,8.1831
14100,Valletanaro,Piemonte,44.9182,8.1831
14100,Serravalle,Piemonte,44.9483,8.1456
14100,Variglie,Piemonte,44.9182,8.1831
14100,Montemarzo,Piemonte,44.8654,8.2554
14100,Portacomaro Stazione,Piemonte,44.9569,8.2227
13811,Andorno Micca,Piemonte,45.6221,8.0517
13811,Tavigliano,Piemonte,45.6221,8.0517
13812,Campiglia Cervo,Piemonte,45.6629,7.9997
13812,Montesinaro,Piemonte,45.687,7.9658
13812,Quittengo,Piemonte,45.6568,8.011
13812,Piedicavallo,Piemonte,45.6899,7.9548
13812,Balma,Piemonte,45.6474,8.0173
13812,Balma Biellese,Piemonte,45.6662,7.9931
13812,San Paolo Cervo,Piemonte,45.6533,8.01
13814,Pollone,Piemonte,45.5798,8.0059
13815,Rosazza,Piemonte,45.6758,7.9771
13816,Miagliano,Piemonte,45.6135,8.0447
13816,Sagliano Micca,Piemonte,45.6258,8.0433
13817,Sordevolo,Piemonte,45.5735,7.9734
13818,Tollegno,Piemonte,45.5908,8.0509
13821,Callabiana,Piemonte,45.6442,8.0997
13821,Pianezze,Piemonte,45.5823,8.0948
13821,Camandona,Piemonte,45.6442,8.0997
13822,Pistolesa,Piemonte,45.6501,8.1376
13823,Fontanella Ozino,Piemonte,45.6196,8.1693
13823,Strona,Piemonte,45.6312,8.1202
13824,Veglio,Piemonte,45.6406,8.1141
13825,Campore,Piemonte,45.5823,8.0948
13825,Crocemosso,Piemonte,45.6436,8.1536
13831,Mezzana Mortigliengo,Piemonte,45.6266,8.1895
13833,Portula,Piemonte,45.6751,8.1724
13835,Bulliana,Piemonte,45.6602,8.1533
13835,Botto,Piemonte,45.6424,8.1076
13835,Vico,Piemonte,45.6602,8.1533
13835,Trivero,Piemonte,45.6605,8.174
13835,Ponzone,Piemonte,45.6605,8.174
13835,Soprana,Piemonte,45.6395,8.1989
13835,Pratrivero,Piemonte,45.6639,8.1818
13835,Valle Mosso,Piemonte,45.6307,8.1476
13835,Mosso,Piemonte,45.6501,8.1376
13835,Giardino,Piemonte,45.6545,8.1605
13836,Cossato,Piemonte,45.5703,8.1847
13836,Aglietti,Piemonte,45.5514,8.1861
13836,Ponte Guelpa,Piemonte,45.5514,8.1861
13836,Castellengo,Piemonte,45.5325,8.1874
13841,Bioglio,Piemonte,45.6152,8.136
13841,Selve Marcone,Piemonte,45.6198,8.0874
13843,Pettinengo,Piemonte,45.6131,8.1042
13843,Vaglio,Piemonte,45.6036,8.0798
13844,Ternengo,Piemonte,45.589,8.1137
13844,Piatto,Piemonte,45.5899,8.1353
13845,Ronco Biellese,Piemonte,45.5785,8.0907
13847,Vallanzengo,Piemonte,45.6033,8.1504
13847,Valle San Nicolao,Piemonte,45.6071,8.141
13848,Zumaglia,Piemonte,45.5939,8.0894
13851,Castelletto Cervo,Piemonte,45.5214,8.2254
13853,Capovilla,Piemonte,45.5949,8.1967
13853,Castello,Piemonte,45.4167,8.0667
13853,Crosa,Piemonte,45.573,8.2114
13853,Lessona,Piemonte,45.5869,8.1943
13854,Cerreto Castello,Piemonte,45.5645,8.1608
13854,Quaregna,Piemonte,45.5812,8.1637
13855,Valdengo,Piemonte,45.5671,8.1383
13856,Vigliano Biellese,Piemonte,45.5632,8.1051
13856,Villaggi,Piemonte,45.5632,8.1051
13861,Ailoche,Piemonte,45.6981,8.2213
13862,Brusnengo,Piemonte,45.5901,8.2522
13863,Coggiola,Piemonte,45.6864,8.1825
13864,Caprile,Piemonte,45.5823,8.0948
13864,Crevacuore,Piemonte,45.6855,8.244
13865,Curino,Piemonte,45.6272,8.2362
13866,Casapinta,Piemonte,45.6157,8.1959
13866,Masserano,Piemonte,45.5954,8.222
13867,Pray,Piemonte,45.6751,8.2095
13867,Flecchia,Piemonte,45.6699,8.194
13867,Pianceri Alto,Piemonte,45.6808,8.2166
13868,Sostegno,Piemonte,45.6529,8.2698
13868,Villa Del Bosco,Piemonte,45.6167,8.2778
13871,Benna,Piemonte,45.5153,8.1241
13871,Verrone,Piemonte,45.5082,8.1151
13872,Borriana,Piemonte,45.5078,8.0386
13873,Massazza,Piemonte,45.4918,8.1649
13874,Gifflenga,Piemonte,45.4931,8.2322
13874,Mottalciata,Piemonte,45.5002,8.2107
13875,Ponderano,Piemonte,45.5385,8.0559
13876,Sandigliano,Piemonte,45.522,8.0766
13877,Villanova Biellese,Piemonte,45.4816,8.1943
13878,Candelo,Piemonte,45.5409,8.1066
13881,Dorzano,Piemonte,45.4261,8.0985
13881,Cavaglia',Piemonte,45.406,8.0916
13882,Cerrione,Piemonte,45.4693,8.0684
13882,Vergnasco,Piemonte,45.488,8.0855
13882,Magnonevolo,Piemonte,45.4728,8.0923
13883,Roppolo,Piemonte,45.4206,8.0697
13884,Torrazzo,Piemonte,45.4987,7.9543
13884,Sala Biellese,Piemonte,45.5086,7.958
13885,Salussola,Piemonte,45.4467,8.111
13885,Vigellio,Piemonte,45.4611,8.1155
13885,Brianco,Piemonte,45.4252,8.1413
13886,Viverone,Piemonte,45.4273,8.0494
13887,Magnano,Piemonte,45.4634,8.003
13887,Zimone,Piemonte,45.4491,8.0373
13888,Ceresane,Piemonte,45.5243,8.0071
13888,Mongrando,Piemonte,45.5283,8.0071
13888,Curanuova,Piemonte,45.5243,8.0071
13888,Zubiena,Piemonte,45.4927,7.9955
13891,Camburzano,Piemonte,45.5439,8.0023
13893,Donato,Piemonte,45.5263,7.9096
13894,Gaglianico,Piemonte,45.5372,8.0784
13895,Graglia Santuario,Piemonte,45.5621,7.9614
13895,Graglia,Piemonte,45.558,7.979
13895,Graglia Bagni,Piemonte,45.5603,7.9764
13895,Muzzano,Piemonte,45.5608,7.9889
13896,Netro,Piemonte,45.54,7.947
13897,Occhieppo Inferiore,Piemonte,45.5501,8.021
13898,Occhieppo Superiore,Piemonte,45.564,8.0062
13899,Pralungo,Piemonte,45.59,8.0398
13900,Biella,Piemonte,45.563,8.058
13900,Oropa,Piemonte,45.6281,7.9784
13900,Chiavazza,Piemonte,45.5833,8.0667
13900,Vandorno,Piemonte,45.5931,8.0275
13900,Barazzetto,Piemonte,45.5931,8.0275
13900,Favaro,Piemonte,45.598,8.0069
13900,Cossila,Piemonte,45.5931,8.0275
13900,Pavignano,Piemonte,45.5931,8.0275
12010,Pietraporzio,Piemonte,44.3437,7.0353
12010,Santa Croce Cervasca,Piemonte,44.3404,7.3294
12010,Valdieri,Piemonte,44.2776,7.3976
12010,Argentera,Piemonte,44.3962,6.9382
12010,Pianche,Piemonte,44.3024,7.1144
12010,Bernezzo,Piemonte,44.3853,7.4363
12010,Cervasca,Piemonte,44.3809,7.4712
12010,Valloriate,Piemonte,44.3376,7.3739
12010,Santa Croce,Piemonte,44.5392,7.8569
12010,Sant'Anna,Piemonte,44.3715,7.4135
12010,Bagni Di Vinadio,Piemonte,44.2889,7.0752
12010,Entracque,Piemonte,44.2403,7.3985
12010,Aisone,Piemonte,44.3139,7.2196
12010,Rittana,Piemonte,44.351,7.3984
12010,Sambuco,Piemonte,44.3351,7.0788
12010,Vignolo,Piemonte,44.3636,7.4721
12010,Vinadio,Piemonte,44.3076,7.1763
12010,San Defendente,Piemonte,44.3909,7.4909
12010,Sant'Anna Di Valdieri,Piemonte,44.244,7.3218
12010,Moiola,Piemonte,44.3211,7.3897
12010,Roccasparvera,Piemonte,44.3421,7.4415
12010,Bersezio,Piemonte,44.3803,6.9689
12010,Andonno,Piemonte,44.2948,7.4292
12010,San Rocco Di Bernezzo,Piemonte,44.3965,7.4723
12010,Roaschia,Piemonte,44.2702,7.4557
12010,Gaiola,Piemonte,44.3355,7.409
12011,Martinetto Del Rame,Piemonte,44.3487,7.5135
12011,Aradolo La Bruna,Piemonte,44.3433,7.5033
12011,Borgo San Dalmazzo,Piemonte,44.3378,7.4931
12012,Rivoira,Piemonte,44.3201,7.5713
12012,Boves,Piemonte,44.3298,7.5473
12012,Mellana,Piemonte,44.352,7.5421
12012,San Giacomo Di Boves,Piemonte,44.2884,7.5652
12012,Fontanelle,Piemonte,44.477,7.5883
12012,San Giacomo,Piemonte,44.2884,7.5652
12012,Cerati,Piemonte,44.3158,7.5582
12013,Chiusa Di Pesio,Piemonte,44.3259,7.6743
12013,San Bartolomeo,Piemonte,44.2649,7.6633
12014,Festiona,Piemonte,44.3,7.3451
12014,Demonte,Piemonte,44.3165,7.2981
12015,Limone Piemonte,Piemonte,44.2009,7.5786
12016,San Lorenzo Peveragno,Piemonte,44.3494,7.5921
12016,Santa Margherita,Piemonte,44.3515,7.6225
12016,Peveragno,Piemonte,44.3206,7.6186
12017,Robilante,Piemonte,44.2929,7.5137
12018,Roccavione,Piemonte,44.3136,7.4784
12018,Brignola,Piemonte,44.2959,7.4521
12018,Brignola Sottana,Piemonte,44.3047,7.4653
12019,Vernante,Piemonte,44.2445,7.5345
12020,Villar,Piemonte,44.5836,7.1434
12020,Tarantasca,Piemonte,44.4932,7.5446
12020,Roccabruna,Piemonte,44.4745,7.3437
12020,Villar San Costanzo,Piemonte,44.4847,7.3822
12020,Elva,Piemonte,44.5403,7.0903
12020,Villar Sampeyre,Piemonte,44.5836,7.1434
12020,Frassino,Piemonte,44.5721,7.2754
12020,Cartignano,Piemonte,44.4783,7.2857
12020,Rossana,Piemonte,44.5447,7.4319
12020,Valgrana,Piemonte,44.4118,7.3807
12020,Venasca,Piemonte,44.5613,7.397
12020,Villafalletto,Piemonte,44.5462,7.5407
12020,Marmora,Piemonte,44.4583,7.094
12020,Sampeyre,Piemonte,44.5785,7.1904
12020,Monsola,Piemonte,44.5814,7.5587
12020,Celle Di Macra,Piemonte,44.5197,7.2919
12020,Lemma,Piemonte,44.5207,7.3851
12020,Bellino,Piemonte,44.5197,7.2919
12020,Pontechianale,Piemonte,44.6212,7.03
12020,Brossasco,Piemonte,44.5678,7.3645
12020,Villa San Pietro,Piemonte,44.4015,7.3107
12020,Castelmagno,Piemonte,44.4088,7.2119
12020,Casteldelfino,Piemonte,44.59,7.0703
12020,Stroppo,Piemonte,44.5065,7.1265
12020,Vottignasco,Piemonte,44.5641,7.5791
12020,Rore,Piemonte,44.5768,7.2256
12020,San Pietro Monterosso,Piemonte,44.4015,7.3107
12020,Isasca,Piemonte,44.5876,7.3816
12020,Canosio,Piemonte,44.4558,7.0827
12020,Monterosso Grana,Piemonte,44.4082,7.3229
12020,Melle,Piemonte,44.562,7.3195
12020,Macra,Piemonte,44.5001,7.1795
12021,Acceglio,Piemonte,44.4746,6.9909
12022,Valmala,Piemonte,44.5442,7.346
12022,San Chiaffredo,Piemonte,44.4796,7.502
12022,Busca,Piemonte,44.5162,7.4766
12022,Castelletto Busca,Piemonte,44.4787,7.4486
12023,Caraglio,Piemonte,44.4173,7.4328
12024,Costigliole Saluzzo,Piemonte,44.5645,7.4854
12025,Montemale Di Cuneo,Piemonte,44.4374,7.3753
12025,Dronero,Piemonte,44.4648,7.3624
12026,Piasco,Piemonte,44.5611,7.4442
12027,Pradleves,Piemonte,44.4179,7.2815
12028,San Michele Prazzo,Piemonte,44.5001,7.0683
12028,Prazzo,Piemonte,44.5001,7.0683
12029,Lottulo,Piemonte,44.5,7.2167
12029,San Damiano Macra,Piemonte,44.4885,7.2561
12030,Murello,Piemonte,44.7521,7.6009
12030,Monasterolo Di Savigliano,Piemonte,44.6863,7.6195
12030,Polonghera,Piemonte,44.8023,7.5957
12030,Marene,Piemonte,44.6611,7.7344
12030,Gambasca,Piemonte,44.6295,7.3469
12030,Torre San Giorgio,Piemonte,44.7357,7.5281
12030,Pagno,Piemonte,44.6117,7.4257
12030,Cavallerleone,Piemonte,44.7401,7.6639
12030,Scarnafigi,Piemonte,44.6794,7.5651
12030,Rifreddo,Piemonte,44.6507,7.3464
12030,Ostana,Piemonte,44.6926,7.1894
12030,Villanova Solaro,Piemonte,44.7299,7.5744
12030,Lagnasco,Piemonte,44.625,7.5548
12030,Faule,Piemonte,44.8062,7.5851
12030,Cavallermaggiore,Piemonte,44.7064,7.6869
12030,Crissolo,Piemonte,44.6995,7.156
12030,Envie,Piemonte,44.6821,7.3721
12030,Manta,Piemonte,44.6158,7.487
12030,Madonna Del Pilone,Piemonte,44.6969,7.7483
12030,Rifreddo Di Saluzzo,Piemonte,44.6939,7.4981
12030,Caramagna Piemonte,Piemonte,44.7822,7.7394
12030,Brondello,Piemonte,44.6007,7.4059
12030,Oncino,Piemonte,44.6768,7.1903
12030,Casalgrasso,Piemonte,44.8183,7.625
12030,Carde',Piemonte,44.7444,7.4776
12030,Ruffia,Piemonte,44.706,7.6039
12030,Sanfront,Piemonte,44.647,7.3224
12030,Martiniana Po,Piemonte,44.6272,7.3628
12031,Bagnolo Piemonte,Piemonte,44.7603,7.3139
12032,Barge,Piemonte,44.7279,7.3228
12032,Galleane,Piemonte,44.7279,7.3228
12033,Moretta,Piemonte,44.7614,7.5363
12034,Paesana,Piemonte,44.6833,7.2757
12035,Racconigi,Piemonte,44.766,7.6789
12036,Staffarda,Piemonte,44.7213,7.4361
12036,Revello,Piemonte,44.6545,7.3903
12037,Cervignasco,Piemonte,44.6915,7.5018
12037,Castellar,Piemonte,44.6212,7.4374
12037,San Lazzaro,Piemonte,44.6428,7.4645
12037,San Lazzaro Saluzzo,Piemonte,44.6428,7.4645
12037,Saluzzo,Piemonte,44.6467,7.4931
12037,Via Dei Romani,Piemonte,44.6853,7.4806
12038,Levaldigi,Piemonte,44.5574,7.6222
12038,Savigliano,Piemonte,44.6481,7.6568
12039,Villanovetta,Piemonte,44.5959,7.4979
12039,Falicetto,Piemonte,44.5989,7.5141
12039,Verzuolo,Piemonte,44.5928,7.4816
12040,Sant'Albano Stura,Piemonte,44.5076,7.7228
12040,Baldissero D'Alba,Piemonte,44.7618,7.9086
12040,Salmour,Piemonte,44.5756,7.7915
12040,Sommariva Perno,Piemonte,44.7456,7.9006
12040,Priocca,Piemonte,44.7862,8.0642
12040,San Lorenzo Roero,Piemonte,44.82,7.8958
12040,Castelletto Stura,Piemonte,44.4438,7.6392
12040,Santo Stefano Roero,Piemonte,44.7884,7.9409
12040,Ceresole Alba,Piemonte,44.7997,7.8224
12040,Margarita,Piemonte,44.4034,7.6849
12040,Cervere,Piemonte,44.6343,7.7888
12040,San Giuseppe,Piemonte,44.7306,7.923
12040,Morozzo,Piemonte,44.4228,7.7101
12040,Monteu Roero,Piemonte,44.7806,7.9338
12040,Piobesi D'Alba,Piemonte,44.7344,7.9794
12040,Canove,Piemonte,44.7772,8.0922
12040,Vezza D'Alba,Piemonte,44.7627,8.0079
12040,Trucchi,Piemonte,44.6372,7.7469
12040,Govone,Piemonte,44.8044,8.094
12040,Montaldo Roero,Piemonte,44.7683,7.9248
12040,Corneliano D'Alba,Piemonte,44.7361,7.9572
12040,Montanera,Piemonte,44.4622,7.6656
12040,Sanfre',Piemonte,44.7518,7.8029
12040,Genola,Piemonte,44.5905,7.6611
12041,Isola Di Bene Vagienna,Piemonte,44.5218,7.8155
12041,Isola,Piemonte,44.501,7.8037
12041,Bene Vagienna,Piemonte,44.5427,7.8273
12042,Bra,Piemonte,44.6978,7.8513
12042,Pollenzo,Piemonte,44.6866,7.8952
12042,Bandito,Piemonte,44.7228,7.824
12043,Valpone,Piemonte,44.8045,8.0215
12043,Canale,Piemonte,44.7953,7.9937
12044,San Biagio,Piemonte,44.4818,7.6106
12044,Centallo,Piemonte,44.5015,7.5878
12044,Roata Chiusani,Piemonte,44.4616,7.5927
12045,Piovani,Piemonte,44.5078,7.6213
12045,San Sebastiano Della Comunia,Piemonte,44.525,7.6709
12045,Gerbo,Piemonte,44.5252,7.6564
12045,San Vittore,Piemonte,44.5234,7.6309
12045,San Sebastiano,Piemonte,44.5111,7.6877
12045,Maddalene,Piemonte,44.5123,7.6468
12045,Fossano,Piemonte,44.5508,7.7192
12045,Tagliata,Piemonte,44.5873,7.7542
12045,Murazzo,Piemonte,44.4823,7.6509
12046,Monta',Piemonte,44.8147,7.9548
12046,San Rocco Monta',Piemonte,44.7862,7.9532
12046,San Rocco,Piemonte,44.7576,7.9516
12047,Crava,Piemonte,44.43,7.7449
12047,Rocca De' Baldi,Piemonte,44.4236,7.7611
12048,Sommariva Del Bosco,Piemonte,44.7726,7.7818
12049,Trinita',Piemonte,44.739,7.9107
12050,Borgomale,Piemonte,44.6203,8.1322
12050,Torre Bormida,Piemonte,44.5627,8.1544
12050,Treiso,Piemonte,44.6897,8.0881
12050,Guarene,Piemonte,44.74,8.0351
12050,Lequio Berria,Piemonte,44.6058,8.0981
12050,Magliano Alfieri,Piemonte,44.7692,8.0701
12050,Castagnito,Piemonte,44.7547,8.0319
12050,Arguello,Piemonte,44.5827,8.1108
12050,Cerreto Langhe,Piemonte,44.5748,8.0979
12050,Roddino,Piemonte,44.5738,8.0191
12050,Bosia,Piemonte,44.6024,8.1473
12050,Cissone,Piemonte,44.5631,8.0304
12050,Benevello,Piemonte,44.6298,8.1051
12050,Rocchetta Belbo,Piemonte,44.636,8.1753
12050,Baraccone,Piemonte,44.7463,8.0624
12050,Cravanzana,Piemonte,44.5745,8.1273
12050,Serravalle Langhe,Piemonte,44.5599,8.0594
12050,Vaccheria,Piemonte,44.727,8.0429
12050,Albaretto Della Torre,Piemonte,44.5962,8.0646
12050,Castellinaldo,Piemonte,44.7748,8.0297
12050,Castino,Piemonte,44.6178,8.1824
12050,Niella Belbo,Piemonte,44.5128,8.0804
12050,Trezzo Tinella,Piemonte,44.677,8.1075
12050,Sant'Antonio,Piemonte,44.7589,8.07
12050,Neviglie,Piemonte,44.6919,8.1168
12050,Rodello,Piemonte,44.6285,8.0568
12050,San Benedetto Belbo,Piemonte,44.4901,8.0578
12050,Sant'Antonio Magliano Alfieri,Piemonte,44.7589,8.07
12050,Castelrotto,Piemonte,44.728,8.0106
12050,Serralunga D'Alba,Piemonte,44.61,7.9994
12050,Montelupo Albese,Piemonte,44.6215,8.0472
12050,Sinio,Piemonte,44.6003,8.0199
12050,Barbaresco,Piemonte,44.7232,8.0819
12050,Feisoglio,Piemonte,44.5437,8.1049
12051,Mussotto,Piemonte,44.7177,8.034
12051,Alba,Piemonte,44.6999,8.0347
12052,Neive,Piemonte,44.7116,8.1341
12052,Borgonuovo Di Neive,Piemonte,44.7178,8.1259
12052,Borgonovo,Piemonte,44.724,8.1178
12053,Santuario Tinella,Piemonte,44.7253,8.1901
12053,Castiglione Tinella,Piemonte,44.7253,8.1901
12054,Cossano Belbo,Piemonte,44.6688,8.1986
12054,Santa Libera,Piemonte,44.6688,8.1986
12055,Valle Talloria,Piemonte,44.6407,8.0023
12055,Diano D'Alba,Piemonte,44.6529,8.027
12055,Ricca,Piemonte,44.6613,8.0453
12055,San Rocco Cherasca,Piemonte,44.6501,8.0557
12056,Mango,Piemonte,44.6881,8.1492
12056,San Donato Di Mango,Piemonte,44.6618,8.1553
12056,San Donato,Piemonte,44.6618,8.1553
12058,Valdivilla,Piemonte,44.7095,8.1828
12058,Camo,Piemonte,44.695,8.1943
12058,Santo Stefano Belbo,Piemonte,44.7102,8.2327
12060,Barolo,Piemonte,44.6109,7.9428
12060,Somano,Piemonte,44.5353,8.0078
12060,Marsaglia,Piemonte,44.4528,7.9799
12060,Lequio Tanaro,Piemonte,44.5599,7.8821
12060,Bastia Mondovi',Piemonte,44.4419,7.8944
12060,Grinzane Cavour,Piemonte,44.6533,7.995
12060,Bonvicino,Piemonte,44.5035,8.0175
12060,Clavesana,Piemonte,44.4833,7.9108
12060,Magliano Alpi,Piemonte,44.4581,7.8193
12060,Farigliano,Piemonte,44.512,7.9142
12060,Belvedere Langhe,Piemonte,44.4936,7.9739
12060,Bossolasco,Piemonte,44.5282,8.0499
12060,Murazzano,Piemonte,44.4733,8.0194
12060,Ciglie',Piemonte,44.4365,7.9265
12060,Niella Tanaro,Piemonte,44.4057,7.9279
12060,Madonna Della Neve,Piemonte,44.4832,7.9013
12060,Castellino Tanaro,Piemonte,44.4278,7.9812
12060,Rocca Ciglie',Piemonte,44.4452,7.9509
12060,Roddi,Piemonte,44.6796,7.9754
12060,Novello,Piemonte,44.5888,7.9259
12060,Pocapaglia,Piemonte,44.7152,7.8829
12060,Igliano,Piemonte,44.4429,8.0133
12060,Macellai,Piemonte,44.7038,7.8962
12060,Monchiero,Piemonte,44.5705,7.9202
12060,Gallo Di Grinzane,Piemonte,44.6668,7.9879
12060,Castiglione Falletto,Piemonte,44.6225,7.9753
12060,Magliano Alpi Soprano,Piemonte,44.5384,7.9463
12060,Magliano Alpi Sottano,Piemonte,44.5384,7.9463
12060,Verduno,Piemonte,44.6661,7.9307
12060,Gallo,Piemonte,44.5384,7.9463
12060,Piozzo,Piemonte,44.5138,7.8925
12061,Carru',Piemonte,44.4797,7.8724
12062,Bricco Favole,Piemonte,44.6549,7.8117
12062,Roreto,Piemonte,44.6693,7.8342
12062,Cherasco,Piemonte,44.6434,7.8582
12063,Dogliani,Piemonte,44.5333,7.9451
12064,Rivalta,Piemonte,44.6635,7.9154
12064,La Morra,Piemonte,44.6379,7.9308
12065,Perno,Piemonte,44.6128,7.9757
12065,Monforte D'Alba,Piemonte,44.5827,7.9679
12066,Borgo,Piemonte,44.7089,7.9622
12066,Monticello D'Alba,Piemonte,44.7189,7.9426
12068,Narzole,Piemonte,44.5944,7.8676
12069,Santa Vittoria D'Alba Cinzano,Piemonte,44.6931,7.921
12069,Cinzano,Piemonte,44.6931,7.921
12069,Villa,Piemonte,44.7461,7.9007
12069,Santa Vittoria D'Alba,Piemonte,44.6986,7.9373
12070,Priola,Piemonte,44.2448,8.0215
12070,Perletto,Piemonte,44.5993,8.213
12070,Montezemolo,Piemonte,44.377,8.1411
12070,Nucetto,Piemonte,44.3396,8.0596
12070,Alto,Piemonte,44.1086,8.0021
12070,Priero,Piemonte,44.376,8.0933
12070,Gottasecca,Piemonte,44.4601,8.1675
12070,Perlo,Piemonte,44.3318,8.0855
12070,Sale San Giovanni,Piemonte,44.3991,8.0779
12070,Sale Delle Langhe,Piemonte,44.3952,8.0801
12070,Viola,Piemonte,44.2908,7.9649
12070,Bragioli,Piemonte,44.4433,8.0975
12070,Lisio,Piemonte,44.3071,7.9787
12070,Castelletto Uzzone,Piemonte,44.4953,8.1877
12070,Levice,Piemonte,44.5382,8.155
12070,Castelnuovo Di Ceva,Piemonte,44.3536,8.1289
12070,Scagnello,Piemonte,44.3333,7.9864
12070,Paroldo,Piemonte,44.432,8.0724
12070,Mombarcaro,Piemonte,44.4676,8.0882
12070,Mombasiglio,Piemonte,44.3666,7.9679
12070,Scaletta Uzzone,Piemonte,44.4813,8.1955
12070,Torresina,Piemonte,44.4336,8.0367
12070,Caprauna,Piemonte,44.116,7.9549
12070,Battifollo,Piemonte,44.3198,8.0109
12070,Gorzegno,Piemonte,44.5124,8.1348
12070,Pezzolo Valle Uzzone,Piemonte,44.5387,8.1939
12071,Bagnasco,Piemonte,44.3041,8.0452
12072,Camerana,Piemonte,44.424,8.1414
12073,Ceva,Piemonte,44.3851,8.0277
12073,Roascio,Piemonte,44.4171,8.0223
12074,Bergolo,Piemonte,44.5478,8.1831
12074,Cortemilia,Piemonte,44.5804,8.1937
12075,Garessio Borgo Piave,Piemonte,44.198,8.0095
12075,Garessio Borgo Ponte,Piemonte,44.2,8.0167
12075,Cerisola,Piemonte,44.198,8.0095
12075,Trappa,Piemonte,44.1869,7.994
12075,Garessio,Piemonte,44.2071,8.0178
12076,Lesegno,Piemonte,44.4011,7.9694
12077,Monesiglio,Piemonte,44.4655,8.1191
12077,Prunetto,Piemonte,44.4889,8.1437
12078,Ormea,Piemonte,44.1559,7.9281
12078,Ponte Di Nava,Piemonte,44.1181,7.8694
12079,Saliceto,Piemonte,44.4133,8.1686
12080,Torre Mondovi',Piemonte,44.3528,7.8996
12080,Vicoforte,Piemonte,44.3639,7.8626
12080,Pra',Piemonte,44.2589,7.8557
12080,Pra' Di Roburent,Piemonte,44.2589,7.8557
12080,Moline,Piemonte,44.3464,7.8793
12080,Monasterolo Casotto,Piemonte,44.3282,7.9432
12080,Briaglia,Piemonte,44.3958,7.8757
12080,Le Moline,Piemonte,44.3351,7.8645
12080,Roburent,Piemonte,44.3063,7.8922
12080,Pianfei,Piemonte,44.372,7.7114
12080,Montaldo Di Mondovi',Piemonte,44.3217,7.8671
12080,San Michele Mondovi',Piemonte,44.3759,7.9083
12080,Santuario Di Vicoforte,Piemonte,44.3351,7.8645
12080,Monastero Di Vasco,Piemonte,44.3403,7.8226
12081,Beinette,Piemonte,44.3639,7.6446
12082,Corsaglia,Piemonte,44.2555,7.826
12082,Bossea,Piemonte,44.2406,7.8387
12082,Frabosa Soprana,Piemonte,44.2909,7.8035
12082,Fontane,Piemonte,44.235,7.8357
12083,Frabosa Sottana,Piemonte,44.3023,7.7975
12083,Gosi Pianvignale,Piemonte,44.3194,7.7878
12083,Gosi,Piemonte,44.3364,7.7781
12084,Mondovi',Piemonte,44.396,7.8176
12084,Pascomonti,Piemonte,44.4225,7.8971
12084,Pogliola,Piemonte,44.3989,7.7485
12084,Breo,Piemonte,44.3986,7.819
12084,Breolungi,Piemonte,44.4298,7.7928
12084,Sant'Anna Avagnina,Piemonte,44.4053,7.7928
12084,Rifreddo Mondovi',Piemonte,44.441,7.8553
12084,Piazza,Piemonte,44.386,7.8316
12084,Gratteria,Piemonte,44.4441,7.8264
12087,Serra,Piemonte,44.2801,7.9016
12087,Serra Pamparato,Piemonte,44.2801,7.9016
12087,Pamparato,Piemonte,44.2767,7.9143
12087,Valcasotto,Piemonte,44.2402,7.905
12088,Roccaforte Mondovi',Piemonte,44.3172,7.7443
12088,Prea Di Roccaforte,Piemonte,44.2785,7.7373
12088,Prea,Piemonte,44.2785,7.7373
12088,Lurisia,Piemonte,44.3046,7.7094
12089,Villanova Mondovi',Piemonte,44.348,7.7675
12100,Spinetta,Piemonte,44.477,7.5883
12100,Madonna Delle Grazie,Piemonte,44.5247,7.4066
12100,San Rocco Castagnaretta,Piemonte,44.4441,7.5187
12100,Borgo San Giuseppe,Piemonte,44.4441,7.5187
12100,San Pietro Del Gallo,Piemonte,44.455,7.4903
12100,Borgo Gesso,Piemonte,44.4441,7.5187
12100,Confreria,Piemonte,44.4441,7.5187
12100,Cuneo,Piemonte,44.3907,7.5483
12100,San Benigno,Piemonte,44.4601,7.5365
12100,Passatore,Piemonte,44.4317,7.5072
12100,Madonna Dell'Olmo,Piemonte,44.413,7.5481
12100,Roata Rossi,Piemonte,44.4438,7.5257
12100,Ronchi,Piemonte,44.434,7.5868
18025,Piaggia,Piemonte,44.0825,7.7494
18025,Briga Alta,Piemonte,44.0827,7.7494
28010,Briga Novarese,Piemonte,45.7293,8.4559
28010,Gargallo,Piemonte,45.7288,8.4253
28010,Bogogno,Piemonte,45.6631,8.5347
28010,Soriso,Piemonte,45.7404,8.4095
28010,Fontaneto D'Agogna,Piemonte,45.6435,8.4788
28010,Pisano,Piemonte,45.7957,8.5149
28010,Cavaglietto,Piemonte,45.6022,8.5021
28010,Bolzano Novarese,Piemonte,45.7627,8.4425
28010,Boca,Piemonte,45.679,8.4087
28010,Divignano,Piemonte,45.6625,8.5999
28010,Pella,Piemonte,45.7972,8.3844
28010,Cavallirio,Piemonte,45.6623,8.3969
28010,Nebbiuno,Piemonte,45.8077,8.5259
28010,Ameno,Piemonte,45.789,8.44
28010,Revislate,Piemonte,45.6932,8.5532
28010,Cavaglio D'Agogna,Piemonte,45.6132,8.4861
28010,Alzo,Piemonte,45.7905,8.3794
28010,Miasino,Piemonte,45.802,8.4297
28010,Colazza,Piemonte,45.7926,8.5003
28010,Vaprio D'Agogna,Piemonte,45.6032,8.554
28010,Sologno,Piemonte,45.537,8.5731
28010,Barengo,Piemonte,45.576,8.514
28010,Caltignaga,Piemonte,45.5209,8.5862
28010,Agrate Conturbia,Piemonte,45.6755,8.5597
28011,Coiromonte,Piemonte,45.8331,8.4709
28011,Armeno,Piemonte,45.8208,8.4456
28011,Sovazza,Piemonte,45.8208,8.4738
28012,Cressa,Piemonte,45.6476,8.5094
28013,Gattico,Piemonte,45.7072,8.52
28013,Veruno,Piemonte,45.6889,8.5286
28014,Maggiora,Piemonte,45.6894,8.4223
28015,Momo,Piemonte,45.5742,8.5539
28016,Isola San Giulio,Piemonte,45.7962,8.3999
28016,Orta Novarese,Piemonte,45.7968,8.4071
28016,Orta San Giulio,Piemonte,45.7973,8.4144
28017,San Maurizio D'Opaglio,Piemonte,45.773,8.396
28019,Suno,Piemonte,45.6314,8.5444
28019,Baraggia,Piemonte,45.6636,8.4719
28021,San Marco Di Borgomanero,Piemonte,45.6994,8.4622
28021,Santa Cristina Di Borgomanero,Piemonte,45.6994,8.4622
28021,Vergano Di Borgomanero,Piemonte,45.6994,8.4622
28021,Borgomanero,Piemonte,45.6994,8.4622
28024,Gozzano,Piemonte,45.7427,8.4366
28028,Pettenasco,Piemonte,45.8166,8.407
28028,Pratolungo,Piemonte,45.5636,8.5539
28040,Paruzzaro,Piemonte,45.7482,8.5149
28040,Marano Ticino,Piemonte,45.6278,8.6316
28040,Lesa,Piemonte,45.8207,8.5596
28040,Borgo Ticino,Piemonte,45.6893,8.6045
28040,Massino Visconti,Piemonte,45.8242,8.5413
28040,Dormelletto,Piemonte,45.7363,8.5666
28040,Varallo Pombia,Piemonte,45.6678,8.6285
28040,Mezzomerico,Piemonte,45.6199,8.6062
28040,Oleggio Castello,Piemonte,45.7489,8.5271
28041,Mercurago,Piemonte,45.7707,8.5462
28041,Dagnente,Piemonte,45.7824,8.5353
28041,Arona,Piemonte,45.7589,8.5571
28043,Bellinzago Novarese,Piemonte,45.5688,8.6432
28045,Invorio,Piemonte,45.7568,8.4874
28046,Meina,Piemonte,45.7912,8.5376
28046,Ghevio,Piemonte,45.7817,8.5026
28047,Oleggio,Piemonte,45.5967,8.6421
28047,Fornaci,Piemonte,45.6987,8.4175
28050,Pombia,Piemonte,45.6555,8.6285
28053,Castelletto Sopra Ticino,Piemonte,45.72,8.6336
28060,Granozzo,Piemonte,45.4592,8.511
28060,Orfengo,Piemonte,45.3891,8.5031
28060,Nibbia,Piemonte,45.4873,8.5565
28060,Casalvolone,Piemonte,45.3997,8.4647
28060,San Nazzaro Sesia,Piemonte,45.438,8.425
28060,Sozzago,Piemonte,45.3983,8.7227
28060,Comignago,Piemonte,45.7149,8.564
28060,Mandello Vitta,Piemonte,45.4957,8.4598
28060,Cameriano,Piemonte,45.3966,8.5374
28060,Vinzaglio,Piemonte,45.3231,8.5198
28060,Granozzo Con Monticello,Piemonte,45.3602,8.5733
28060,Casalbeltrame,Piemonte,45.4381,8.4665
28060,Casaleggio Novara,Piemonte,45.4879,8.4931
28060,Cureggio,Piemonte,45.6749,8.4597
28060,Vicolungo,Piemonte,45.4752,8.4612
28060,Castellazzo Novarese,Piemonte,45.5134,8.4869
28060,San Pietro Mosezzo,Piemonte,45.4545,8.5445
28060,Recetto,Piemonte,45.4597,8.435
28060,Casalino,Piemonte,45.3584,8.5239
28061,Biandrate,Piemonte,45.4527,8.464
28062,Cameri Aeronautica,Piemonte,45.5016,8.6624
28062,Cameri,Piemonte,45.5016,8.6624
28064,Sillavengo,Piemonte,45.5207,8.441
28064,Carpignano Sesia,Piemonte,45.5334,8.4173
28064,Landiona,Piemonte,45.497,8.4222
28065,Cerano,Piemonte,45.4091,8.7835
28066,Galliate,Piemonte,45.4794,8.6982
28068,Romentino,Piemonte,45.463,8.7181
28069,Trecate,Piemonte,45.434,8.7364
28070,Sizzano,Piemonte,45.5766,8.4361
28070,Terdobbiate,Piemonte,45.3759,8.6946
28070,Tornaco,Piemonte,45.3565,8.7174
28070,Nibbiola,Piemonte,45.3724,8.6567
28070,Garbagna Novarese,Piemonte,45.3888,8.6612
28071,Borgolavezzaro,Piemonte,45.3192,8.6993
28072,Briona,Piemonte,45.5425,8.4797
28072,San Bernardino,Piemonte,45.5183,8.5445
28073,Fara Novarese,Piemonte,45.5544,8.4566
28074,Ghemme,Piemonte,45.5986,8.4201
28075,Grignasco,Piemonte,45.6798,8.3444
28076,Pogno,Piemonte,45.7581,8.3856
28077,Prato Sesia,Piemonte,45.6507,8.3729
28078,Romagnano Sesia,Piemonte,45.6328,8.387
28079,Vespolate,Piemonte,45.3495,8.6688
28100,Bicocca Di Novara,Piemonte,45.4408,8.616
28100,Sant'Agabio,Piemonte,45.4408,8.616
28100,Veveri,Piemonte,45.4408,8.616
28100,Olengo,Piemonte,45.4147,8.6593
28100,Lumellogno,Piemonte,45.408,8.5879
28100,Casalgiate,Piemonte,45.4332,8.5704
28100,Novara,Piemonte,45.4469,8.6212
28100,Torrion Quartara,Piemonte,45.4182,8.6147
28100,Agognate,Piemonte,45.4667,8.5833
28100,Vignale,Piemonte,45.4788,8.6132
28100,Pernate,Piemonte,45.4596,8.6784
10010,Strambinello,Piemonte,45.4231,7.7699
10010,Tavagnasco,Piemonte,45.5445,7.8229
10010,Caravino,Piemonte,45.3995,7.9602
10010,Piverone,Piemonte,45.4456,8.0074
10010,Settimo Rottaro,Piemonte,45.4078,7.9935
10010,Orio Canavese,Piemonte,45.3288,7.8599
10010,Fiorano Canavese,Piemonte,45.4678,7.8337
10010,Salerano Canavese,Piemonte,45.4581,7.8511
10010,Colleretto Giacosa,Piemonte,45.4329,7.7985
10010,Lessolo,Piemonte,45.4779,7.8158
10010,Burolo,Piemonte,45.4812,7.9339
10010,Bairo,Piemonte,45.3861,7.7553
10010,Cossano Canavese,Piemonte,45.3878,7.9915
10010,Masino,Piemonte,45.391,7.9626
10010,Rueglio,Piemonte,45.4683,7.7546
10010,Candia Canavese,Piemonte,45.3273,7.8843
10010,Andrate,Piemonte,45.5263,7.8815
10010,Mercenasco,Piemonte,45.36,7.8801
10010,San Martino Canavese,Piemonte,45.3945,7.8162
10010,Quagliuzzo,Piemonte,45.4265,7.781
10010,Scarmagno,Piemonte,45.3849,7.8411
10010,Palazzo Canavese,Piemonte,45.4596,7.9778
10010,Nomaglio,Piemonte,45.5362,7.8603
10010,Albiano D'Ivrea,Piemonte,45.4342,7.9479
10010,Torre Canavese,Piemonte,45.3921,7.7598
10010,Calea,Piemonte,45.4936,7.8218
10010,Villate,Piemonte,45.3532,7.8422
10010,Barone Canavese,Piemonte,45.3258,7.8734
10010,Gauna,Piemonte,45.4535,7.7666
10010,Carema,Piemonte,45.584,7.8088
10010,Banchette,Piemonte,45.4536,7.8563
10010,Perosa Canavese,Piemonte,45.3971,7.8308
10010,Cascinette D'Ivrea,Piemonte,45.4802,7.9056
10010,Settimo Vittone,Piemonte,45.5493,7.8333
10010,Quincinetto,Piemonte,45.5616,7.8083
10010,Azeglio,Piemonte,45.4228,7.9922
10010,Quassolo,Piemonte,45.5229,7.833
10010,Parella,Piemonte,45.4302,7.7913
10010,Chiaverano,Piemonte,45.4989,7.9026
10010,Loranze',Piemonte,45.4427,7.8133
10011,Aglie',Piemonte,45.368,7.768
10012,Bollengo,Piemonte,45.4716,7.9413
10013,Borgofranco D'Ivrea,Piemonte,45.5164,7.8587
10013,Baio Dora,Piemonte,45.5065,7.8281
10014,Caluso,Piemonte,45.3047,7.891
10014,Vallo Di Caluso,Piemonte,45.2669,7.8792
10014,Vallo,Piemonte,45.2669,7.8792
10014,Rodallo,Piemonte,45.2805,7.8746
10014,Are',Piemonte,45.2853,7.8934
10015,Torre Balfredo,Piemonte,45.4672,7.8762
10015,San Bernardo D'Ivrea,Piemonte,45.4672,7.8762
10015,Ivrea,Piemonte,45.4672,7.8762
10016,Montalto Dora,Piemonte,45.4899,7.8625
10017,Montanaro,Piemonte,45.2327,7.8549
10018,Pavone Canavese,Piemonte,45.4419,7.8529
10019,Cerone,Piemonte,45.3985,7.8916
10019,Strambino,Piemonte,45.3799,7.8897
10019,Carrone,Piemonte,45.3581,7.9064
10020,Montaldo Torinese,Piemonte,45.0653,7.8502
10020,Brusasco,Piemonte,45.155,8.0611
10020,Cavagnolo,Piemonte,45.1518,8.049
10020,Pecetto Torinese,Piemonte,45.0813,7.9201
10020,Marcorengo,Piemonte,45.1394,8.0698
10020,San Pietro,Piemonte,45.0054,7.7647
10020,Verrua Savoia,Piemonte,45.1568,8.0922
10020,Arignano,Piemonte,45.0397,7.9019
10020,Colombaro,Piemonte,45.0813,7.9201
10020,Baldissero Torinese,Piemonte,45.0684,7.8127
10020,Andezeno,Piemonte,45.0338,7.8661
10020,Mombello Di Torino,Piemonte,45.0457,7.9208
10020,San Sebastiano Da Po,Piemonte,45.1676,7.9572
10020,Riva Presso Chieri,Piemonte,44.9834,7.8731
10020,Cambiano,Piemonte,44.9711,7.7745
10020,Madonna Della Scala,Piemonte,45,7.7833
10020,Casalborgone,Piemonte,45.1305,7.9404
10020,Moriondo Torinese,Piemonte,45.0385,7.9409
10020,Brozolo,Piemonte,45.117,8.0719
10020,Rivodora,Piemonte,45.0889,7.7869
10020,Pavarolo,Piemonte,45.0667,7.8394
10020,Marentino,Piemonte,45.0537,7.8761
10020,Lauriano,Piemonte,45.1599,7.9947
10020,Monteu Da Po,Piemonte,45.1503,8.0143
10022,Borgo Salsasio,Piemonte,44.8431,7.727
10022,San Bernardo Carmagnola,Piemonte,44.8431,7.727
10022,San Michele E Grato,Piemonte,44.858,7.701
10022,Fumeri,Piemonte,44.8323,7.7433
10022,Cavalleri,Piemonte,44.8323,7.7433
10022,Carmagnola,Piemonte,44.8496,7.7203
10023,Pessione,Piemonte,44.965,7.8411
10023,Chieri,Piemonte,45.0105,7.8213
10024,Moncalieri,Piemonte,44.9994,7.6824
10024,Barauda,Piemonte,44.9743,7.6775
10024,Revigliasco,Piemonte,45.0159,7.7331
10024,Testona,Piemonte,44.992,7.6893
10024,Revigliasco Torinese,Piemonte,44.992,7.6893
10024,Tagliaferro,Piemonte,44.9785,7.6643
10024,Borgo San Pietro Di Moncalieri,Piemonte,44.992,7.6893
10024,Colle Della Maddalena,Piemonte,44.992,7.6893
10025,Pino Torinese,Piemonte,45.0395,7.7771
10026,Santena,Piemonte,44.9462,7.773
10028,Trofarello,Piemonte,44.9824,7.7469
10028,Valle Sauglio,Piemonte,44.9824,7.7469
10029,Villastellone,Piemonte,44.922,7.7436
10030,Vestigne',Piemonte,45.3865,7.9534
10030,Maglione,Piemonte,45.3467,8.0133
10030,Vische,Piemonte,45.3357,7.9448
10030,Rondissone,Piemonte,45.2463,7.9643
10030,Villareggia,Piemonte,45.3088,7.9772
10030,Tina,Piemonte,45.4098,7.9328
10031,Borgomasino,Piemonte,45.362,7.9881
10032,Brandizzo,Piemonte,45.1771,7.8358
10034,Castelrosso,Piemonte,45.2,7.9333
10034,Boschetto,Piemonte,45.2344,7.905
10034,Torassi,Piemonte,45.2084,7.9094
10034,Chivasso,Piemonte,45.1909,7.8898
10035,Casale,Piemonte,45.3858,8.0072
10035,Mazze',Piemonte,45.3003,7.9327
10035,Tonengo Di Mazze',Piemonte,45.2861,7.9396
10036,Olimpia,Piemonte,45.1256,7.7305
10036,Settimo Torinese,Piemonte,45.1392,7.7701
10037,Torrazza Piemonte,Piemonte,45.2154,7.9767
10038,Verolengo,Piemonte,45.1904,7.9713
10038,Casabianca,Piemonte,45.2206,7.9456
10038,Borgo Revel,Piemonte,45.1929,8.0216
10039,Alice Superiore,Piemonte,45.4607,7.7792
10039,Pecco,Piemonte,45.4521,7.7774
10039,Lugnacco,Piemonte,45.4451,7.7821
10040,Tedeschi,Piemonte,45.0687,7.5372
10040,Givoletto,Piemonte,45.1622,7.4964
10040,Piobesi Torinese,Piemonte,44.9329,7.6101
10040,Rivarossa,Piemonte,45.2495,7.7195
10040,Caselette,Piemonte,45.1098,7.4858
10040,San Gillio,Piemonte,45.1405,7.5328
10040,Rubiana,Piemonte,45.1362,7.3844
10040,Osasio,Piemonte,44.8714,7.608
10040,La Cassa,Piemonte,45.1803,7.5163
10040,Rivera,Piemonte,44.9616,7.7418
10040,Rivalta Di Torino,Piemonte,45.0327,7.5204
10040,Milanere,Piemonte,45.1044,7.4337
10040,Bivio Cumiana,Piemonte,45.0687,7.5372
10040,Cumiana,Piemonte,44.9763,7.3776
10040,Druento,Piemonte,45.1331,7.5751
10040,Almese,Piemonte,45.1191,7.4011
10040,Val Della Torre,Piemonte,45.1551,7.445
10040,Leini',Piemonte,45.1827,7.7142
10040,Brione,Piemonte,45.1355,7.4828
10040,La Loggia,Piemonte,44.9549,7.6686
10040,Novaretto,Piemonte,45.118,7.3554
10040,Montelera,Piemonte,45.1543,7.4429
10040,Lombardore,Piemonte,45.2358,7.737
10040,Zucche,Piemonte,44.986,7.5167
10040,Gerbole,Piemonte,45.0011,7.5067
10040,Villar Dora,Piemonte,45.1146,7.3835
10040,Volvera,Piemonte,44.9548,7.5114
10040,Caprie,Piemonte,45.1194,7.3329
10040,Pralormo,Piemonte,44.8598,7.9044
10040,Lombriasco,Piemonte,44.8409,7.6359
10041,Ceretto Di Carignano,Piemonte,44.8642,7.6503
10041,Ceretto,Piemonte,44.8642,7.6503
10041,Carignano,Piemonte,45.0484,7.4485
10042,Nichelino,Piemonte,45.0003,7.6531
10042,Stupinigi,Piemonte,44.9953,7.6048
10043,Orbassano,Piemonte,45.0055,7.5381
10044,Pianezza,Piemonte,45.1042,7.55
10045,Piossasco,Piemonte,44.988,7.4601
10045,Garola,Piemonte,44.9921,7.4931
10046,Marocchi,Piemonte,44.942,7.8189
10046,Favari,Piemonte,44.9123,7.7995
10046,Poirino,Piemonte,44.9205,7.8446
10046,Avatanei,Piemonte,44.9123,7.7995
10046,Isolabella,Piemonte,44.9064,7.909
10048,Vinovo,Piemonte,44.9467,7.6325
10048,Garino,Piemonte,44.9733,7.6173
10050,Novalesa,Piemonte,45.1907,7.0142
10050,Chianocco,Piemonte,45.1485,7.1698
10050,San Giorio,Piemonte,45.1275,7.1768
10050,San Giorio Di Susa,Piemonte,45.1097,7.0928
10050,Salice D'Ulzio,Piemonte,45.0266,6.8607
10050,Bruzolo,Piemonte,45.1409,7.1946
10050,Baratte,Piemonte,45.1116,7.2364
10050,Claviere,Piemonte,44.9392,6.7521
10050,San Didero,Piemonte,45.1354,7.213
10050,Coazze,Piemonte,45.0518,7.3006
10050,Sauze D'Oulx,Piemonte,45.0266,6.8607
10050,Moncenisio,Piemonte,45.204,6.9846
10050,Zoie,Piemonte,45.1097,7.0928
10050,Borgone Susa,Piemonte,45.1233,7.2364
10050,Vernetto,Piemonte,45.1365,7.1678
10050,Chiusa Di San Michele,Piemonte,45.1042,7.3271
10050,Salbertrand,Piemonte,45.0735,6.8874
10050,Meana Di Susa,Piemonte,45.122,7.0647
10050,Vaie,Piemonte,45.1023,7.2894
10050,Giaglione,Piemonte,45.1392,7.0153
10050,Villar Focchiardo,Piemonte,45.1124,7.2384
10050,Sant'Antonino Di Susa,Piemonte,45.1076,7.2733
10050,Exilles,Piemonte,45.0975,6.9292
10050,Gravere,Piemonte,45.1253,7.0175
10050,Venaus,Piemonte,45.1571,7.0107
10050,Chiomonte,Piemonte,45.1191,6.9842
10050,Mattie,Piemonte,45.1181,7.1151
10051,Grangia,Piemonte,45.1424,7.1625
10051,Avigliana,Piemonte,45.0798,7.3965
10051,Drubiaglio,Piemonte,45.0955,7.4194
10052,Borgonovo Bardonecchia,Piemonte,45.0746,6.6989
10052,Bardonecchia,Piemonte,45.0746,6.6989
10053,Foresto,Piemonte,45.1445,7.4389
10053,Bussoleno,Piemonte,45.1397,7.1443
10054,Bousson,Piemonte,44.9329,6.8206
10054,Cesana Torinese,Piemonte,44.9534,6.792
10054,Sauze Di Cesana,Piemonte,44.9406,6.8599
10054,Solomiac,Piemonte,44.9827,6.8119
10055,Condove,Piemonte,45.1159,7.3086
10056,Beaulard,Piemonte,45.0441,6.7591
10056,Oulx,Piemonte,45.0364,6.8337
10057,Sant'Ambrogio Di Torino,Piemonte,45.0962,7.366
10058,Sestriere,Piemonte,44.9586,6.8775
10058,Colle Sestriere,Piemonte,44.9574,6.876
10059,San Giuseppe,Piemonte,45.147,7.0427
10059,Mompantero,Piemonte,45.1474,7.043
10059,Susa,Piemonte,45.1368,7.0581
10060,Angrogna,Piemonte,44.8435,7.2242
10060,Prarostino,Piemonte,44.8663,7.2676
10060,Dubbione,Piemonte,44.9426,7.2291
10060,Piscina,Piemonte,44.9187,7.4253
10060,Miradolo,Piemonte,44.8738,7.304
10060,Villaretto Chisone,Piemonte,45.0176,7.116
10060,Combalere,Piemonte,44.9548,7.2088
10060,Roreto,Piemonte,44.9909,7.1408
10060,Castagnole Piemonte,Piemonte,44.8981,7.5661
10060,Bobbio Pellice,Piemonte,44.8085,7.1169
10060,Macello,Piemonte,44.8511,7.398
10060,Rora',Piemonte,44.7921,7.199
10060,Roletto,Piemonte,44.9244,7.3323
10060,Villar Pellice,Piemonte,44.8089,7.1598
10060,Virle Piemonte,Piemonte,44.8637,7.5703
10060,Inverso Pinasca,Piemonte,44.9456,7.2184
10060,Mentoulles,Piemonte,45.0249,7.0874
10060,,Piemonte,44.9364,7.5401
10060,Roure,Piemonte,45.0021,7.1316
10060,Pragelato,Piemonte,45.0136,6.9416
10060,Pancalieri,Piemonte,44.8334,7.5859
10060,Villaretto,Piemonte,45.0176,7.116
10060,Viotto,Piemonte,44.9032,7.4395
10060,Cantalupa,Piemonte,44.9459,7.3303
10060,Campiglione,Piemonte,44.8028,7.3242
10060,Candiolo,Piemonte,44.9586,7.5981
10060,Bricherasio,Piemonte,44.8233,7.303
10060,San Pietro Val Lemina,Piemonte,44.9065,7.3109
10060,Scalenghe,Piemonte,44.8899,7.4942
10060,Riclaretto,Piemonte,44.9333,7.15
10060,Perrero,Piemonte,44.9385,7.1126
10060,Porte,Piemonte,44.8871,7.2698
10060,Buriasco,Piemonte,44.8722,7.412
10060,Salza Di Pinerolo,Piemonte,44.94,7.0524
10060,San Secondo Di Pinerolo,Piemonte,44.8664,7.2984
10060,Fenestrelle,Piemonte,45.0359,7.0494
10060,Massello,Piemonte,44.9587,7.0567
10060,Castel Del Bosco,Piemonte,44.907,7.2775
10060,Castelnuovo,Piemonte,44.907,7.2775
10060,Pinasca,Piemonte,44.907,7.2775
10060,Pra' Catinat,Piemonte,44.907,7.2775
10060,Frossasco,Piemonte,44.9218,7.3712
10060,Campiglione Fenile,Piemonte,44.907,7.2775
10060,Roreto Chisone,Piemonte,44.907,7.2775
10060,Lusernetta,Piemonte,44.8031,7.2467
10060,Garzigliana,Piemonte,44.8372,7.3744
10060,Bibiana,Piemonte,44.7989,7.2882
10060,Prali,Piemonte,44.8894,7.0513
10060,Osasco,Piemonte,44.8494,7.343
10060,Airasca,Piemonte,44.9172,7.4832
10060,Cercenasco,Piemonte,44.862,7.4982
10060,Usseaux,Piemonte,45.0489,7.0285
10061,Cavour,Piemonte,44.7929,7.3744
10062,Airali,Piemonte,44.8547,7.3221
10062,Luserna San Giovanni,Piemonte,44.8074,7.2458
10062,Luserna,Piemonte,44.8074,7.2458
10063,Pomaretto,Piemonte,44.9559,7.1813
10063,Perosa Argentina,Piemonte,44.9591,7.1917
10064,Baudenasca,Piemonte,44.8598,7.3828
10064,Pinerolo,Piemonte,44.8853,7.3314
10064,Riva Di Pinerolo,Piemonte,44.8726,7.3571
10064,Abbadia Alpina,Piemonte,44.8726,7.3571
10065,San Germano Chisone,Piemonte,44.902,7.2366
10065,Pramollo,Piemonte,44.9081,7.1907
10066,Torre Pellice,Piemonte,44.821,7.2167
10067,Vigone,Piemonte,44.8424,7.4977
10068,Villafranca Piemonte,Piemonte,44.7882,7.5079
10069,Villar Perosa,Piemonte,44.9185,7.2482
10070,Mezzenile,Piemonte,45.2948,7.3956
10070,Corio,Piemonte,45.3122,7.5335
10070,Fiano,Piemonte,45.2163,7.526
10070,Pessinetto,Piemonte,45.2867,7.4153
10070,Groscavallo,Piemonte,45.368,7.258
10070,Procaria,Piemonte,45.3058,7.3978
10070,Cafasse,Piemonte,45.2486,7.5188
10070,Coassolo Torinese,Piemonte,45.2978,7.4604
10070,Col San Giovanni Di Viu',Piemonte,45.2161,7.3782
10070,Varisella,Piemonte,45.2083,7.4838
10070,Monasterolo,Piemonte,45.2355,7.5082
10070,Grosso,Piemonte,45.2565,7.5573
10070,Cantoira,Piemonte,45.3401,7.3845
10070,Germagnano,Piemonte,45.2632,7.4689
10070,San Carlo Canavese,Piemonte,45.2446,7.6057
10070,Rocca Canavese,Piemonte,45.3087,7.5788
10070,La Villa,Piemonte,45.2671,7.4311
10070,Lemie,Piemonte,45.2287,7.2925
10070,Col San Giovanni,Piemonte,45.2161,7.3782
10070,Forno Alpi Graie,Piemonte,45.3644,7.2235
10070,Balangero,Piemonte,45.2699,7.5188
10070,Traves,Piemonte,45.2679,7.4308
10070,Viu',Piemonte,45.2379,7.3733
10070,Mondrone,Piemonte,45.3125,7.2592
10070,Levone,Piemonte,45.3167,7.6063
10070,Benne,Piemonte,45.2896,7.5517
10070,Vauda Canavese,Piemonte,45.2778,7.4487
10070,Vauda Canavese Superiore,Piemonte,45.2795,7.6194
10070,San Francesco Al Campo,Piemonte,45.2273,7.6548
10070,Ala Di Stura,Piemonte,45.3149,7.3035
10070,Vallo Torinese,Piemonte,45.2235,7.4963
10070,Ceres,Piemonte,45.3134,7.3896
10070,Villanova Canavese,Piemonte,45.2435,7.5521
10070,Front,Piemonte,45.2794,7.6643
10070,Monasterolo Torinese,Piemonte,45.2778,7.4487
10070,Robassomero,Piemonte,45.1984,7.5675
10070,Bonzo,Piemonte,45.3683,7.3071
10070,Balme,Piemonte,45.3019,7.2194
10070,Chialamberto,Piemonte,45.363,7.3436
10070,Barbania,Piemonte,45.2914,7.6345
10070,Monastero Di Lanzo,Piemonte,45.3019,7.4397
10070,Usseglio,Piemonte,45.2327,7.2199
10071,Borgaro Torinese,Piemonte,45.1512,7.6554
10072,Mappano,Piemonte,45.1746,7.6429
10072,Caselle Torinese,Piemonte,45.1746,7.6429
10073,Devesi,Piemonte,45.2349,7.6013
10073,Cirie',Piemonte,45.2349,7.6013
10074,Lanzo Torinese,Piemonte,45.2766,7.4823
10075,Mathi,Piemonte,45.2552,7.542
10076,San Giovanni,Piemonte,45.0172,7.3751
10076,Nole,Piemonte,45.2416,7.5698
10077,Ceretta Di San Maurizio Canavese,Piemonte,45.2088,7.6463
10077,Malanghero,Piemonte,45.2006,7.6621
10077,San Maurizio Canavese,Piemonte,45.2171,7.6305
10078,Venaria Reale,Piemonte,45.126,7.6314
10078,Altessano,Piemonte,45.1333,7.65
10080,Traversella,Piemonte,45.5091,7.7494
10080,Brosso,Piemonte,45.4918,7.8023
10080,San Ponso,Piemonte,45.351,7.6711
10080,Fornolosa,Piemonte,45.4304,7.3949
10080,Baldissero Canavese,Piemonte,45.4103,7.7442
10080,Pratiglione,Piemonte,45.3528,7.596
10080,San Colombano Belmonte,Piemonte,45.3823,7.621
10080,Vistrorio,Piemonte,45.4415,7.7678
10080,Ciconio,Piemonte,45.3303,7.7585
10080,Casetti,Piemonte,45.4333,7.4333
10080,Ozegna,Piemonte,45.348,7.745
10080,Sparone,Piemonte,45.4144,7.5452
10080,Lusiglie',Piemonte,45.3185,7.7646
10080,Salassa,Piemonte,45.3618,7.683
10080,Cintano,Piemonte,45.4281,7.6883
10080,Valprato Soana,Piemonte,45.5217,7.5495
10080,Feletto,Piemonte,45.3034,7.7448
10080,Borgiallo,Piemonte,45.4176,7.6698
10080,Rivara,Piemonte,45.3304,7.649
10080,Drusacco,Piemonte,45.4972,7.7674
10080,Oglianico,Piemonte,45.3415,7.692
10080,Ronco Canavese,Piemonte,45.5008,7.547
10080,Busano,Piemonte,45.3314,7.6573
10080,Colleretto Castelnuovo,Piemonte,45.4224,7.6798
10080,Castelnuovo Nigra,Piemonte,45.4382,7.6946
10080,Bosconero,Piemonte,45.2663,7.7658
10080,Prascorsano,Piemonte,45.3672,7.6173
10080,Vidracco,Piemonte,45.4307,7.7574
10080,Locana,Piemonte,45.4142,7.4571
10080,Rosone,Piemonte,45.4333,7.4333
10080,Issiglio,Piemonte,45.4463,7.7532
10080,Alpette,Piemonte,45.4092,7.5779
10080,Ceresole Reale,Piemonte,45.4323,7.2351
10080,Pertusio,Piemonte,45.3557,7.6415
10080,Ribordone,Piemonte,45.4326,7.5023
10080,San Benigno Canavese,Piemonte,45.2262,7.7843
10080,Ingria,Piemonte,45.4665,7.5712
10080,Villa Castelnuovo,Piemonte,45.4256,7.7021
10080,Noasca,Piemonte,45.4533,7.3149
10080,Chiesanuova,Piemonte,45.4175,7.6555
10080,Canischio,Piemonte,45.3749,7.5962
10080,Frassinetto,Piemonte,45.4383,7.6089
10081,Castellamonte,Piemonte,45.3827,7.7089
10081,Campo Canavese,Piemonte,45.4057,7.7145
10081,Muriaglio,Piemonte,45.4287,7.7201
10081,San Giovanni Canavese,Piemonte,45.4057,7.7145
10082,Salto Canavese,Piemonte,45.3998,7.6549
10082,Cuorgne',Piemonte,45.3934,7.6502
10082,Priacco,Piemonte,45.4062,7.6597
10083,Favria,Piemonte,45.331,7.6883
10084,Forno Canavese,Piemonte,45.3429,7.5895
10085,Pont Canavese,Piemonte,45.399,7.6556
10086,Argentera,Piemonte,45.2921,7.7224
10086,Rivarolo Canavese,Piemonte,45.3283,7.7211
10087,Valperga,Piemonte,45.37,7.6612
10088,Volpiano,Piemonte,45.1994,7.7755
10089,Trausella,Piemonte,45.49,7.7631
10089,Vico Canavese,Piemonte,45.4934,7.7789
10089,Meugliano,Piemonte,45.4903,7.7794
10090,San Bernardino,Piemonte,45.0363,7.3969
10090,Rosta,Piemonte,45.0679,7.4651
10090,Foglizzo,Piemonte,45.2736,7.8209
10090,Sciolze,Piemonte,45.0945,7.8782
10090,Sangano,Piemonte,45.0251,7.4499
10090,Romano Canavese,Piemonte,45.3992,7.8688
10090,Rivalba,Piemonte,45.1167,7.8881
10090,Bussolino,Piemonte,45.1313,7.8552
10090,San Giorgio Canavese,Piemonte,45.3356,7.7982
10090,Trana,Piemonte,45.0386,7.421
10090,Buttigliera Alta,Piemonte,45.0684,7.4325
10090,Bruino,Piemonte,45.0151,7.4775
10090,San Giusto Canavese,Piemonte,45.3153,7.81
10090,Castagneto Po,Piemonte,45.1585,7.8864
10090,San Raffaele Cimena,Piemonte,45.1467,7.8493
10090,Villarbasse,Piemonte,45.0819,7.5266
10090,Gassino Torinese,Piemonte,45.1291,7.8293
10090,Cinzano,Piemonte,45.0953,7.9243
10090,Reano,Piemonte,45.0522,7.4278
10090,Castiglione Torinese,Piemonte,45.1191,7.8071
10090,Villaggio La Quercia,Piemonte,45.0016,7.4665
10090,Piana San Raffaele,Piemonte,45.1529,7.8501
10090,Montalenghe,Piemonte,45.3367,7.8379
10090,Cuceglio,Piemonte,45.3585,7.8159
10090,Corbiglia,Piemonte,45.0489,7.4935
10090,Ferriera,Piemonte,45.0838,7.4302
10090,Vialfre',Piemonte,45.3808,7.8182
10091,Alpignano,Piemonte,45.0935,7.5239
10092,Beinasco,Piemonte,45.0247,7.5856
10092,Borgaretto,Piemonte,45.004,7.5986
10093,Collegno,Piemonte,45.0787,7.5674
10093,Regina Margherita,Piemonte,45.0667,7.5833
10093,Leumann,Piemonte,45.0864,7.5886
10093,Borgata Paradiso Di Collegno,Piemonte,45.0864,7.5886
10093,Savonera,Piemonte,45.1137,7.6151
10094,Selvaggio,Piemonte,44.9792,7.1524
10094,Giaveno,Piemonte,45.0444,7.3472
10094,Pontepietra,Piemonte,45.0431,7.3188
10094,Valgioie,Piemonte,45.064,7.3493
10095,Grugliasco,Piemonte,45.0652,7.5795
10095,Gerbido,Piemonte,45.0445,7.6141
10095,Lesna,Piemonte,45.0542,7.6203
10098,Cascine Vica,Piemonte,45.0621,7.5277
10098,Bruere,Piemonte,45.0621,7.5277
10098,Tetti Neirotti,Piemonte,45.0534,7.5408
10098,Rivoli,Piemonte,45.0707,7.5146
10099,San Mauro Torinese,Piemonte,45.1036,7.768
10100,Torino,Piemonte,45.0705,7.6868
10121,Torino,Piemonte,45.0705,7.6868
10122,Torino,Piemonte,45.0705,7.6868
10123,Torino,Piemonte,45.0705,7.6868
10124,Torino,Piemonte,45.0705,7.6868
10125,Torino,Piemonte,45.0705,7.6868
10126,Torino,Piemonte,45.0705,7.6868
10127,Torino,Piemonte,45.0705,7.6868
10128,Torino,Piemonte,45.0705,7.6868
10129,Torino,Piemonte,45.0705,7.6868
10130,Torino,Piemonte,45.0705,7.6868
10131,Torino,Piemonte,45.0705,7.6868
10132,Torino,Piemonte,45.0705,7.6868
10132,Superga,Piemonte,45.0833,7.7667
10133,Torino,Piemonte,45.0705,7.6868
10133,Cavoretto,Piemonte,45.0314,7.6921
10134,Torino,Piemonte,45.0705,7.6868
10135,Torino,Piemonte,45.0705,7.6868
10136,Torino,Piemonte,45.0705,7.6868
10137,Torino,Piemonte,45.0705,7.6868
10138,Torino,Piemonte,45.0705,7.6868
10139,Torino,Piemonte,45.0705,7.6868
10140,Torino,Piemonte,45.0705,7.6868
10141,Torino,Piemonte,45.0705,7.6868
10142,Torino,Piemonte,45.0705,7.6868
10143,Torino,Piemonte,45.0705,7.6868
10144,Torino,Piemonte,45.0705,7.6868
10145,Torino,Piemonte,45.0705,7.6868
10146,Torino,Piemonte,45.0705,7.6868
10147,Torino,Piemonte,45.0705,7.6868
10148,Torino,Piemonte,45.0705,7.6868
10149,Torino,Piemonte,45.0705,7.6868
10150,Torino,Piemonte,45.0705,7.6868
10151,Torino,Piemonte,45.0705,7.6868
10152,Torino,Piemonte,45.0705,7.6868
10153,Torino,Piemonte,45.0705,7.6868
10154,Torino,Piemonte,45.0705,7.6868
10155,Torino,Piemonte,45.0705,7.6868
10156,Bertolla Barca,Piemonte,45.0936,7.6934
10156,Torino,Piemonte,45.0705,7.6868
10156,Falchera,Piemonte,45.1167,7.7
28801,Cossogno,Piemonte,45.9641,8.5096
28802,Albo,Piemonte,45.9623,8.454
28802,Mergozzo,Piemonte,45.9623,8.454
28803,Premosello Chiovenda,Piemonte,45.9965,8.3697
28803,Cuzzago,Piemonte,45.9965,8.3697
28804,San Bernardino Verbano,Piemonte,45.9564,8.5192
28804,Bieno,Piemonte,45.9515,8.5124
28805,Vogogna,Piemonte,46.01,8.2914
28811,Cissano,Piemonte,45.9535,8.5801
28811,Cresseglio,Piemonte,45.9555,8.5815
28811,Arizzano,Piemonte,45.9574,8.5829
28812,Aurano,Piemonte,46.0004,8.5882
28813,Bee,Piemonte,45.9633,8.5754
28814,Cambiasca,Piemonte,45.9624,8.5446
28815,Caprezzo,Piemonte,45.982,8.5628
28816,Intragna,Piemonte,45.9947,8.5739
28817,Miazzina,Piemonte,45.9757,8.5231
28818,Premeno,Piemonte,45.9782,8.5959
28819,Vignone,Piemonte,45.9612,8.5637
28821,Cannero Riviera,Piemonte,46.022,8.6793
28822,Cannobio,Piemonte,46.0623,8.6963
28823,Ghiffa,Piemonte,45.953,8.6043
28823,Cargiago,Piemonte,45.953,8.6043
28823,Susello,Piemonte,45.953,8.6043
28824,Gonte,Piemonte,45.9952,8.6498
28824,Oggebbio,Piemonte,45.9909,8.6466
28825,Ponte Di Falmenta,Piemonte,46.0722,8.6033
28826,Trarego Viggiona,Piemonte,46.0317,8.6296
28827,Falmenta,Piemonte,46.0731,8.5894
28827,Airetta,Piemonte,46.0731,8.5894
28827,Cursolo Orasso,Piemonte,46.0731,8.5894
28827,Cavaglio Spoccia,Piemonte,46.0722,8.6033
28828,Gurro,Piemonte,46.085,8.5677
28831,Feriolo,Piemonte,45.9304,8.4794
28831,Feriolo Baveno,Piemonte,45.9304,8.4794
28831,Baveno,Piemonte,45.9082,8.5003
28832,Belgirate,Piemonte,45.8412,8.5706
28833,Brovello Carpugnino,Piemonte,45.8873,8.5208
28836,Vezzo,Piemonte,45.8688,8.5266
28836,Gignese,Piemonte,45.864,8.5094
28838,Isola Bella,Piemonte,45.8954,8.5271
28838,Magognino,Piemonte,45.8656,8.5561
28838,Stresa,Piemonte,45.8816,8.5383
28838,Carciano,Piemonte,45.8808,8.5405
28838,Levo,Piemonte,45.8808,8.5405
28838,Binda,Piemonte,45.8808,8.5405
28841,Antronapiana,Piemonte,46.0609,8.1152
28841,Antrona Schieranco,Piemonte,46.0604,8.1146
28842,Bognanco,Piemonte,46.1229,8.2061
28842,Bognanco Fonti,Piemonte,46.1229,8.2061
28842,Fonti,Piemonte,46.1229,8.2061
28843,Montescheno,Piemonte,46.0666,8.2319
28844,Villadossola,Piemonte,46.0708,8.2671
28845,Domodossola,Piemonte,46.1165,8.2931
28846,Seppiana,Piemonte,46.0583,8.2166
28846,Viganella,Piemonte,46.0517,8.1937
28851,Cuzzego,Piemonte,46.0513,8.2792
28851,Beura Cardezza,Piemonte,46.0796,8.2983
28851,Beura,Piemonte,46.0796,8.2983
28852,Craveggia,Piemonte,46.1412,8.4891
28852,Vocogno,Piemonte,46.1412,8.4891
28853,Druogno,Piemonte,46.1342,8.4328
28854,Finero,Piemonte,46.1066,8.5347
28854,Malesco,Piemonte,46.128,8.498
28854,Zornasco,Piemonte,46.1173,8.5164
28855,Masera,Piemonte,46.1389,8.3253
28856,Re,Piemonte,46.1315,8.5457
28856,Villette,Piemonte,46.1319,8.5342
28857,Santa Maria Maggiore,Piemonte,46.1368,8.4611
28858,Toceno,Piemonte,46.1447,8.469
28859,Trontano,Piemonte,46.1225,8.3332
28861,Baceno,Piemonte,46.2606,8.3187
28862,Crodo,Piemonte,46.2173,8.3224
28863,Formazza,Piemonte,46.3769,8.4257
28864,Roldo,Piemonte,46.1518,8.3212
28864,Montecrestese,Piemonte,46.1645,8.3262
28864,Pontetto,Piemonte,46.1518,8.3212
28865,Crevoladossola,Piemonte,46.1486,8.2974
28865,Preglia,Piemonte,46.1448,8.2942
28866,Premia,Piemonte,46.2681,8.3383
28866,San Rocco,Piemonte,46.3036,8.3679
28868,Trasquera,Piemonte,46.2134,8.2127
28868,Iselle,Piemonte,46.2052,8.1923
28868,Varzo,Piemonte,46.2074,8.2527
28871,Bannio Anzino,Piemonte,45.9767,8.1259
28873,Calasca Castiglione,Piemonte,46.0225,8.2164
28873,Castiglione D'Ossola,Piemonte,46.0225,8.2164
28873,Castiglione,Piemonte,46.0225,8.2164
28875,Ceppo Morelli,Piemonte,45.9711,8.0669
28876,Borca,Piemonte,45.9616,7.9881
28876,Borca Di Macugnaga,Piemonte,45.9616,7.9881
28876,Macugnaga,Piemonte,45.9693,7.9678
28876,Pestarena,Piemonte,45.9595,8.0127
28877,Ornavasso,Piemonte,45.9679,8.4158
28877,Anzola D'Ossola,Piemonte,45.989,8.3453
28879,San Carlo,Piemonte,45.988,8.1315
28879,Vanzone Con San Carlo,Piemonte,45.988,8.1315
28881,Cereda,Piemonte,45.9096,8.4211
28881,Gabbio Con Monte Ossolano,Piemonte,45.9291,8.4084
28881,Sant'Anna,Piemonte,46.0899,8.3424
28881,Casale Corte Cerro,Piemonte,45.9155,8.4141
28881,Ramate,Piemonte,45.9096,8.4211
28881,Gabbio,Piemonte,45.982,8.3772
28883,Granerolo,Piemonte,45.9026,8.4281
28883,Pedemonte,Piemonte,45.9315,8.4219
28883,Gravellona Toce,Piemonte,45.9286,8.4321
28884,Pallanzeno,Piemonte,46.042,8.2595
28885,Piedimulera,Piemonte,46.0241,8.259
28886,Pieve Vergonte,Piemonte,46.013,8.2608
28887,Agrano,Piemonte,45.8459,8.4153
28887,Cireggio,Piemonte,45.8723,8.3899
28887,Bagnella,Piemonte,45.8762,8.4016
28887,Germagno,Piemonte,45.8926,8.3877
28887,Crusinallo,Piemonte,45.8901,8.4082
28887,Omegna,Piemonte,45.88,8.4066
28891,Nonio,Piemonte,45.8458,8.3775
28891,Cesara,Piemonte,45.8338,8.3678
28893,Loreglia,Piemonte,45.9069,8.3713
28894,Madonna Del Sasso,Piemonte,45.7922,8.3695
28895,Forno Di Omegna,Piemonte,45.9355,8.2892
28895,Massiola,Piemonte,45.9125,8.3201
28896,Quarna Sotto,Piemonte,45.8692,8.3633
28897,Fornero,Piemonte,45.9058,8.3317
28897,Valstrona,Piemonte,45.9077,8.3432
28897,Sambughetto,Piemonte,45.9064,8.3121
28897,Luzzogno,Piemonte,45.9148,8.344
28898,Quarna Sopra,Piemonte,45.8731,8.3736
28899,Arola,Piemonte,45.8087,8.3581
28922,Verbania,Piemonte,45.9214,8.5518
13010,Motta De' Conti,Piemonte,45.1936,8.5209
13010,Guardabosone,Piemonte,45.7019,8.2493
13010,Stroppiana,Piemonte,45.2304,8.4546
13010,Civiasco,Piemonte,45.8079,8.2939
13010,Caresana,Piemonte,45.4303,8.4059
13010,Postua,Piemonte,45.4303,8.4059
13010,Villata,Piemonte,45.3865,8.4328
13010,Pezzana,Piemonte,45.2615,8.484
13011,Borgosesia,Piemonte,45.7205,8.2747
13011,Bettole Sesia,Piemonte,45.7296,8.2668
13011,Isolella,Piemonte,45.7387,8.259
13012,Borgo Vercelli,Piemonte,45.3568,8.4646
13012,Prarolo,Piemonte,45.2815,8.4778
13017,Quarona,Piemonte,45.7604,8.2675
13017,Doccio,Piemonte,45.7661,8.2588
13018,Valduggia,Piemonte,45.7272,8.3273
13018,Zuccaro,Piemonte,45.7434,8.3456
13019,Morca,Piemonte,45.821,8.2108
13019,Valmaggia,Piemonte,45.8242,8.2249
13019,Varallo,Piemonte,45.8138,8.2581
13019,Roccapietra,Piemonte,45.7928,8.2763
13020,Pila,Piemonte,45.77,8.0812
13020,Mollia,Piemonte,45.8167,8.0303
13020,Sabbia,Piemonte,45.8572,8.2358
13020,Balmuccia,Piemonte,45.8188,8.1408
13020,Rimella,Piemonte,45.9081,8.1822
13020,Breia,Piemonte,45.765,8.3055
13020,Rassa,Piemonte,45.7682,8.0121
13020,Rossa,Piemonte,45.8333,8.1243
13020,Ferrera,Piemonte,45.867,8.1879
13020,Cravagliana,Piemonte,45.8483,8.2018
13020,Piode,Piemonte,45.7706,8.0527
13020,Ca' Di Ianzo,Piemonte,45.822,8.1313
13020,Vocca,Piemonte,45.8327,8.1958
13021,Riva Valdobbia,Piemonte,45.831,7.9566
13021,Alagna Valsesia,Piemonte,45.8518,7.9375
13022,Fervento,Piemonte,45.8409,8.0822
13022,Boccioleto,Piemonte,45.8305,8.1128
13023,Campertogno,Piemonte,45.7988,8.0321
13024,Cellio,Piemonte,45.7551,8.3119
13025,Fobello,Piemonte,45.89,8.158
13025,Cervatto,Piemonte,45.883,8.1623
13026,Rimasco,Piemonte,45.8602,8.0641
13026,Rima San Giuseppe,Piemonte,45.8844,8.0569
13026,Carcoforo,Piemonte,45.9086,8.0497
13027,Scopa,Piemonte,45.793,8.114
13028,Scopello,Piemonte,45.7737,8.0943
13030,Villarboit,Piemonte,45.4377,8.3369
13030,Rive,Piemonte,45.2136,8.417
13030,Collobiano,Piemonte,45.3967,8.3475
13030,Caresanablot,Piemonte,45.3574,8.392
13030,Ghislarengo,Piemonte,45.5286,8.3851
13030,Greggio,Piemonte,45.4515,8.3849
13030,Oldenico,Piemonte,45.4028,8.381
13030,Albano Vercellese,Piemonte,45.4262,8.3809
13030,Casanova Elvo,Piemonte,45.4002,8.2941
13030,Pertengo,Piemonte,45.2361,8.4165
13030,San Giacomo Vercellese,Piemonte,45.4982,8.3267
13030,Quinto Vercellese,Piemonte,45.3792,8.3621
13030,Formigliana,Piemonte,45.4293,8.2919
13031,Arborio,Piemonte,45.4959,8.3876
13032,Asigliano Vercellese,Piemonte,45.2615,8.4085
13033,Costanzana,Piemonte,45.2374,8.3694
13034,Lignana,Piemonte,45.2861,8.3439
13034,Desana,Piemonte,45.2691,8.3578
13035,Lenta,Piemonte,45.5569,8.384
13036,Ronsecco,Piemonte,45.2528,8.2775
13037,Bornate Sesia,Piemonte,45.6717,8.3228
13037,Vintebbio,Piemonte,45.6586,8.337
13037,Serravalle Sesia,Piemonte,45.6849,8.3085
13038,Tricerro,Piemonte,45.2357,8.3275
13039,Trino,Piemonte,45.1954,8.2962
13040,Moncrivello,Piemonte,45.3324,7.9955
13040,Palazzolo Vercellese,Piemonte,45.1855,8.233
13040,Saluggia,Piemonte,45.2369,8.0146
13040,Rovasenda,Piemonte,45.5387,8.3159
13040,Borgo D'Ale,Piemonte,45.3496,8.052
13040,Crova,Piemonte,45.3307,8.2108
13040,Sali Vercellese,Piemonte,45.3099,8.3289
13040,Buronzo,Piemonte,45.4802,8.2663
13040,Alice Castello,Piemonte,45.3686,8.0732
13040,Salasco,Piemonte,45.3256,8.2642
13040,Sant'Antonino,Piemonte,45.2517,8.0486
13040,Fornace Crocicchio,Piemonte,45.3407,8.1768
13040,Fontanetto Po,Piemonte,45.1944,8.1921
13040,Balocco,Piemonte,45.4559,8.2807
13040,Carisio,Piemonte,45.4102,8.1996
13041,Bianze',Piemonte,45.3075,8.122
13043,Cigliano,Piemonte,45.308,8.0232
13044,San Silvestro,Piemonte,45.1921,8.1444
13044,Crescentino,Piemonte,45.1994,8.0864
13044,San Genuario,Piemonte,45.2147,8.1429
13045,Lozzolo,Piemonte,45.6189,8.3228
13045,Gattinara,Piemonte,45.6131,8.3646
13046,Lamporo,Piemonte,45.2309,8.0985
13046,Livorno Ferraris,Piemonte,45.2827,8.0778
13047,San Germano Vercellese,Piemonte,45.3509,8.2472
13047,Olcenengo,Piemonte,45.3635,8.3098
13048,Santhia',Piemonte,45.3679,8.1701
13049,Tronzano Vercellese,Piemonte,45.3423,8.1737
13060,Roasio,Piemonte,45.6046,8.2848
13060,Sant'Eusebio,Piemonte,45.5928,8.2737
13060,San Maurizio,Piemonte,45.6035,8.2869
13100,Brarola,Piemonte,45.3126,8.4992
13100,Lignana,Piemonte,45.2861,8.3439
13100,Prarolo,Piemonte,45.2815,8.4778
13100,Vercelli,Piemonte,45.3216,8.4199
13100,Cappuccini,Piemonte,45.3003,8.4254
13100,Larizzate,Piemonte,45.2996,8.3861
70010,Cellamare,Puglia,41.0197,16.9274
70010,Turi,Puglia,40.9166,17.0204
70010,Sammichele Di Bari,Puglia,40.8871,16.9492
70010,Trito,Puglia,40.9645,16.9812
70010,Casamassima,Puglia,40.9565,16.9208
70010,Valenzano,Puglia,41.0438,16.8849
70010,San Pietro,Puglia,41.0596,16.9186
70010,Superga,Puglia,41.0583,16.9313
70010,San Marco,Puglia,40.7912,17.319
70010,Adelfia,Puglia,41.0033,16.8721
70010,Locorotondo,Puglia,40.7566,17.3239
70010,Adelfia Canneto,Puglia,41,16.8833
70010,Adelfia Montrone,Puglia,41,16.8833
70010,Capurso,Puglia,41.046,16.9217
70011,Coreggia,Puglia,40.8066,17.2635
70011,Alberobello,Puglia,40.7845,17.2362
70013,Castellana Grotte,Puglia,40.8864,17.1655
70014,Triggianello,Puglia,40.9252,17.1687
70014,Conversano,Puglia,40.9684,17.1133
70015,Lamadacqua,Puglia,40.7936,17.1268
70015,Noci,Puglia,40.7936,17.1268
70016,Parco Scizzo,Puglia,41.0746,16.9933
70016,Noicattaro,Puglia,41.0345,16.9896
70016,Parchitello,Puglia,41.0746,16.9933
70017,San Michele In Monte Laureto,Puglia,40.8229,17.1086
70017,Putignano,Puglia,40.8511,17.1219
70017,San Pietro Piturno,Puglia,40.8673,17.0848
70018,Rutigliano,Puglia,41.01,17.0056
70019,Triggiano,Puglia,41.0655,16.925
70020,Bitritto,Puglia,41.0434,16.8268
70020,Bitetto,Puglia,41.0415,16.7481
70020,Cassano Delle Murge,Puglia,40.8911,16.7653
70020,Toritto,Puglia,40.9977,16.6794
70020,Poggiorsini,Puglia,40.914,16.2561
70020,Binetto,Puglia,41.0234,16.7099
70021,Acquaviva Delle Fonti,Puglia,40.897,16.8433
70022,Parisi,Puglia,40.8716,16.4693
70022,Altamura,Puglia,40.8266,16.5495
70022,Curtaniello,Puglia,40.8491,16.5094
70023,Murgia,Puglia,40.7997,16.923
70023,Gioia Del Colle,Puglia,40.7997,16.923
70024,Dolcecanto,Puglia,40.8559,16.3301
70024,Gravina In Puglia,Puglia,40.8175,16.4191
70024,La Murgetta,Puglia,40.8409,16.3957
70024,Murgetta,Puglia,40.8492,16.4379
70025,Grumo Appula,Puglia,41.0109,16.7084
70026,Modugno,Puglia,41.0843,16.7834
70027,Palo Del Colle,Puglia,41.0556,16.7032
70028,Sannicandro Di Bari,Puglia,41.0005,16.7971
70029,Santeramo In Colle,Puglia,40.7924,16.7587
70032,Mariotto,Puglia,41.0503,16.5614
70032,Palombaio,Puglia,41.0704,16.6096
70032,Bitonto,Puglia,41.1101,16.6909
70033,Corato,Puglia,41.1517,16.4114
70037,Ruvo Di Puglia,Puglia,41.1176,16.4842
70038,Terlizzi,Puglia,41.1291,16.5454
70042,San Maderno,Puglia,41.0355,17.0467
70042,Cozze,Puglia,41.0365,17.1382
70042,Mola Di Bari,Puglia,41.06,17.09
70043,Lamalunga,Puglia,40.8714,17.3448
70043,Sant'Antonio D'Ascula,Puglia,40.8816,17.3389
70043,Santa Lucia,Puglia,40.8458,17.2912
70043,Monopoli,Puglia,40.9559,17.2896
70043,Cozzana,Puglia,40.9203,17.2226
70043,Gorgofreddo,Puglia,40.8858,17.2634
70043,Impalata,Puglia,40.8707,17.2811
70043,Antonelli,Puglia,40.8959,17.2349
70044,Polignano A Mare,Puglia,40.9922,17.2215
70054,Giovinazzo,Puglia,41.185,16.6705
70056,Molfetta,Puglia,41.2004,16.599
70100,Bari,Puglia,41.1115,16.8554
70121,Bari,Puglia,41.1115,16.8554
70122,Bari,Puglia,41.1115,16.8554
70123,San Cataldo,Puglia,40.9312,16.7513
70123,Stanic,Puglia,41.1181,16.824
70123,San Girolamo,Puglia,41.1181,16.824
70123,San Paolo,Puglia,41.1248,16.7926
70123,Fesca,Puglia,41.1181,16.824
70123,San Francesco Dell'Arena,Puglia,41.1181,16.824
70123,Bari,Puglia,41.1115,16.8554
70124,Bari,Puglia,41.1115,16.8554
70124,Picone,Puglia,41.1115,16.8554
70124,Poggio Franco,Puglia,41.1115,16.8554
70125,Carrassi,Puglia,41.1071,16.8465
70125,Bari,Puglia,41.1115,16.8554
70125,San Pasquale,Puglia,40.9312,16.7513
70126,Japigia,Puglia,41.1071,16.8465
70126,Mungivacca,Puglia,41.0974,16.9277
70126,Bari,Puglia,41.1115,16.8554
70126,Torre A Mare,Puglia,41.0833,17
70127,Bari,Puglia,41.1115,16.8554
70127,Santo Spirito,Puglia,41.1667,16.75
70128,Palese,Puglia,41.15,16.7667
70128,Bari,Puglia,41.1115,16.8554
70129,Bari,Puglia,41.1115,16.8554
70129,Loseto,Puglia,41.0421,16.8492
70129,Ceglie Del Campo,Puglia,41.05,16.8667
70130,Bari,Puglia,41.1115,16.8554
70131,Bari,Puglia,41.1115,16.8554
70131,Carbonara Di Bari,Puglia,41.0667,16.8667
70132,Bari,Puglia,41.1115,16.8554
72012,Serranova Di Carovigno,Puglia,40.6935,17.7638
72012,Serranova,Puglia,40.6935,17.7638
72012,Carovigno,Puglia,40.7063,17.6585
72013,Ceglie Messapica,Puglia,40.6462,17.5166
72014,Cisternino,Puglia,40.7433,17.4259
72014,Casalini,Puglia,40.7378,17.4706
72014,Caranna,Puglia,40.7697,17.4215
72015,Pezze Di Greco,Puglia,40.81,17.4133
72015,Montalbano,Puglia,40.7783,17.4816
72015,Stazione Di Fasano,Puglia,40.8465,17.3818
72015,Fasano,Puglia,40.8362,17.3601
72015,Madonna Pozzo Guacito,Puglia,40.8076,17.4513
72015,Lamie Di Olimpie,Puglia,40.8171,17.3348
72015,Savelletri,Puglia,40.8746,17.4087
72015,Marina Di Savelletri,Puglia,40.8259,17.4024
72015,Torre Canne,Puglia,40.8346,17.4684
72015,Selva,Puglia,40.8259,17.4024
72015,Selva Di Fasano,Puglia,40.8279,17.322
72016,Montalbano Di Fasano,Puglia,40.7783,17.4816
72016,Pozzo Guacito,Puglia,40.8076,17.4513
72017,Ostuni,Puglia,40.7291,17.5768
72018,San Michele Salentino,Puglia,40.6316,17.6325
72019,San Vito Dei Normanni,Puglia,40.6564,17.7081
72020,Erchie,Puglia,40.4361,17.7361
72020,Cellino San Marco,Puglia,40.4713,17.9643
72020,Tuturano,Puglia,40.5447,17.9475
72020,Torchiarolo,Puglia,40.4835,18.0512
72021,Capece Bax,Puglia,40.5575,17.5734
72021,Francavilla Fontana,Puglia,40.5312,17.5852
72021,Capece,Puglia,40.5838,17.5615
72022,Latiano,Puglia,40.5505,17.7186
72023,Mesagne,Puglia,40.5585,17.8077
72024,San Cosimo Alla Macchia,Puglia,40.5,17.6428
72024,Oria,Puglia,40.5,17.6428
72024,San Cosimo,Puglia,40.5,17.6428
72025,San Donaci,Puglia,40.4485,17.9225
72026,San Pancrazio Salentino,Puglia,40.418,17.8342
72027,San Pietro Vernotico,Puglia,40.4889,17.9975
72028,Torre Santa Susanna,Puglia,40.4676,17.7386
72029,Villa Castelli,Puglia,40.5829,17.4747
72100,Brindisi,Puglia,40.6321,17.9361
72100,Brindisi Casale,Puglia,40.6321,17.9361
76011,Bisceglie,Puglia,41.2426,16.501
76012,Canosa Di Puglia,Puglia,41.2195,16.0677
76012,Loconia,Puglia,41.22,16.1501
76013,Minervino Murge,Puglia,41.0826,16.0786
76014,Spinazzola,Puglia,40.964,16.0911
76015,Trinitapoli,Puglia,41.3565,16.0892
76016,Margherita Di Savoia,Puglia,41.3717,16.1527
76017,San Ferdinando Di Puglia,Puglia,41.3026,16.0705
76121,Barletta,Puglia,41.3143,16.2817
76123,Andria,Puglia,41.2312,16.298
76123,Montegrosso,Puglia,41.1744,16.1399
76125,Trani,Puglia,41.2773,16.4101
71010,Serracapriola,Puglia,41.8091,15.161
71010,Ischitella,Puglia,41.9043,15.8995
71010,San Paolo Di Civitate,Puglia,41.7389,15.2608
71010,Ripalta,Puglia,41.8608,15.2721
71010,Carpino,Puglia,41.8445,15.8571
71010,Foce Varano,Puglia,41.9196,15.8119
71010,Poggio Imperiale,Puglia,41.825,15.3668
71010,Cagnano Varano,Puglia,41.8283,15.772
71010,Rignano Garganico,Puglia,41.6793,15.5883
71010,Peschici,Puglia,41.8271,15.5343
71010,Difensola,Puglia,41.8271,15.5343
71010,Chieuti,Puglia,41.8271,15.5343
71010,Lesina,Puglia,41.8612,15.3532
71010,Chieuti Scalo,Puglia,41.8271,15.5343
71011,Apricena,Puglia,41.7863,15.4439
71012,Rodi Garganico,Puglia,41.9274,15.8822
71013,San Giovanni Rotondo,Puglia,41.7064,15.7277
71013,Matine,Puglia,41.7064,15.7277
71014,Borgo Celano,Puglia,41.7037,15.6574
71014,San Marco In Lamis,Puglia,41.7121,15.6382
71015,San Nicandro Garganico,Puglia,41.8098,15.6221
71016,San Severo,Puglia,41.6856,15.3815
71017,Petrulli,Puglia,41.6889,15.2941
71017,Torremaggiore,Puglia,41.6889,15.2941
71018,Umbra,Puglia,41.9163,15.9516
71018,Vico Del Gargano,Puglia,41.8966,15.9568
71018,San Menaio,Puglia,41.936,15.9465
71019,Vieste,Puglia,41.8821,16.1714
71020,Castelluccio Valmaggiore,Puglia,41.3429,15.1994
71020,Rocchetta Sant'Antonio Stazione,Puglia,41.2295,15.2602
71020,Faeto,Puglia,41.3249,15.1605
71020,Panni,Puglia,41.2208,15.2756
71020,Monteleone Di Puglia,Puglia,41.1671,15.2582
71020,Rocchetta Sant'Antonio,Puglia,41.1033,15.4599
71020,Celle Di San Vito,Puglia,41.3259,15.181
71020,Anzano Di Puglia,Puglia,41.1216,15.2869
71021,Accadia,Puglia,41.1577,15.331
71022,Ascoli Satriano,Puglia,41.2037,15.5665
71022,San Carlo,Puglia,41.1353,15.7099
71022,San Carlo D'Ascoli,Puglia,41.1353,15.7099
71023,Bovino,Puglia,41.2492,15.3395
71024,Candela,Puglia,41.136,15.5154
71025,Castelluccio Dei Sauri,Puglia,41.3046,15.4756
71026,Deliceto,Puglia,41.2229,15.3845
71027,Orsara Di Puglia,Puglia,41.2816,15.2676
71028,Sant'Agata Di Puglia,Puglia,41.1513,15.3797
71029,Borgo Giardinetto,Puglia,41.3643,15.3173
71029,Troia,Puglia,41.3643,15.3173
71030,San Marco La Catola,Puglia,41.5248,15.0059
71030,Motta Montecorvino,Puglia,41.5074,15.1141
71030,Volturara Appula,Puglia,41.496,15.0522
71030,Zapponeta,Puglia,41.5323,15.0639
71030,Carlantino,Puglia,41.5939,14.9768
71030,Casalvecchio Di Puglia,Puglia,41.5947,15.11
71030,Macchia,Puglia,41.5323,15.0639
71030,Mattinata,Puglia,41.5323,15.0639
71030,Fonterosa,Puglia,41.5323,15.0639
71030,Volturino,Puglia,41.4772,15.1242
71031,Alberona,Puglia,41.4322,15.123
71032,Biccari,Puglia,41.3974,15.1964
71032,Berardinone,Puglia,41.4668,15.272
71033,Casalnuovo Monterotaro,Puglia,41.6194,15.1041
71034,Castelnuovo Della Daunia,Puglia,41.5814,15.118
71035,Celenza Valfortore,Puglia,41.5605,14.979
71036,Lucera,Puglia,41.5055,15.3391
71036,Palmori,Puglia,41.5055,15.3391
71037,Monte Sant'Angelo,Puglia,41.5117,15.1161
71038,Pietramontecorvino,Puglia,41.5423,15.1289
71039,Roseto Valfortore,Puglia,41.3754,15.0982
71040,San Nicola,Puglia,42.1225,15.5079
71040,San Domino,Puglia,42.1162,15.4908
71040,Ordona,Puglia,41.315,15.6283
71040,Borgata Mezzanone,Puglia,41.8194,15.569
71040,Mezzanone,Puglia,41.4209,15.7101
71040,San Nicola Di Tremiti,Puglia,42.1225,15.5079
71040,Isole Tremiti,Puglia,41.8194,15.569
71041,Carapelle,Puglia,41.3637,15.6938
71042,Borgo Liberta',Puglia,41.1865,15.7122
71042,Tressanti,Puglia,41.3958,15.8605
71042,Cerignola,Puglia,41.2652,15.8956
71042,Borgo Tressanti,Puglia,41.2473,15.8302
71042,Moschella,Puglia,41.1417,15.8525
71042,La Moschella,Puglia,41.2473,15.8302
71043,Manfredonia,Puglia,41.6307,15.9188
71043,Siponto,Puglia,41.6053,15.8709
71045,Orta Nova,Puglia,41.3288,15.7099
71047,Stornara,Puglia,41.2867,15.77
71048,Stornarella,Puglia,41.2559,15.7302
71100,Tavernola,Puglia,41.4764,15.6834
71100,Borgo Cervaro,Puglia,41.4405,15.5962
71100,Segezia,Puglia,41.3856,15.4944
71100,Cervaro,Puglia,41.3959,15.5937
71100,Rignano Garganico Scalo,Puglia,41.4405,15.5962
71100,Borgo Incoronata,Puglia,41.5384,15.5608
71100,Foggia,Puglia,41.4584,15.5519
71100,Arpinova,Puglia,41.5349,15.5937
71100,Incoronata,Puglia,41.3919,15.6603
71121,Foggia,Puglia,41.4584,15.5519
71122,Foggia,Puglia,41.4584,15.5519
73010,Sternatia,Puglia,40.2202,18.2275
73010,Veglie,Puglia,40.3347,17.9624
73010,Dragoni,Puglia,40.3,18.1333
73010,Galugnano,Puglia,40.256,18.2147
73010,Porto Cesareo,Puglia,40.2623,17.899
73010,San Pietro In Lama,Puglia,40.3071,18.1279
73010,Surbo,Puglia,40.3938,18.1346
73010,San Donato Di Lecce,Puglia,40.2673,18.1826
73010,Zollino,Puglia,40.2058,18.2477
73010,Villa Baldassarri,Puglia,40.416,17.9649
73010,Riesci,Puglia,40.3455,18.0933
73010,Caprarica Di Lecce,Puglia,40.2606,18.2443
73010,Torre Lapillo,Puglia,40.2874,17.8495
73010,Sogliano Cavour,Puglia,40.1483,18.1974
73010,Arnesano,Puglia,40.3368,18.0914
73010,Guagnano,Puglia,40.4012,17.949
73010,Lequile,Puglia,40.3058,18.1402
73010,Soleto,Puglia,40.1878,18.2063
73011,Alezio,Puglia,40.0623,18.0571
73012,Campi Salentina,Puglia,40.3975,18.0214
73013,Galatina,Puglia,40.1742,18.1703
73013,Collemeto,Puglia,40.2089,18.1029
73013,Santa Barbara,Puglia,40.224,18.0784
73013,Noha,Puglia,40.1532,18.1657
73014,Gallipoli,Puglia,40.0559,17.9909
73015,Salice Salentino,Puglia,40.3849,17.9613
73016,San Cesario Di Lecce,Puglia,40.3022,18.161
73017,San Simone,Puglia,40.1733,18.1773
73017,Sannicola,Puglia,40.0924,18.0676
73017,Lido Conchiglie,Puglia,40.1097,18.0104
73017,Chiesanuova,Puglia,40.0875,18.0555
73018,Squinzano,Puglia,40.4351,18.0409
73019,Trepuzzi,Puglia,40.4053,18.0763
73020,Casamassella,Puglia,40.1142,18.451
73020,Cursi,Puglia,40.1485,18.316
73020,Cavallino,Puglia,40.3102,18.2022
73020,Carpignano Salentino,Puglia,40.1954,18.3383
73020,Scorrano,Puglia,40.0902,18.2999
73020,Castri Di Lecce,Puglia,40.2736,18.2624
73020,Castromediano,Puglia,40.328,18.1788
73020,Cannole,Puglia,40.1659,18.3646
73020,Giurdignano,Puglia,40.1237,18.4315
73020,Martignano,Puglia,40.2382,18.256
73020,Castrignano De' Greci,Puglia,40.1734,18.2964
73020,Nociglia,Puglia,40.038,18.3276
73020,Bagnolo Del Salento,Puglia,40.1491,18.3521
73020,Palmariggi,Puglia,40.131,18.3786
73020,Cerfignano,Puglia,40.0611,18.4429
73020,Santa Cesarea Terme,Puglia,40.0361,18.4554
73020,Vitigliano,Puglia,40.0395,18.4117
73020,Cutrofiano,Puglia,40.1262,18.2026
73020,Serrano,Puglia,40.1844,18.3516
73020,Uggiano La Chiesa,Puglia,40.1009,18.4487
73020,Botrugno,Puglia,40.0636,18.3225
73020,San Cassiano,Puglia,40.0563,18.3339
73020,Melpignano,Puglia,40.1562,18.2919
73021,Calimera,Puglia,40.2495,18.2798
73022,Corigliano D'Otranto,Puglia,40.1592,18.256
73023,Lizzanello,Puglia,40.3048,18.2228
73023,Merine,Puglia,40.3342,18.2238
73024,Morigino,Puglia,40.1418,18.3098
73024,Maglie,Puglia,40.1207,18.298
73025,Martano,Puglia,40.2021,18.3019
73026,San Foca,Puglia,40.2978,18.4014
73026,Melendugno,Puglia,40.2725,18.338
73026,Rocca Vecchia,Puglia,40.2925,18.42
73026,Torre Dell'Orso,Puglia,40.2733,18.4258
73026,Borgagne,Puglia,40.2411,18.3766
73026,Roca,Puglia,40.2755,18.3924
73027,Specchia Gallone,Puglia,40.0873,18.4096
73027,Cocumola,Puglia,40.0661,18.4301
73027,Minervino Di Lecce,Puglia,40.0902,18.4214
73028,Otranto,Puglia,40.1479,18.4868
73029,Struda',Puglia,40.3199,18.2818
73029,Vernole,Puglia,40.2883,18.3016
73029,Pisignano,Puglia,40.3047,18.2716
73029,Vanze,Puglia,40.3222,18.3173
73029,Acquarica Di Lecce,Puglia,40.3139,18.2939
73029,Acaia,Puglia,40.3344,18.2973
73030,Montesano Salentino,Puglia,39.9754,18.3228
73030,Tiggiano,Puglia,39.9028,18.365
73030,Diso,Puglia,40.0092,18.3914
73030,Giuggianello,Puglia,40.0938,18.3689
73030,Ortelle,Puglia,40.0337,18.3912
73030,Castro Marina,Puglia,39.998,18.419
73030,Sanarica,Puglia,40.0891,18.348
73030,Surano,Puglia,40.0282,18.3459
73030,Marittima,Puglia,39.9961,18.3989
73030,Vignacastrisi,Puglia,40.016,18.407
73031,Montesardo,Puglia,39.8757,18.3397
73031,Alessano,Puglia,39.8938,18.3322
73032,Castiglione,Puglia,39.9833,18.35
73032,Andrano,Puglia,39.9855,18.3823
73033,Corsano,Puglia,39.8891,18.3675
73034,Gagliano Del Capo,Puglia,39.8432,18.3696
73034,San Dana,Puglia,39.8642,18.3532
73034,Arigliano,Puglia,39.8444,18.3626
73035,Miggiano,Puglia,39.9618,18.3112
73036,Muro Leccese,Puglia,40.1029,18.3367
73037,Poggiardo,Puglia,40.0531,18.3782
73037,Vaste,Puglia,40.0473,18.387
73038,Spongano,Puglia,40.0178,18.3656
73039,Tutino,Puglia,39.9333,18.35
73039,Caprarica Del Capo,Puglia,39.9167,18.35
73039,Depressa,Puglia,39.9591,18.3617
73039,Tricase Porto,Puglia,39.9334,18.3954
73039,Sant'Eufemia,Puglia,39.9333,18.35
73039,Tricase,Puglia,39.9302,18.3542
73039,Lucugnano,Puglia,39.9349,18.3217
73040,Marina Di Leuca,Puglia,39.9371,18.237
73040,Felline,Puglia,39.9365,18.1182
73040,Alliste,Puglia,39.948,18.0897
73040,Castrignano Del Capo,Puglia,39.8328,18.3509
73040,Collepasso,Puglia,40.0712,18.1622
73040,Supersano,Puglia,40.0166,18.2421
73040,Specchia,Puglia,39.9391,18.2978
73040,Neviano,Puglia,40.1065,18.1152
73040,Morciano Di Leuca,Puglia,39.8472,18.3109
73040,Leuca,Puglia,39.8003,18.3567
73040,Aradeo,Puglia,40.1292,18.1295
73040,Barbarano Del Capo,Puglia,39.8633,18.3274
73040,Giuliano Di Lecce,Puglia,39.8488,18.3367
73040,Melissano,Puglia,39.9731,18.1211
73040,Acquarica Del Capo,Puglia,39.9098,18.2468
73040,Salignano,Puglia,39.8333,18.35
73041,Magliano,Puglia,40.3374,18.0629
73041,Carmiano,Puglia,40.344,18.0419
73042,Casarano,Puglia,40.0113,18.1624
73043,Copertino,Puglia,40.2682,18.0543
73044,Galatone,Puglia,40.1467,18.0694
73045,Leverano,Puglia,40.2885,17.9965
73046,Matino,Puglia,40.0308,18.1363
73047,Monteroni Di Lecce,Puglia,40.3193,18.0916
73048,Nardo',Puglia,40.1795,18.0317
73049,Ruffano,Puglia,39.9819,18.2497
73049,Torrepaduli,Puglia,39.9884,18.254
73050,Boncore,Puglia,40.2964,17.8586
73050,Ruggiano,Puglia,39.8701,18.3155
73050,Secli',Puglia,40.119,18.1093
73050,Salve,Puglia,39.8611,18.2949
73050,Santa Maria Al Bagno,Puglia,40.1292,17.9958
73050,Villaggio Boncore,Puglia,40.2964,17.8586
73050,Santa Chiara,Puglia,40.3046,17.8773
73050,Santa Chiara Di Nardo',Puglia,40.3046,17.8773
73050,Santa Caterina,Puglia,40.1422,17.9835
73051,Novoli,Puglia,40.3767,18.0476
73051,Villa Convento,Puglia,40.3767,18.0476
73052,Parabita,Puglia,40.0514,18.1265
73053,Patu',Puglia,39.8408,18.3378
73054,Presicce,Puglia,39.9005,18.2628
73055,Racale,Puglia,39.9609,18.0915
73056,Taurisano,Puglia,39.9575,18.215
73057,Taviano,Puglia,39.9822,18.0815
73058,Tuglie,Puglia,40.0735,18.0987
73059,Gemini,Puglia,39.9113,18.1874
73059,Ugento,Puglia,39.9272,18.1583
73100,Frigole,Puglia,40.4276,18.2437
73100,Lecce,Puglia,40.3548,18.1724
73100,San Cataldo,Puglia,40.3905,18.3003
73100,Torre Chianca,Puglia,40.4626,18.1995
74010,Statte,Puglia,40.5286,17.2012
74011,Marina Di Castellaneta,Puglia,40.4682,16.9371
74011,Castellaneta,Puglia,40.6279,16.9329
74011,Borgo Perrone,Puglia,40.5303,16.9349
74011,Case Perrone,Puglia,40.4948,16.9347
74012,Crispiano,Puglia,40.6038,17.2329
74013,Ginosa,Puglia,40.5769,16.7565
74014,Laterza,Puglia,40.6288,16.7995
74015,San Paolo,Puglia,40.644,17.3239
74015,Martina Franca,Puglia,40.7035,17.3381
74015,Carpari,Puglia,40.6738,17.331
74015,Specchia Tarantina,Puglia,40.6738,17.331
74015,Lanzo Di Martina Franca,Puglia,40.6738,17.331
74016,Massafra,Puglia,40.5862,17.1164
74017,Mottola,Puglia,40.6389,17.0343
74017,San Basilio Mottola,Puglia,40.6884,16.9736
74018,Palagianello,Puglia,40.6085,16.978
74019,Conca D'Oro,Puglia,40.5776,17.0381
74019,Palagiano,Puglia,40.5776,17.0381
74020,Leporano,Puglia,40.3822,17.3343
74020,Lizzano,Puglia,40.393,17.4457
74020,Maruggio,Puglia,40.3205,17.5705
74020,Monteiasi,Puglia,40.4999,17.3826
74020,Faggiano,Puglia,40.4162,17.3886
74020,Roccaforzata,Puglia,40.437,17.3899
74020,Monteparano,Puglia,40.4434,17.4131
74020,Avetrana,Puglia,40.3507,17.7326
74020,San Marzano Di San Giuseppe,Puglia,40.4545,17.5035
74020,Torricella,Puglia,40.3551,17.4985
74020,Montemesola,Puglia,40.5676,17.3367
74020,Leporano Marina,Puglia,40.3786,17.3096
74021,Carosino,Puglia,40.4654,17.3986
74022,Fragagnano,Puglia,40.4302,17.4755
74023,Grottaglie,Puglia,40.5369,17.4372
74024,Uggiano Montefusco,Puglia,40.3861,17.6046
74024,San Pietro In Bevagna,Puglia,40.3044,17.6474
74024,Manduria,Puglia,40.399,17.6373
74024,Specchiarica,Puglia,40.309,17.6776
74025,Marina Di Ginosa,Puglia,40.4283,16.88
74026,Pulsano,Puglia,40.3811,17.3561
74026,Bosco Caggione,Puglia,40.3551,17.3643
74026,Monti D'Arena,Puglia,40.3551,17.3643
74026,Lido Silvana,Puglia,40.3638,17.3616
74027,San Giorgio Ionico,Puglia,40.458,17.3803
74028,Sava,Puglia,40.402,17.5527
74100,Talsano,Puglia,40.4,17.2833
74100,San Vito Taranto,Puglia,40.448,17.2628
74100,Paolo Vi,Puglia,40.5222,17.274
74100,Taranto,Puglia,40.4644,17.2471
74100,Lama,Puglia,40.4053,17.2469
74121,Taranto,Puglia,40.4644,17.2471
74122,Taranto,Puglia,40.4644,17.2471
74123,Taranto,Puglia,40.4644,17.2471
08030,Nuragus,Sardegna,39.2071,9.1074
08030,Serri,Sardegna,39.2071,9.1074
08030,Lixius,Sardegna,39.2071,9.1074
08030,Nurallao,Sardegna,39.2071,9.1074
08030,Sadali,Sardegna,39.2071,9.1074
08030,Esterzili,Sardegna,39.2071,9.1074
08030,Seulo,Sardegna,39.2071,9.1074
08030,Orroli,Sardegna,39.2071,9.1074
08030,Gergei,Sardegna,39.2071,9.1074
08030,Escolca,Sardegna,39.2071,9.1074
08030,Villanova Tulo,Sardegna,39.2071,9.1074
08033,Isili,Sardegna,39.2071,9.1074
08035,Nurri,Sardegna,39.2071,9.1074
08043,Escalaplano,Sardegna,39.2071,9.1074
09010,Forte Village,Sardegna,39.2071,9.1074
09010,Decimoputzu,Sardegna,39.2071,9.1074
09010,Vallermosa,Sardegna,39.2071,9.1074
09010,Domus De Maria,Sardegna,39.2071,9.1074
09010,Villaspeciosa,Sardegna,39.2071,9.1074
09010,Siliqua,Sardegna,39.2071,9.1074
09010,Uta,Sardegna,39.2919,8.9523
09010,Pula,Sardegna,39.0073,9.0022
09010,Villa San Pietro,Sardegna,39.0355,8.997
09012,La Maddalena,Sardegna,39.1443,9.0122
09012,Capoterra,Sardegna,39.1752,8.972
09012,Poggio Dei Pini,Sardegna,39.1472,8.9714
09012,San Leone,Sardegna,39.1555,8.9852
09018,Sarroch,Sardegna,39.0658,9.0094
09018,Villa D'Orri,Sardegna,39.1122,9.0094
09019,Teulada,Sardegna,39.2071,9.1074
09020,Ussana,Sardegna,39.2071,9.1074
09020,Pimentel,Sardegna,39.2071,9.1074
09020,Samatzai,Sardegna,39.2071,9.1074
09023,Monastir,Sardegna,39.2071,9.1074
09024,Villagreca,Sardegna,39.2071,9.1074
09024,Nuraminis,Sardegna,39.2071,9.1074
09026,San Sperate,Sardegna,39.2071,9.1074
09028,Sestu,Sardegna,39.2985,9.0925
09030,Elmas,Sardegna,39.2688,9.0502
09032,Macchiareddu,Sardegna,39.2319,8.9772
09032,Assemini,Sardegna,39.2912,8.9988
09033,Decimomannu,Sardegna,39.3103,8.9696
09034,Villasor,Sardegna,39.2071,9.1074
09040,Silius,Sardegna,39.2071,9.1074
09040,Siurgus Donigala,Sardegna,39.2071,9.1074
09040,Gesico,Sardegna,39.2071,9.1074
09040,Suelli,Sardegna,39.2071,9.1074
09040,Soleminis,Sardegna,39.2071,9.1074
09040,Selegas,Sardegna,39.2071,9.1074
09040,Mandas,Sardegna,39.2071,9.1074
09040,Guamaggiore,Sardegna,39.2071,9.1074
09040,Santa Maria,Sardegna,39.2071,9.1074
09040,Villasalto,Sardegna,39.2071,9.1074
09040,Donori',Sardegna,39.2071,9.1074
09040,Senorbi',Sardegna,39.2071,9.1074
09040,Arixi,Sardegna,39.2071,9.1074
09040,Goni,Sardegna,39.2071,9.1074
09040,Sant'Andrea Frius,Sardegna,39.2071,9.1074
09040,Ballao,Sardegna,39.2071,9.1074
09040,Guasila,Sardegna,39.2071,9.1074
09040,San Nicolo' Gerrei,Sardegna,39.2071,9.1074
09040,Burcei,Sardegna,39.2071,9.1074
09040,Barrali,Sardegna,39.2071,9.1074
09040,Castiadas,Sardegna,39.2071,9.1074
09040,Ortacesus,Sardegna,39.2071,9.1074
09040,San Vito,Sardegna,39.2071,9.1074
09040,Serdiana,Sardegna,39.2071,9.1074
09040,Armungia,Sardegna,39.2071,9.1074
09040,Sisini,Sardegna,39.2071,9.1074
09040,Villaputzu,Sardegna,39.2071,9.1074
09040,San Basilio,Sardegna,39.2866,9.3353
09040,Maracalagonis,Sardegna,39.2857,9.2287
09040,Settimo San Pietro,Sardegna,39.2911,9.1857
09041,Dolianova,Sardegna,39.2071,9.1074
09042,Monserrato,Sardegna,39.2564,9.1444
09043,Muravera,Sardegna,39.2071,9.1074
09044,Quartucciu,Sardegna,39.2526,9.1776
09045,Quartu Sant'Elena,Sardegna,39.2294,9.25
09045,Flumini Di Quartu Sant'Elena,Sardegna,39.2169,9.2844
09047,Su Planu,Sardegna,39.2549,9.1066
09047,Selargius,Sardegna,39.2578,9.1632
09048,Sinnai,Sardegna,39.3029,9.2028
09049,Villasimius,Sardegna,39.2071,9.1074
09100,Cagliari,Sardegna,39.2305,9.1192
09121,Cagliari,Sardegna,39.2305,9.1192
09122,Cagliari,Sardegna,39.2305,9.1192
09123,Cagliari,Sardegna,39.2305,9.1192
09124,Cagliari,Sardegna,39.2305,9.1192
09125,Cagliari,Sardegna,39.2305,9.1192
09126,San Bartolomeo,Sardegna,39.2153,9.1392
09126,Cagliari,Sardegna,39.2305,9.1192
09126,Lazzaretto,Sardegna,39.2153,9.1392
09126,Cala Mosca,Sardegna,39.2153,9.1392
09126,Poetto,Sardegna,39.2,9.1592
09127,Cagliari,Sardegna,39.2305,9.1192
09128,Cagliari,Sardegna,39.2305,9.1192
09129,Cagliari,Sardegna,39.2305,9.1192
09130,Cagliari,Sardegna,39.2305,9.1192
09131,Cagliari,Sardegna,39.2305,9.1192
09134,Cagliari,Sardegna,39.2305,9.1192
09134,Pirri,Sardegna,39.2461,9.1278
08010,Lei,Sardegna,40.3064,8.9186
08010,Noragugume,Sardegna,40.2244,8.9201
08010,Birori,Sardegna,40.2659,8.8157
08010,Dualchi,Sardegna,40.2293,8.8972
08011,Bolotana,Sardegna,40.3244,8.9611
08012,Bortigali,Sardegna,40.2827,8.8395
08012,Mulargia,Sardegna,40.2937,8.7935
08015,Macomer,Sardegna,40.2623,8.7673
08016,Borore,Sardegna,40.2158,8.8037
08017,Silanus,Sardegna,40.2871,8.892
08018,Sindia,Sardegna,40.2952,8.6571
08020,Onani,Sardegna,40.4854,9.4432
08020,Sarule,Sardegna,40.5971,9.5772
08020,Mamone,Sardegna,40.5721,9.4208
08020,Lodine,Sardegna,40.5971,9.5772
08020,Orune,Sardegna,40.4079,9.3696
08020,Berchidda,Sardegna,40.1817,9.3691
08020,Ottana,Sardegna,40.234,9.0446
08020,Ovodda,Sardegna,40.5971,9.5772
08020,Monte Longu,Sardegna,40.619,9.7321
08020,Ovedi',Sardegna,40.5971,9.5772
08020,Sant'Efisio,Sardegna,40.5971,9.5772
08020,Sa Pala Ruia,Sardegna,40.5971,9.5772
08020,Tiana,Sardegna,40.5971,9.5772
08020,Orotelli,Sardegna,40.3066,9.1215
08020,Brunella,Sardegna,40.6889,9.6362
08020,Onifai,Sardegna,40.4069,9.6501
08020,Gavoi,Sardegna,40.1613,9.1946
08020,Su Cossu,Sardegna,40.6743,9.6006
08020,Posada,Sardegna,40.632,9.719
08020,Loculi,Sardegna,40.407,9.6106
08020,Irgoli,Sardegna,40.41,9.6314
08020,San Giovanni,Sardegna,40.6174,9.7462
08020,Sas Murtas,Sardegna,40.6714,9.6978
08020,Talava',Sardegna,40.6822,9.6348
08020,Galtelli,Sardegna,40.3845,9.6124
08020,Concas,Sardegna,40.6494,9.5655
08020,Su Pradu,Sardegna,40.4107,9.3553
08020,S'Ena Sa Chitta,Sardegna,40.5496,9.786
08020,Lode',Sardegna,40.5914,9.5387
08020,Torpe',Sardegna,40.6278,9.6792
08020,Oniferi,Sardegna,40.272,9.1703
08020,Lula,Sardegna,40.4705,9.4868
08020,Osidda,Sardegna,40.5237,9.2205
08020,Olzai,Sardegna,40.1824,9.1468
08020,Ollolai,Sardegna,40.168,9.1778
08021,Bitti,Sardegna,40.4796,9.384
08022,Dorgali,Sardegna,40.2922,9.587
08022,Cala Gonone,Sardegna,40.2809,9.6297
08023,Fonni,Sardegna,40.1193,9.2535
08024,Mamoiada,Sardegna,40.2149,9.2819
08025,Oliena,Sardegna,40.2762,9.4019
08025,Su Cologone,Sardegna,40.2762,9.4019
08026,Orani,Sardegna,40.252,9.1815
08027,Orgosolo,Sardegna,40.2053,9.3545
08028,Cala Liberotto,Sardegna,40.4437,9.7898
08028,Orosei,Sardegna,40.3783,9.6925
08028,Sas Linnas Siccas,Sardegna,40.4236,9.7709
08028,Sos Alinos,Sardegna,40.4387,9.7653
08028,Cala Ginepro,Sardegna,40.4211,9.7546
08029,Mandras,Sardegna,40.5749,9.7523
08029,Capo Comino,Sardegna,40.5352,9.7918
08029,La Caletta,Sardegna,40.6099,9.7506
08029,Sarenargiu,Sardegna,40.5749,9.7523
08029,Su Tilio',Sardegna,40.5749,9.7523
08029,Siniscola,Sardegna,40.5734,9.697
08029,Sa Perta Ruia,Sardegna,40.5749,9.7523
08029,Berchida,Sardegna,40.5749,9.7523
08029,Sa Pischera,Sardegna,40.5749,9.7523
08029,Ena Sa Chitta,Sardegna,40.5496,9.786
08029,Santa Lucia,Sardegna,40.5813,9.7772
08029,Overì,Sardegna,40.5999,9.7114
08030,Belvi,Sardegna,39.9618,9.1842
08030,Teti,Sardegna,40.0974,9.1192
08030,Gadoni,Sardegna,39.9139,9.1856
08030,Austis,Sardegna,40.0712,9.0888
08030,Meana Sardo,Sardegna,39.9447,9.0735
08030,Atzara,Sardegna,39.9925,9.0762
08031,Aritzo,Sardegna,39.959,9.1927
08031,Gidilau,Sardegna,39.959,9.1927
08032,Desulo,Sardegna,40.0146,9.2306
08036,Ortueri,Sardegna,40.0355,8.9859
08037,Seui,Sardegna,40.1817,9.3691
08038,Sorgono,Sardegna,40.026,9.102
08039,Tonara,Sardegna,40.0246,9.172
08040,Elini,Sardegna,39.8995,9.532
08040,Tancau,Sardegna,39.9843,9.685
08040,Tancau Sul Mare,Sardegna,39.9843,9.685
08040,Ussassai,Sardegna,39.81,9.3951
08040,Lotzorai,Sardegna,39.9694,9.6635
08040,Triei,Sardegna,40.035,9.64
08040,Taquisara,Sardegna,39.8567,9.4617
08040,Ilbono,Sardegna,39.8926,9.5458
08040,Loceri,Sardegna,39.8582,9.5837
08040,Ulassai,Sardegna,39.8103,9.4996
08040,Talana,Sardegna,40.0416,9.4955
08040,Cardedu,Sardegna,39.7971,9.6265
08040,Osini,Sardegna,39.8226,9.4964
08040,Baunei,Sardegna,40.0313,9.6637
08040,Girasole,Sardegna,39.952,9.661
08040,Gairo,Sardegna,39.8497,9.5047
08040,Santa Maria Navarrese,Sardegna,39.9903,9.684
08040,S'Arridellu,Sardegna,39.9267,9.5713
08040,Gairo Sant'Elena,Sardegna,39.8497,9.5047
08040,Urzulei,Sardegna,40.0928,9.508
08040,Arzana,Sardegna,39.9174,9.5277
08040,Ardali,Sardegna,40.0167,9.6333
08042,Bari Sardo,Sardegna,39.8414,9.6461
08044,Jerzu,Sardegna,39.7929,9.5179
08045,Lanusei,Sardegna,39.8793,9.5402
08046,Perdasdefogu,Sardegna,39.6796,9.4408
08047,Tertenia,Sardegna,39.6952,9.5788
08047,Migheli,Sardegna,39.6952,9.5788
08048,Porto Frailis,Sardegna,39.9304,9.6806
08048,Arbatax,Sardegna,39.9344,9.7056
08048,Tortoli',Sardegna,39.9263,9.6557
08048,Su Pinu,Sardegna,39.9304,9.6806
08048,Su Troccu,Sardegna,39.9304,9.6806
08048,Is Murdegus,Sardegna,39.9304,9.6806
08048,Calamoresca,Sardegna,39.9304,9.6806
08049,Villanova Strisaili,Sardegna,39.9602,9.4643
08049,Villagrande Strisaili,Sardegna,39.9593,9.5094
08100,Manasuddas,Sardegna,40.3424,9.3291
08100,Monte Ortobene,Sardegna,40.3424,9.3291
08100,Lollove,Sardegna,40.365,9.3324
08100,Nuoro,Sardegna,40.3199,9.3257
08010,Flussio,Sardegna,40.2654,8.5381
08010,Sagama,Sardegna,40.2616,8.5775
08010,Suni,Sardegna,40.2809,8.5494
08010,Montresta,Sardegna,40.3737,8.4996
08010,Magomadas,Sardegna,40.2632,8.5233
08010,Tinnura,Sardegna,40.2692,8.5482
08010,Sa Lumenera,Sardegna,40.274,8.6788
08010,Santa Maria,Sardegna,39.9895,8.7166
08013,Turas,Sardegna,40.2913,8.4908
08013,Bosa,Sardegna,40.2993,8.4983
08013,Bosa Marina,Sardegna,40.2833,8.4833
08019,Modolo,Sardegna,40.2754,8.53
08030,Genoni,Sardegna,39.9895,8.7166
08034,Traidodini,Sardegna,39.8533,9.052
08034,Crastu,Sardegna,39.8533,9.052
08034,Santa Sofia,Sardegna,39.8533,9.052
08034,Su Lau,Sardegna,39.8533,9.052
08034,Laconi,Sardegna,39.8533,9.052
09070,Siamaggiore,Sardegna,39.9497,8.6346
09070,Milis,Sardegna,40.0504,8.637
09070,Mandriola,Sardegna,40.0329,8.395
09070,Domusnovas Canales,Sardegna,40.1492,8.8375
09070,Paulilatino,Sardegna,40.0847,8.7645
09070,San Vero Milis,Sardegna,40.0138,8.5983
09070,Zeddiani,Sardegna,39.989,8.5958
09070,Norbello,Sardegna,40.1348,8.832
09070,Tramatza,Sardegna,40.0029,8.6494
09070,Sa Rocca Tunda,Sardegna,40.0415,8.4194
09070,Seneghe,Sardegna,40.0813,8.6135
09070,Bauladu,Sardegna,40.0205,8.6719
09070,Aidomaggiore,Sardegna,40.1715,8.8568
09070,Putzu Idu,Sardegna,40.0259,8.41
09070,Nurachi,Sardegna,39.9745,8.5397
09070,Rocca Tunda,Sardegna,40.0415,8.4194
09070,Baratili San Pietro,Sardegna,39.9922,8.5559
09070,Pardu Nou,Sardegna,39.9399,8.6412
09070,Riola Sardo,Sardegna,39.9936,8.5413
09070,Zerfaliu,Sardegna,39.9609,8.7097
09070,Narbolia,Sardegna,40.0478,8.5755
09070,Bonarcado,Sardegna,40.0984,8.6553
09071,Abbasanta,Sardegna,40.1281,8.8176
09072,Solanas,Sardegna,39.9303,8.5534
09072,Cabras,Sardegna,39.9287,8.5324
09073,Santa Caterina Di Pittinurri,Sardegna,40.1163,8.5119
09073,Cuglieri,Sardegna,40.188,8.5681
09073,S'Archittu,Sardegna,40.0893,8.4947
09073,Torre Del Pozzo,Sardegna,40.0842,8.4925
09073,Santa Caterina,Sardegna,40.1035,8.4924
09074,Ghilarza,Sardegna,40.1212,8.8361
09074,Zuri,Sardegna,40.1198,8.8761
09075,San Leonardo,Sardegna,40.1776,8.6643
09075,Santu Lussurgiu,Sardegna,40.1411,8.6554
09076,Sedilo,Sardegna,40.1729,8.9199
09077,Solarussa,Sardegna,39.955,8.6739
09078,Scano Di Montiferro,Sardegna,40.2153,8.5869
09078,Sennariolo,Sardegna,40.2124,8.5557
09079,Tresnuraghes,Sardegna,40.2524,8.5209
09080,Sant'Antonio Ruinas,Sardegna,39.86,8.9028
09080,Boroneddu,Sardegna,40.1126,8.8702
09080,Villa Sant'Antonio,Sardegna,39.8591,8.9015
09080,Sorradile,Sardegna,40.1063,8.9324
09080,Mogorella,Sardegna,39.8645,8.8591
09080,Neoneli,Sardegna,40.0648,8.9467
09080,Soddi',Sardegna,40.1299,8.878
09080,Nughedu Santa Vittoria,Sardegna,40.1013,8.9525
09080,Senis,Sardegna,39.8232,8.9392
09080,Nureci,Sardegna,39.8233,8.9748
09080,Allai,Sardegna,39.957,8.8635
09080,Asuni,Sardegna,39.871,8.946
09080,Siamanna,Sardegna,39.9194,8.7618
09080,Siapiccia,Sardegna,39.9276,8.7627
09080,Ula' Tirso,Sardegna,40.0457,8.9033
09080,Tadasuni,Sardegna,40.11,8.8835
09080,Bidoni',Sardegna,40.1131,8.9364
09080,Villaurbana,Sardegna,39.885,8.7783
09080,Assolo,Sardegna,39.8092,8.9193
09081,Ardauli,Sardegna,40.0844,8.9123
09082,Busachi,Sardegna,40.0342,8.8885
09083,Fordongianus,Sardegna,39.9944,8.8102
09084,Villanova Truschedu,Sardegna,39.9884,8.7518
09085,Ruinas,Sardegna,39.9063,8.8971
09086,Samugheo,Sardegna,39.9485,8.9415
09088,Simaxis,Sardegna,39.9299,8.6898
09088,Ollastra,Sardegna,39.9522,8.7342
09090,Morgongiori,Sardegna,39.7463,8.7704
09090,Masullas,Sardegna,39.7004,8.7837
09090,Villa Verde,Sardegna,39.7955,8.8211
09090,Simala,Sardegna,39.721,8.828
09090,Usellus,Sardegna,39.8083,8.8517
09090,Curcuris,Sardegna,39.7462,8.8315
09090,Gonnosno',Sardegna,39.761,8.8713
09090,Siris,Sardegna,39.7123,8.7751
09090,Tiria,Sardegna,39.8667,8.7041
09090,Gonnoscodina,Sardegna,39.6996,8.836
09090,Baradili,Sardegna,39.7219,8.8973
09090,Baressa,Sardegna,39.7131,8.8746
09090,Sini,Sardegna,39.7535,8.9049
09090,Pau,Sardegna,39.7917,8.8022
09090,Albagiara,Sardegna,39.7872,8.8618
09090,Palmas Arborea,Sardegna,39.8767,8.6439
09091,Ales,Sardegna,39.7683,8.8152
09092,Arborea,Sardegna,39.7728,8.5813
09093,Pompu,Sardegna,39.7252,8.7964
09093,Gonnostramatza,Sardegna,39.6831,8.8328
09094,Sant'Anna,Sardegna,39.8136,8.6489
09094,Marrubiu,Sardegna,39.7512,8.6377
09095,Mogoro,Sardegna,39.6842,8.7766
09096,Santa Giusta,Sardegna,39.8807,8.6092
09097,San Nicolo' D'Arcidano,Sardegna,39.6842,8.6436
09098,Terralba,Sardegna,39.7206,8.635
09098,Tanca Marchese,Sardegna,39.7404,8.6071
09099,Uras,Sardegna,39.698,8.7014
09170,Donigala Fenughedu,Sardegna,39.9221,8.5868
09170,Nuraxinieddu,Sardegna,39.9384,8.5991
09170,Torre Grande,Sardegna,39.9068,8.518
09170,Sili',Sardegna,39.9179,8.6219
09170,Oristano,Sardegna,39.9036,8.5926
09170,Massama,Sardegna,39.9439,8.6025
07010,Anela,Sardegna,40.4418,9.0574
07010,Benetutti,Sardegna,40.4569,9.1675
07010,Bottidda,Sardegna,40.3924,9.0104
07010,Esporlatu,Sardegna,40.3846,8.9898
07010,Illorai,Sardegna,40.3527,9.0017
07010,Romana,Sardegna,40.4844,8.5857
07010,Ardara,Sardegna,40.6214,8.8099
07010,Nughedu San Nicolo',Sardegna,40.5574,9.0214
07010,Monteleone Rocca Doria,Sardegna,40.4721,8.5607
07010,Nule,Sardegna,40.4627,9.1908
07010,Mara,Sardegna,40.4102,8.6366
07010,Tula,Sardegna,40.7325,8.9839
07010,Bultei,Sardegna,40.4572,9.0637
07010,Ittireddu,Sardegna,40.544,8.9012
07010,Cossoine,Sardegna,40.4307,8.7158
07010,Foresta Di Burgos,Sardegna,40.469,8.8983
07010,Foresta Burgos,Sardegna,40.469,8.8983
07010,Burgos,Sardegna,40.3908,8.9956
07010,Semestene,Sardegna,40.3985,8.7254
07010,Giave,Sardegna,40.4522,8.7518
07011,Bono,Sardegna,40.4139,9.0319
07012,Rebeccu,Sardegna,40.4167,8.8
07012,Bonorva,Sardegna,40.4184,8.7683
07012,Santa Lucia,Sardegna,40.5833,9.1833
07013,Mores,Sardegna,40.5474,8.833
07014,San Nicola,Sardegna,40.6106,8.9884
07014,Ozieri,Sardegna,40.5863,9.0034
07014,Vigne,Sardegna,40.6089,8.9787
07014,Chilivani,Sardegna,40.611,8.936
07014,Fraigas,Sardegna,40.6275,8.9869
07015,Padria,Sardegna,40.3964,8.6299
07016,Pattada,Sardegna,40.5807,9.1113
07017,Ploaghe,Sardegna,40.6707,8.7496
07018,Pozzomaggiore,Sardegna,40.3977,8.6593
07019,Villanova Monteleone,Sardegna,40.5026,8.4711
07020,Porto San Paolo,Sardegna,40.8754,9.6271
07020,Aggius,Sardegna,40.9299,9.0652
07020,Luogosanto,Sardegna,41.0468,9.2055
07020,Budduso',Sardegna,40.5772,9.2584
07020,Ala' Dei Sardi,Sardegna,40.6501,9.3278
07020,Aglientu,Sardegna,41.0791,9.1127
07020,Vaccileddi,Sardegna,40.8467,9.6466
07020,Golfo Aranci,Sardegna,41.0065,9.6145
07020,Monti,Sardegna,40.8071,9.3255
07020,Padru,Sardegna,40.7662,9.521
07020,Telti,Sardegna,40.8757,9.3533
07020,Su Canale,Sardegna,40.8833,9.3798
07020,San Francesco D'Aglientu,Sardegna,40.8833,9.3798
07020,Loiri Porto San Paolo,Sardegna,40.8426,9.4982
07020,Loiri,Sardegna,40.8833,9.3798
07020,Palau,Sardegna,41.1794,9.3819
07021,Cannigione,Sardegna,41.1142,9.4374
07021,Pirazzolu,Sardegna,41.1063,9.475
07021,Baia Sardinia,Sardegna,41.1063,9.475
07021,Capo Ferro,Sardegna,41.1063,9.475
07021,Costa Smeralda,Sardegna,41.1063,9.475
07021,Arzachena,Sardegna,41.0762,9.3905
07021,Porto Cervo,Sardegna,41.1406,9.5327
07021,Cala Di Volpe,Sardegna,41.0943,9.5392
07022,Berchidda,Sardegna,40.7848,9.1651
07023,Calangianus,Sardegna,40.9203,9.1934
07024,Isola Di Caprera,Sardegna,41.2142,9.4083
07024,Moneta,Sardegna,41.2142,9.4083
07024,La Maddalena,Sardegna,41.2142,9.4083
07025,Luras,Sardegna,40.9364,9.1748
07026,San Pantaleo,Sardegna,41.0457,9.4676
07026,Porto Rotondo,Sardegna,41.0275,9.5405
07026,Berchiddeddu,Sardegna,40.822,9.4634
07026,Olbia,Sardegna,40.9234,9.498
07027,Oschiri,Sardegna,40.7198,9.101
07028,San Pasquale,Sardegna,41.1679,9.2792
07028,Santa Teresa Gallura,Sardegna,41.2386,9.1887
07029,Tempio Pausania,Sardegna,40.9007,9.1046
07029,Bassacutena,Sardegna,41.1122,9.2629
07029,Nuchis,Sardegna,40.9171,9.1518
07030,Chiaramonti,Sardegna,40.7483,8.8211
07030,Sant'Antonio Di Gallura,Sardegna,40.9915,9.3015
07030,Tergu,Sardegna,40.8665,8.7147
07030,Martis,Sardegna,40.778,8.809
07030,Florinas,Sardegna,40.649,8.6655
07030,Bortigiadas,Sardegna,40.8917,9.0435
07030,Muros,Sardegna,40.679,8.6178
07030,Badesi,Sardegna,40.9646,8.8824
07030,Erula,Sardegna,40.7924,8.9442
07030,Santa Maria Coghinas,Sardegna,40.9042,8.8638
07030,Viddalba,Sardegna,40.9126,8.8901
07030,Bulzi,Sardegna,40.8467,8.8303
07030,Laerru,Sardegna,40.8171,8.8365
07030,Cargeghe,Sardegna,40.6689,8.6152
07031,Castelsardo,Sardegna,40.9126,8.7145
07031,Lu Bagnu,Sardegna,40.9018,8.6856
07032,Nulvi,Sardegna,40.7845,8.7436
07033,Osilo,Sardegna,40.7435,8.6711
07033,Santa Vittoria,Sardegna,40.7734,8.6701
07034,Perfugas,Sardegna,40.8323,8.8835
07035,Sedini,Sardegna,40.8528,8.8167
07036,Sennori,Sardegna,40.7878,8.5929
07037,Sorso,Sardegna,40.7995,8.5757
07037,Platamona,Sardegna,40.8178,8.4678
07038,Trinita' D'Agultu E Vignola,Sardegna,40.8327,8.7817
07038,Lu Colbu,Sardegna,40.8327,8.7817
07039,La Muddizza,Sardegna,40.9099,8.8014
07039,Valledoria,Sardegna,40.9287,8.8232
07039,Codaruina,Sardegna,40.9285,8.824
07040,Siligo,Sardegna,40.5748,8.7284
07040,Uri,Sardegna,40.6384,8.4888
07040,Olmedo,Sardegna,40.6516,8.3802
07040,Cheremule,Sardegna,40.5045,8.7258
07040,Palmadula,Sardegna,40.748,8.1899
07040,Banari,Sardegna,40.5706,8.7005
07040,Biancareddu,Sardegna,40.8027,8.1979
07040,Campanedda,Sardegna,40.7608,8.3464
07040,Bessude,Sardegna,40.5545,8.7275
07040,Putifigari,Sardegna,40.5614,8.4606
07040,Argentiera,Sardegna,40.7406,8.1497
07040,Borutta,Sardegna,40.5224,8.7435
07040,Tissi,Sardegna,40.6783,8.5613
07040,Tottubella,Sardegna,40.6863,8.3526
07040,Rumanedda,Sardegna,40.6862,8.3582
07040,Canaglia,Sardegna,40.7828,8.2259
07040,La Corte,Sardegna,40.7354,8.2786
07040,Stintino,Sardegna,40.952,8.2198
07040,Argentiera Nurra,Sardegna,40.6741,8.4483
07040,Codrongianos,Sardegna,40.656,8.6814
07041,Fertilia,Sardegna,40.5935,8.2823
07041,Tramariglio,Sardegna,40.5947,8.1655
07041,Maristella Porto Conte,Sardegna,40.5923,8.2194
07041,Santa Maria La Palma,Sardegna,40.661,8.2717
07041,Alghero,Sardegna,40.5597,8.3195
07043,Bonnanaro,Sardegna,40.5326,8.7639
07044,Ittiri,Sardegna,40.5915,8.5698
07045,Ossi,Sardegna,40.6748,8.5925
07046,Asinara Lazzaretto,Sardegna,40.8338,8.4053
07046,Asinara Cala D'Oliva,Sardegna,40.8338,8.4053
07046,Porto Torres,Sardegna,40.8338,8.4053
07046,Cala Reale,Sardegna,40.8338,8.4053
07047,Thiesi,Sardegna,40.524,8.72
07048,Torralba,Sardegna,40.513,8.7653
07049,Usini,Sardegna,40.6642,8.5392
07100,San Giovanni,Sardegna,40.882,8.7582
07100,Li Punti,Sardegna,40.7634,8.489
07100,La Landrigga,Sardegna,40.7245,8.4812
07100,Ottava,Sardegna,40.7852,8.4754
07100,Bancali,Sardegna,40.7355,8.4633
07100,Sassari,Sardegna,40.7259,8.5555
07100,Macciadosa,Sardegna,40.7694,8.5371
08020,Tanaunella,Sardegna,40.6844,9.7253
08020,Lu Impostu,Sardegna,40.7465,8.9639
08020,San Pietro,Sardegna,40.6969,9.6556
08020,L'Alzoni,Sardegna,40.7465,8.9639
08020,Luddui,Sardegna,40.735,9.6908
08020,Nuragheddu,Sardegna,40.7465,8.9639
08020,Ottiolu,Sardegna,40.5971,9.5772
08020,Suaredda,Sardegna,40.7465,8.9639
08020,Limpostu,Sardegna,40.7465,8.9639
08020,Malamori',Sardegna,40.7465,8.9639
08020,Lu Cuponeddi,Sardegna,40.7465,8.9639
08020,Pedra E Cupa,Sardegna,40.7465,8.9639
08020,La Runcina,Sardegna,40.7465,8.9639
08020,Lu Ricciu,Sardegna,40.7465,8.9639
08020,Silimini,Sardegna,40.7465,8.9639
08020,Lutturai,Sardegna,40.7465,8.9639
08020,Bircolovo',Sardegna,40.7465,8.9639
08020,Lu Sitagliacciu,Sardegna,40.7465,8.9639
08020,La Traversa,Sardegna,40.7465,8.9639
08020,Schifoni,Sardegna,40.7465,8.9639
08020,Lu Titimbaru,Sardegna,40.7465,8.9639
08020,Sitagliacciu,Sardegna,40.7465,8.9639
08020,Franculacciu,Sardegna,40.7465,8.9639
08020,Lu Tintimbaru,Sardegna,40.7465,8.9639
08020,Traversa,Sardegna,40.7465,8.9639
08020,Rinaggiu,Sardegna,40.7465,8.9639
08020,Pattimedda,Sardegna,40.7465,8.9639
08020,Lotturai,Sardegna,40.7465,8.9639
08020,Su Linalvu,Sardegna,40.7465,8.9639
08020,Strugas,Sardegna,40.7465,8.9639
08020,Stazzu Mesu,Sardegna,40.7465,8.9639
08020,Pira Maseda,Sardegna,40.7465,8.9639
08020,Terrapadedda,Sardegna,40.7465,8.9639
08020,Stazzu Bruciatu,Sardegna,40.7465,8.9639
08020,San Lorenzo,Sardegna,40.6817,9.6825
08020,Li Teggi,Sardegna,40.7465,8.9639
08020,Li Mori,Sardegna,40.7465,8.9639
08020,Muvruneddi,Sardegna,40.7465,8.9639
08020,Tiridduli,Sardegna,40.7465,8.9639
08020,Budditogliu,Sardegna,40.7465,8.9639
08020,Lu Muvruneddu,Sardegna,40.7465,8.9639
08020,Badualga,Sardegna,40.7645,9.6538
08020,Capo Coda Cavallo,Sardegna,40.8401,9.718
08020,San Gavino,Sardegna,40.6887,9.6877
08020,Lu Fraili,Sardegna,40.8194,9.6598
08020,Maiorca,Sardegna,40.7126,9.6675
08020,Limpiddu,Sardegna,40.6906,9.7052
08020,Monte Petrosu,Sardegna,40.843,9.6571
08020,Lu Lioni,Sardegna,40.7833,9.6333
08020,Tamarispa,Sardegna,40.6805,9.666
08020,Puntaldia,Sardegna,40.8119,9.6858
08020,Muriscuvo',Sardegna,40.6822,9.7054
08020,Budoni,Sardegna,40.7026,9.7077
08020,Berruiles,Sardegna,40.7272,9.6629
08020,Straulas,Sardegna,40.7429,9.647
08020,S'Iscala,Sardegna,40.6815,9.7141
08020,Solita',Sardegna,40.685,9.6937
08020,Nuditta,Sardegna,40.7178,9.652
08020,Agrustos,Sardegna,40.7236,9.7064
08020,Birgalavo',Sardegna,40.7257,9.6872
08020,Luttuni,Sardegna,40.7004,9.6848
08020,San Silvestro,Sardegna,40.7196,9.6735
09010,Giba,Sardegna,39.0715,8.6358
09010,Buggerru,Sardegna,39.3983,8.4019
09010,Sant'Anna Arresi,Sardegna,39.0062,8.6424
09010,Villamassargia,Sardegna,39.2748,8.6411
09010,Paringianu,Sardegna,39.1745,8.4302
09010,Perdaxius,Sardegna,39.1603,8.6108
09010,Matzaccara,Sardegna,39.1324,8.4534
09010,Terresoli,Sardegna,39.091,8.7435
09010,Terraseo,Sardegna,39.2029,8.6261
09010,Fluminimaggiore,Sardegna,39.4388,8.4976
09010,Rosas,Sardegna,39.1749,8.6629
09010,Palmas,Sardegna,39.1749,8.6629
09010,Gonnesa,Sardegna,39.2653,8.4704
09010,Masainas,Sardegna,39.0499,8.6292
09010,Musei,Sardegna,39.3023,8.6661
09010,San Giovanni Suergiu,Sardegna,39.1095,8.5204
09010,Portoscuso,Sardegna,39.2074,8.3809
09010,Nuraxi Figus,Sardegna,39.2227,8.4331
09010,Narcao,Sardegna,39.1675,8.675
09010,Santadi,Sardegna,39.0936,8.7126
09010,Nuxis,Sardegna,39.1546,8.7395
09010,Piscinas,Sardegna,39.0744,8.6663
09010,Villaperuccio,Sardegna,39.1118,8.67
09010,Riomurtas,Sardegna,39.1798,8.7064
09010,Tratalias,Sardegna,39.1035,8.5786
09010,Is Urigus,Sardegna,39.135,8.4945
09010,Villarios,Sardegna,39.0516,8.5943
09011,Calasetta,Sardegna,39.107,8.368
09011,Cussorgia,Sardegna,39.1,8.4
09013,Barbusi,Sardegna,39.2024,8.5075
09013,Sirai,Sardegna,39.1846,8.4972
09013,Bacu Abis,Sardegna,39.243,8.4649
09013,Serbariu,Sardegna,39.1572,8.5392
09013,Cortoghiana,Sardegna,39.2118,8.4655
09013,Carbonia,Sardegna,39.1646,8.5213
09014,Carloforte,Sardegna,39.1408,8.3039
09015,Domusnovas,Sardegna,39.324,8.6492
09016,Iglesias,Sardegna,39.3092,8.5372
09016,Nebida,Sardegna,39.3142,8.4378
09016,San Benedetto,Sardegna,39.3633,8.5267
09016,Monteponi,Sardegna,39.3033,8.5053
09016,Bindua,Sardegna,39.2923,8.4927
09017,Sant'Antioco,Sardegna,39.0702,8.4524
09020,Genuri,Sardegna,39.7433,8.9241
09020,Ussaramanna,Sardegna,39.6925,8.9085
09020,Gesturi,Sardegna,39.7324,9.0208
09020,Villamar,Sardegna,39.6188,8.9588
09020,Siddi,Sardegna,39.6725,8.8881
09020,Villanovaforru,Sardegna,39.632,8.8698
09020,Turri,Sardegna,39.7048,8.9166
09020,Pauli Arbarei,Sardegna,39.6618,8.9221
09020,Las Plassas,Sardegna,39.6798,8.9844
09020,Collinas,Sardegna,39.6406,8.8395
09020,Villanovafranca,Sardegna,39.6444,9.0024
09021,Barumini,Sardegna,39.7022,9.0034
09022,Lunamatrona,Sardegna,39.6494,8.8997
09025,Sanluri Stato,Sardegna,39.5618,8.8997
09025,Sanluri,Sardegna,39.5618,8.8997
09027,Serrenti,Sardegna,39.4928,8.9766
09029,Setzu,Sardegna,39.7231,8.9397
09029,Tuili,Sardegna,39.7148,8.9602
09030,Montevecchio,Sardegna,39.5567,8.5683
09030,Sardara,Sardegna,39.6146,8.8209
09030,Samassi,Sardegna,39.4821,8.9054
09030,Pabillonis,Sardegna,39.5923,8.7214
09031,Arbus,Sardegna,39.5262,8.5997
09031,Sant'Antonio Di Santadi,Sardegna,39.7128,8.485
09031,Ingurtosu,Sardegna,39.5198,8.5111
09031,Gennamari,Sardegna,39.5862,8.5319
09035,Gonnosfanadiga,Sardegna,39.4943,8.662
09036,Guspini,Sardegna,39.5395,8.635
09037,San Gavino Monreale,Sardegna,39.5501,8.7907
09038,Serramanna,Sardegna,39.4234,8.9224
09039,Villacidro,Sardegna,39.4573,8.7411
09040,Segariu,Sardegna,39.564,8.9816
09040,Furtei,Sardegna,39.5625,8.9477
92010,Lampedusa,Sicilia,37.516,13.3265
92010,Burgio,Sicilia,37.6009,13.2883
92010,Calamonaci,Sicilia,37.5257,13.2905
92010,Lucca Sicula,Sicilia,37.5778,13.3058
92010,Siculiana,Sicilia,37.3352,13.4243
92010,Sant'Anna,Sicilia,37.5595,13.2347
92010,Montallegro,Sicilia,37.3912,13.3518
92010,Caltabellotta,Sicilia,37.5754,13.2163
92010,Bivona,Sicilia,37.618,13.439
92010,Sant'Anna Di Caltabellotta,Sicilia,37.5595,13.2347
92010,Linosa,Sicilia,37.516,13.3265
92010,Alessandria Della Rocca,Sicilia,37.5677,13.4534
92010,Lampedusa E Linosa,Sicilia,37.516,13.3265
92010,Joppolo Giancaxio,Sicilia,37.3868,13.5559
92010,Realmonte,Sicilia,37.3085,13.4643
92010,Montevago,Sicilia,37.7022,12.9858
92011,Cattolica Eraclea,Sicilia,37.4407,13.3926
92012,Cianciana,Sicilia,37.519,13.4335
92013,Menfi,Sicilia,37.6041,12.9689
92014,Porto Empedocle,Sicilia,37.2894,13.5249
92015,Raffadali,Sicilia,37.4021,13.5318
92016,Borgo Bonsignore,Sicilia,37.4217,13.269
92016,Ribera,Sicilia,37.4977,13.2668
92017,Sambuca Di Sicilia,Sicilia,37.6529,13.1146
92018,Santa Margherita Di Belice,Sicilia,37.6928,13.0158
92019,Sciacca,Sicilia,37.5069,13.084
92020,Sant'Angelo Muxaro,Sicilia,37.4801,13.5455
92020,Villafranca Sicula,Sicilia,37.5876,13.2905
92020,San Giovanni Gemini,Sicilia,37.6279,13.6436
92020,San Biagio Platani,Sicilia,37.5093,13.5284
92020,Racalmuto,Sicilia,37.405,13.73
92020,Santa Elisabetta,Sicilia,37.4317,13.5539
92020,Santo Stefano Quisquina,Sicilia,37.6261,13.4898
92020,Palma Di Montechiaro,Sicilia,37.1907,13.766
92020,Comitini,Sicilia,37.4074,13.6453
92020,Grotte,Sicilia,37.4035,13.6989
92020,Castrofilippo,Sicilia,37.3505,13.75
92020,Camastra,Sicilia,37.2538,13.7921
92021,Caldare,Sicilia,37.3818,13.6368
92021,Aragona,Sicilia,37.399,13.6197
92022,Cammarata,Sicilia,37.6336,13.6272
92022,Borgo Callea,Sicilia,37.6336,13.6272
92023,Campobello Di Licata,Sicilia,37.2576,13.9181
92024,Canicatti',Sicilia,37.3584,13.8479
92025,Casteltermini,Sicilia,37.5387,13.646
92025,Zolfare,Sicilia,37.5387,13.646
92025,Casteltermini Zolfare,Sicilia,37.5387,13.646
92026,Favara,Sicilia,37.3175,13.6623
92027,Licata,Sicilia,37.1027,13.9397
92028,Naro,Sicilia,37.2925,13.7934
92029,Campobello Ravanusa Stazione,Sicilia,37.2666,13.9683
92029,Ravanusa,Sicilia,37.2666,13.9683
92100,Villaggio Mose',Sicilia,37.2733,13.6106
92100,Montaperto,Sicilia,37.3287,13.5498
92100,San Leone Mose',Sicilia,37.265,13.5843
92100,Agrigento,Sicilia,37.3107,13.5766
92100,Giardina Gallotti,Sicilia,37.3507,13.5227
92100,Borgo La Loggia,Sicilia,37.3045,13.5672
92100,Villaseta,Sicilia,37.2988,13.5592
93010,Villalba,Sicilia,37.6546,13.8445
93010,Campofranco,Sicilia,37.5121,13.7121
93010,Vallelunga Pratameno,Sicilia,37.682,13.8316
93010,Acquaviva Platani,Sicilia,37.5717,13.7016
93010,Bompensiere,Sicilia,37.4724,13.7814
93010,Milena,Sicilia,37.4713,13.7361
93010,Serradifalco,Sicilia,37.4538,13.8805
93010,Delia,Sicilia,37.358,13.9287
93010,Resuttano,Sicilia,37.6786,14.0295
93010,Montedoro,Sicilia,37.4543,13.8168
93010,Marianopoli,Sicilia,37.5984,13.9152
93010,Sutera,Sicilia,37.5249,13.7327
93011,Butera,Sicilia,37.191,14.1823
93012,Gela,Sicilia,37.0738,14.2404
93013,Mazzarino,Sicilia,37.3019,14.2096
93014,Polizzello,Sicilia,37.6,13.8333
93014,Mussomeli,Sicilia,37.5807,13.7521
93015,Niscemi,Sicilia,37.1465,14.3938
93016,Riesi,Sicilia,37.2808,14.0832
93017,San Cataldo,Sicilia,37.4841,13.9854
93018,Santa Caterina Villarmosa,Sicilia,37.5903,14.0355
93019,Trabia Miniere,Sicilia,37.3347,13.9974
93019,Sommatino,Sicilia,37.3347,13.9974
93100,Favarella,Sicilia,37.3566,14.0729
93100,Villaggio Santa Barbara,Sicilia,37.4111,14.251
93100,Borgo Petilia,Sicilia,37.5435,14.0584
93100,Caltanissetta,Sicilia,37.4903,14.0622
95010,Fornazzo,Sicilia,37.7359,15.1127
95010,Dagala Del Re,Sicilia,37.7118,15.1286
95010,Linera,Sicilia,37.6638,15.1365
95010,Santa Venerina,Sicilia,37.691,15.1388
95010,Sant'Alfio,Sicilia,37.7439,15.1395
95010,Milo,Sicilia,37.7245,15.1155
95011,Calatabiano,Sicilia,37.8205,15.2307
95011,Pasteria,Sicilia,37.8101,15.2282
95012,Verzella,Sicilia,37.8837,15.0678
95012,Mitogio,Sicilia,37.8638,15.1973
95012,Passopisciaro,Sicilia,37.8718,15.0363
95012,Solicchiata,Sicilia,37.8642,15.0649
95012,Castiglione Di Sicilia,Sicilia,37.8815,15.1216
95013,Fiumefreddo Di Sicilia,Sicilia,37.7915,15.2092
95014,Altarello,Sicilia,37.7094,15.1942
95014,Giarre,Sicilia,37.7244,15.1816
95014,San Giovanni Montebello,Sicilia,37.7111,15.1766
95014,Trepunti,Sicilia,37.7111,15.1766
95014,Carruba,Sicilia,37.6906,15.1882
95014,San Giovanni,Sicilia,37.7354,15.1589
95014,Macchia Di Giarre,Sicilia,37.7182,15.1648
95014,San Leonardello,Sicilia,37.6887,15.172
95015,Linguaglossa,Sicilia,37.8424,15.1377
95016,Puntalazzo,Sicilia,37.7529,15.1425
95016,Mascali,Sicilia,37.7579,15.1966
95016,Santa Venera,Sicilia,37.779,15.1722
95016,Carrabba,Sicilia,37.7655,15.1708
95016,Portosalvo,Sicilia,37.779,15.1722
95016,Nunziata,Sicilia,37.7586,15.1706
95017,Piedimonte Etneo,Sicilia,37.8068,15.1752
95017,Vena,Sicilia,37.7922,15.1371
95017,Presa,Sicilia,37.7957,15.1467
95018,Torre Archirafi,Sicilia,37.7105,15.2165
95018,Riposto,Sicilia,37.7318,15.2058
95019,Fleri,Sicilia,37.65,15.1
95019,Zafferana Etnea,Sicilia,37.6789,15.1043
95019,Pisano Etneo,Sicilia,37.6645,15.1022
95019,Sarro,Sicilia,37.6645,15.1022
95020,Aci Bonaccorsi,Sicilia,37.5964,15.1072
95021,Aci Trezza,Sicilia,37.5639,15.1614
95021,Ficarazzi,Sicilia,37.8809,15.1687
95021,Cannizzaro,Sicilia,37.5407,15.134
95021,Aci Castello,Sicilia,37.5556,15.1453
95022,Nizzeti,Sicilia,37.5894,15.1391
95022,Vampolieri,Sicilia,37.5894,15.1391
95022,Aci Catena,Sicilia,37.6061,15.1417
95022,San Nicolo',Sicilia,37.5761,15.1411
95022,Eremo Sant'Anna,Sicilia,37.5878,15.1321
95022,Aci San Filippo,Sicilia,37.5873,15.1415
95024,Santa Tecla Di Acireale,Sicilia,37.6358,15.1761
95024,Acireale,Sicilia,37.6089,15.1658
95024,Stazzo,Sicilia,37.652,15.1938
95024,Scillichenti,Sicilia,37.6365,15.1649
95024,Santa Maria La Scala,Sicilia,37.6365,15.1649
95024,Pennisi,Sicilia,37.6495,15.1239
95024,Guardia,Sicilia,37.5124,14.8296
95024,Pozzillo,Sicilia,37.5124,14.8296
95024,Mangano,Sicilia,37.6365,15.1649
95024,Aci Platani,Sicilia,37.6365,15.1649
95024,Santa Maria Degli Ammalati,Sicilia,37.6365,15.1649
95024,Piano D'Api,Sicilia,37.6365,15.1649
95025,Aci Sant'Antonio,Sicilia,37.605,15.1229
95025,Lavina,Sicilia,37.6281,15.1099
95025,Monterosso Etneo,Sicilia,37.6281,15.1099
95025,Santa Maria La Stella,Sicilia,37.6235,15.1207
95025,Monterosso,Sicilia,37.6428,15.0913
95025,Lavinaio,Sicilia,37.641,15.1046
95027,Cerza,Sicilia,37.543,15.1051
95027,San Gregorio Di Catania,Sicilia,37.5676,15.1112
95028,Valverde,Sicilia,37.577,15.1242
95029,Viagrande,Sicilia,37.6103,15.0979
95030,Nicolosi,Sicilia,37.6215,15.0279
95030,Sant'Agata Li Battiati,Sicilia,37.5575,15.08
95030,San Pietro Clarenza,Sicilia,37.5689,15.0229
95030,Tremestieri Etneo,Sicilia,37.5649,15.0786
95030,Ragalna,Sicilia,37.6346,14.947
95030,Gravina Di Catania,Sicilia,37.5608,15.0629
95030,Canalicchio,Sicilia,37.541,15.0964
95030,Maniace,Sicilia,37.8831,14.7981
95030,Pedara,Sicilia,37.6239,15.0567
95030,Mascalucia,Sicilia,37.5746,15.0496
95031,Adrano,Sicilia,37.6636,14.8328
95032,Belpasso,Sicilia,37.5919,14.9799
95032,Borrello Di Catania,Sicilia,37.5699,14.981
95032,Villaggio Del Pino,Sicilia,37.5829,15.0038
95032,Villaggio Le Ginestre,Sicilia,37.5829,15.0038
95032,Palazzolo,Sicilia,37.5622,14.9299
95032,Piano Tavola,Sicilia,37.5296,14.9879
95033,Biancavilla,Sicilia,37.6444,14.8668
95034,Bronte,Sicilia,37.7886,14.8338
95035,Maletto,Sicilia,37.8291,14.864
95036,Calderara,Sicilia,37.8774,14.9501
95036,Randazzo,Sicilia,37.8774,14.9501
95037,Trappeto,Sicilia,37.5655,15.0908
95037,San Giovanni La Punta,Sicilia,37.5769,15.0937
95038,Santa Maria Di Licodia,Sicilia,37.6168,14.8934
95039,Trecastagni,Sicilia,37.6154,15.078
95040,Licodia Eubea,Sicilia,37.1567,14.7055
95040,Motta Sant'Anastasia,Sicilia,37.512,14.9663
95040,Libertinia,Sicilia,37.5295,14.5764
95040,Giumarra,Sicilia,37.4765,14.6495
95040,Raddusa,Sicilia,37.4753,14.5352
95040,San Michele Di Ganzaria,Sicilia,37.2804,14.4263
95040,Camporotondo Etneo,Sicilia,37.5657,15.0032
95040,Castel Di Iudica,Sicilia,37.4947,14.6474
95040,Carrubbo,Sicilia,37.4948,14.6346
95040,Mirabella Imbaccari,Sicilia,37.327,14.4461
95040,Mazzarrone,Sicilia,37.0883,14.5613
95040,San Cono,Sicilia,37.2899,14.3671
95040,Cinquegrana,Sicilia,37.4732,14.6707
95040,Ramacca,Sicilia,37.3862,14.6924
95041,San Pietro Di Caltagirone,Sicilia,37.1028,14.4967
95041,Granieri,Sicilia,37.1269,14.5785
95041,Santo Pietro,Sicilia,37.1028,14.4967
95041,Caltagirone,Sicilia,37.2379,14.5155
95042,Grammichele,Sicilia,37.2133,14.6331
95043,Militello In Val Di Catania,Sicilia,37.2759,14.7934
95044,Borgo Lupo,Sicilia,37.3421,14.6266
95044,Mineo,Sicilia,37.2649,14.6938
95045,Misterbianco,Sicilia,37.518,15.0091
95045,San Nullo,Sicilia,37.5257,15.0528
95046,Palagonia,Sicilia,37.3296,14.7447
95047,Sferro,Sicilia,37.5019,14.7952
95047,Paterno',Sicilia,37.5667,14.9025
95048,Scordia,Sicilia,37.2955,14.8406
95049,Vizzini,Sicilia,37.1619,14.7571
95100,Catania,Sicilia,37.4922,15.0704
95121,San Teodoro,Sicilia,37.5124,14.8296
95121,San Giuseppe Alla Rena,Sicilia,37.6701,14.8846
95121,San Giorgio,Sicilia,37.6701,14.8846
95121,Fontanarossa Aereoporto,Sicilia,37.6701,14.8846
95121,Zia Lisa,Sicilia,37.6701,14.8846
95121,Catania,Sicilia,37.4922,15.0704
95121,Santa Maria Goretti,Sicilia,37.6701,14.8846
95122,Acquicella,Sicilia,37.4922,15.0704
95122,Catania,Sicilia,37.4922,15.0704
95122,Nesima Inferiore,Sicilia,37.4922,15.0704
95122,Nesima Superiore,Sicilia,37.4922,15.0704
95123,Cibali,Sicilia,37.5167,15.0667
95123,Catania,Sicilia,37.4922,15.0704
95123,San Nullo,Sicilia,37.5257,15.0528
95124,Catania,Sicilia,37.4922,15.0704
95125,Catania,Sicilia,37.4922,15.0704
95125,Canalicchio,Sicilia,37.541,15.0964
95125,Barriera Del Bosco,Sicilia,37.5166,15.0834
95126,Ognina,Sicilia,37.5124,14.8296
95126,Catania,Sicilia,37.4922,15.0704
95127,Picanello,Sicilia,37.4922,15.0704
95127,Catania,Sicilia,37.4922,15.0704
95128,Catania,Sicilia,37.4922,15.0704
95129,Catania,Sicilia,37.4922,15.0704
95130,Catania,Sicilia,37.4922,15.0704
95131,Catania,Sicilia,37.4922,15.0704
94010,Calascibetta,Sicilia,37.5902,14.2718
94010,Borgo Baccarato,Sicilia,37.6384,14.4209
94010,Cacchiamo,Sicilia,37.6823,14.2323
94010,Assoro,Sicilia,37.6221,14.4181
94010,San Giorgio,Sicilia,37.6403,14.4682
94010,Centuripe,Sicilia,37.6234,14.7405
94010,Cerami,Sicilia,37.8095,14.5066
94010,Villapriolo,Sicilia,37.6295,14.1934
94010,Nissoria,Sicilia,37.6541,14.4481
94010,Catenanuova,Sicilia,37.5688,14.6908
94010,Gagliano Castelferrato,Sicilia,37.7097,14.5352
94010,Sperlinga,Sicilia,37.7665,14.3508
94010,Villarosa,Sicilia,37.5875,14.1709
94010,Aidone,Sicilia,37.4147,14.4454
94011,Agira,Sicilia,37.6558,14.5197
94012,Barrafranca,Sicilia,37.3785,14.2027
94013,Leonforte,Sicilia,37.642,14.3977
94014,Nicosia,Sicilia,37.7475,14.3922
94014,Villadoro,Sicilia,37.6921,14.2603
94014,San Giacomo,Sicilia,37.5809,14.4298
94015,Grottacalda,Sicilia,37.3842,14.3692
94015,Piazza Armerina,Sicilia,37.3842,14.3692
94016,Pietraperzia,Sicilia,37.4185,14.1374
94017,Regalbuto,Sicilia,37.6519,14.6391
94018,Troina,Sicilia,37.7844,14.5961
94019,Valguarnera Caropepe,Sicilia,37.4953,14.3903
94100,Enna,Sicilia,37.5655,14.2743
94100,Borgo Cascino,Sicilia,37.4969,14.2005
94100,Pergusa,Sicilia,37.5238,14.3059
98020,Locadi,Sicilia,37.9887,15.3405
98020,Mandanici,Sicilia,38.0036,15.3167
98020,Pagliara,Sicilia,37.9855,15.3597
98020,Ali',Sicilia,38.0268,15.4191
98020,Rocchenere,Sicilia,37.9743,15.3762
98021,Ali' Terme,Sicilia,38.0051,15.4227
98022,Fiumedinisi,Sicilia,38.026,15.381
98023,Furci Siculo,Sicilia,37.9616,15.3776
98025,Itala,Sicilia,38.0514,15.4371
98025,Itala Marina,Sicilia,38.0368,15.4527
98026,Nizza Di Sicilia,Sicilia,37.9908,15.4096
98027,Allume,Sicilia,37.9916,15.3904
98027,Roccalumera,Sicilia,37.9755,15.3944
98027,Sciglio,Sicilia,37.9858,15.3862
98028,Barracca,Sicilia,37.9627,15.3406
98028,Misserio,Sicilia,37.9791,15.3145
98028,Santa Teresa Di Riva,Sicilia,37.9464,15.3667
98029,Guidomandri Marina,Sicilia,38.0453,15.463
98029,Scaletta Zanclea,Sicilia,38.048,15.4677
98029,Guidomandri,Sicilia,38.0468,15.4594
98029,Guidomandri Superiore,Sicilia,38.0471,15.4474
98030,Melia,Sicilia,37.9038,15.275
98030,Castelmola,Sicilia,37.8583,15.2771
98030,Moio Alcantara,Sicilia,37.9006,15.0507
98030,Sant'Alessio Siculo,Sicilia,37.9252,15.3497
98030,San Teodoro,Sicilia,37.848,14.6988
98030,Gaggi,Sicilia,37.8599,15.2213
98030,Roccafiorita,Sicilia,37.9309,15.2674
98030,Roccella Valdemone,Sicilia,37.9329,15.01
98030,Limina,Sicilia,37.9408,15.2712
98030,Motta Camastra,Sicilia,37.8943,15.1701
98030,Mongiuffi Melia,Sicilia,37.9034,15.2754
98030,Mongiuffi,Sicilia,37.9103,15.278
98030,Antillo,Sicilia,37.9794,15.2403
98030,Malvagna,Sicilia,37.9175,15.0555
98030,Forza D'Agro',Sicilia,37.9124,15.1534
98030,Gallodoro,Sicilia,37.9021,15.2936
98030,Floresta,Sicilia,37.9878,14.911
98030,Santa Domenica Vittoria,Sicilia,37.9162,14.9629
98031,Capizzi,Sicilia,37.8479,14.4798
98032,Misitano Inferiore,Sicilia,37.9773,15.2869
98032,Misitano,Sicilia,37.9866,15.2685
98032,Misitano Superiore,Sicilia,37.9866,15.2685
98032,Casalvecchio Siculo,Sicilia,37.9585,15.3237
98033,Cesaro',Sicilia,37.8448,14.7131
98034,Francavilla Di Sicilia,Sicilia,37.902,15.1382
98035,Naxos,Sicilia,37.8211,15.2532
98035,Giardini Naxos,Sicilia,37.8211,15.2532
98035,Pallio,Sicilia,37.8211,15.2532
98036,Graniti,Sicilia,37.8899,15.2246
98037,Letojanni,Sicilia,37.8805,15.3073
98038,Rina,Sicilia,37.9426,15.334
98038,Savoca,Sicilia,37.9533,15.3401
98039,Chianchitta,Sicilia,37.8531,15.2853
98039,Trappitello,Sicilia,37.8298,15.2508
98039,Mazzeo,Sicilia,37.8722,15.3008
98039,Taormina,Sicilia,37.8536,15.2885
98039,Mazzaro',Sicilia,37.857,15.3011
98040,Roccavaldina,Sicilia,38.183,15.374
98040,Condro',Sicilia,38.1738,15.3266
98040,Torregrotta,Sicilia,38.2026,15.3501
98040,Venetico Marina,Sicilia,38.2193,15.3665
98040,Gualtieri Sicamino',Sicilia,38.1627,15.317
98040,Fondachello,Sicilia,38.2163,15.3562
98040,Soccorso,Sicilia,38.1606,15.3092
98040,Scala Di Torregrotta,Sicilia,38.1877,15.3438
98040,Valdina,Sicilia,38.1935,15.3698
98040,Meri',Sicilia,38.1663,15.2497
98040,Venetico,Sicilia,38.1931,15.3812
98040,Venetico Superiore,Sicilia,38.1931,15.3812
98041,Pellegrino,Sicilia,38.1408,15.3944
98041,Monforte Marina,Sicilia,38.2061,15.3368
98041,Monforte San Giorgio,Sicilia,38.1573,15.3813
98042,Pace Del Mela,Sicilia,38.18,15.3063
98042,Giammoro,Sicilia,38.2037,15.3067
98043,Rometta Marea,Sicilia,38.2326,15.4096
98043,Gimello,Sicilia,38.1581,15.4199
98043,Sant'Andrea,Sicilia,38.2134,15.4252
98043,Rometta,Sicilia,38.1701,15.4143
98044,Cattafi,Sicilia,38.1787,15.2702
98044,Corriolo,Sicilia,38.1833,15.2667
98044,San Filippo Del Mela,Sicilia,38.1701,15.2734
98044,Olivarella,Sicilia,38.1667,15.2667
98044,Archi,Sicilia,38.1947,15.2742
98045,San Pier Marina,Sicilia,38.1999,15.3258
98045,San Pier Niceto,Sicilia,38.1605,15.3498
98046,Santa Lucia Del Mela,Sicilia,38.1441,15.2806
98047,Scarcelli,Sicilia,38.2053,15.4316
98047,Saponara,Sicilia,38.1924,15.4344
98047,Saponara Marittima,Sicilia,38.2312,15.4262
98047,Cavaliere,Sicilia,38.2167,15.4333
98048,San Martino,Sicilia,38.2063,15.3911
98048,Spadafora,Sicilia,38.2235,15.3818
98048,San Martino Spadafora,Sicilia,38.2063,15.3911
98049,Villafranca Tirrena,Sicilia,38.2395,15.4388
98049,Serro,Sicilia,38.1958,15.3297
98049,Calvaruso,Sicilia,38.2219,15.4534
98049,Divieto,Sicilia,38.0385,14.9435
98050,Filicudi Porto,Sicilia,38.5192,14.9976
98050,Ginostra,Sicilia,38.7863,15.1929
98050,Malfa,Sicilia,38.5773,14.836
98050,Panarea,Sicilia,38.6369,15.0753
98050,Lingua,Sicilia,38.5394,14.8677
98050,Alicudi,Sicilia,38.5192,14.9976
98050,Castroreale Terme,Sicilia,38.5192,14.9976
98050,Alicudi Porto,Sicilia,38.5192,14.9976
98050,Filicudi,Sicilia,38.5192,14.9976
98050,Rubino,Sicilia,38.5192,14.9976
98050,Fondachelli Fantina,Sicilia,38.5192,14.9976
98050,Vigliatore,Sicilia,38.5192,14.9976
98050,Terme Vigliatore,Sicilia,38.5192,14.9976
98050,Vulcano,Sicilia,38.5192,14.9976
98050,Ginostra Di Lipari,Sicilia,38.7863,15.1929
98050,Santa Marina Salina,Sicilia,38.5612,14.8708
98050,Fantina,Sicilia,38.026,15.1768
98050,Pecorini A Mare,Sicilia,38.5612,14.5658
98050,Leni,Sicilia,38.5553,14.825
98050,Vulcano Porto,Sicilia,38.4136,14.9571
98050,Stromboli,Sicilia,38.803,15.2381
98050,Evangelisti,Sicilia,37.9841,15.1732
98051,Gala,Sicilia,38.118,15.2309
98051,La Gala,Sicilia,38.118,15.2309
98051,San Paolo,Sicilia,38.1267,14.9676
98051,Caldera',Sicilia,38.134,15.1872
98051,Sant'Antonino Convento,Sicilia,38.134,15.1872
98051,Porto Salvo,Sicilia,38.1333,15.1833
98051,Sant'Antonio,Sicilia,38.15,15.1833
98051,Barcellona Pozzo Di Gotto,Sicilia,38.1477,15.2147
98051,Pozzo Di Gotto,Sicilia,38.15,15.2333
98051,Acquaficara,Sicilia,38.1291,15.2071
98051,Cannistra',Sicilia,38.1333,15.2333
98053,Castroreale,Sicilia,38.0986,15.2101
98053,Bafia,Sicilia,38.0745,15.2053
98053,Protonotaro,Sicilia,38.1208,15.1924
98054,Furnari,Sicilia,38.1044,15.1236
98054,Tonnarella,Sicilia,38.1254,15.1135
98055,Canneto Lipari,Sicilia,38.495,14.9604
98055,Canneto,Sicilia,38.495,14.9604
98055,Pianoconte,Sicilia,38.4743,14.9286
98055,Quattropani,Sicilia,38.5,14.9167
98055,Acquacalda,Sicilia,38.5197,14.9445
98055,Lipari,Sicilia,38.4674,14.954
98056,Mazzarra' Sant'Andrea,Sicilia,38.0897,15.1354
98057,Milazzo,Sicilia,38.2201,15.2402
98057,San Pietro Di Milazzo,Sicilia,38.1833,15.2333
98057,Santa Marina Di Milazzo,Sicilia,38.2017,15.2368
98058,San Basilio Di Novara Di Sicilia,Sicilia,38.0096,15.1039
98058,Novara Di Sicilia,Sicilia,38.0154,15.1313
98059,Milici,Sicilia,38.0835,15.1688
98059,Rodi' Milici,Sicilia,38.0835,15.1688
98060,Belvedere,Sicilia,38.1057,15.0814
98060,San Lorenzitto,Sicilia,38.1077,14.9571
98060,Piraino,Sicilia,38.1613,14.861
98060,Salina',Sicilia,38.1444,14.8661
98060,Montagnareale,Sicilia,38.1322,14.9466
98060,Cavallo Pastorio,Sicilia,38.0895,14.8844
98060,Ucria,Sicilia,38.0462,14.8809
98060,Basico',Sicilia,38.0608,15.0626
98060,Fiumara Di Piraino,Sicilia,38.1527,14.8533
98060,Oliveri,Sicilia,38.1251,15.0607
98060,Gliaca,Sicilia,38.1632,14.8477
98060,Tripi,Sicilia,38.0467,15.0967
98060,Campogrande,Sicilia,38.073,15.0989
98060,San Silvestro,Sicilia,38.095,14.9049
98060,Santa Maria Lo Piano,Sicilia,38.095,14.9049
98060,Sant'Angelo Di Brolo,Sicilia,38.1152,14.884
98060,Falcone,Sicilia,38.117,15.0797
98061,Brolo,Sicilia,38.1562,14.828
98062,Ficarra,Sicilia,38.1085,14.8299
98063,Magaro,Sicilia,38.171,14.9238
98063,Gioiosa Marea,Sicilia,38.1737,14.8993
98063,San Giorgio,Sicilia,38.1683,14.9482
98064,Nasidi,Sicilia,38.0806,14.9634
98064,Colla Maffone,Sicilia,38.0937,14.9743
98064,Librizzi,Sicilia,38.0972,14.9591
98065,Santa Barbara,Sicilia,38.0546,15.0357
98065,Braidi,Sicilia,38.0593,15.0154
98065,Montalbano Elicona,Sicilia,38.0236,15.0139
98066,Case Nuove Russo,Sicilia,38.1405,14.9888
98066,Mongiove,Sicilia,38.1479,15.0141
98066,Patti,Sicilia,38.1474,14.9641
98066,Marina Di Patti,Sicilia,38.1356,15.0097
98066,Tindari,Sicilia,38.1424,15.0443
98066,San Cosimo,Sicilia,38.1035,15.0111
98066,Scala,Sicilia,38.1322,15.0357
98067,Zappa,Sicilia,38.0346,14.9092
98067,Fondachello Di Raccuja,Sicilia,38.0452,14.9098
98067,Raccuja,Sicilia,38.0558,14.9104
98068,Tesoriero,Sicilia,38.0614,14.9958
98068,San Piero Patti,Sicilia,38.0521,14.9682
98068,Fiumara,Sicilia,38.0258,14.9659
98069,Sinagra,Sicilia,38.0819,14.8501
98070,San Salvatore Di Fitalia,Sicilia,38.0684,14.778
98070,Torrenova,Sicilia,38.0925,14.6792
98070,Reitano,Sicilia,37.972,14.3442
98070,Rocca Di Capri Leone,Sicilia,38.1068,14.7103
98070,San Marco D'Alunzio,Sicilia,38.0726,14.7009
98070,Acquedolci,Sicilia,38.0571,14.5855
98070,Galati Mamertino,Sicilia,38.0318,14.7715
98070,Mirto,Sicilia,38.0844,14.7461
98070,Alcara Li Fusi,Sicilia,38.0214,14.7014
98070,Militello Rosmarino,Sicilia,38.0458,14.6758
98070,Capri Leone,Sicilia,38.0868,14.7296
98070,Longi,Sicilia,38.0262,14.7531
98070,San Basilio,Sicilia,38.0167,14.7784
98070,Motta D'Affermo,Sicilia,37.981,14.3034
98070,Castell'Umberto,Sicilia,38.0863,14.8069
98070,Pettineo,Sicilia,37.9679,14.2912
98070,Castel Di Lucio,Sicilia,37.887,14.3112
98070,Torremuzza,Sicilia,38.0385,14.9435
98070,Frazzano',Sicilia,38.072,14.7441
98070,Sfaranda,Sicilia,38.0581,14.8315
98071,Piana Di Capo D'Orlando,Sicilia,38.1468,14.7559
98071,Scafa,Sicilia,38.151,14.7788
98071,Capo D'Orlando,Sicilia,38.1426,14.7329
98072,Marina Di Caronia,Sicilia,38.0354,14.4418
98072,Caronia,Sicilia,38.0238,14.4414
98072,Canneto Di Caronia,Sicilia,38.0214,14.3889
98073,Mistretta,Sicilia,37.9282,14.3578
98074,Cresta,Sicilia,38.1325,14.7659
98074,Malo',Sicilia,38.1154,14.751
98074,Naso,Sicilia,38.1221,14.787
98075,San Fratello,Sicilia,38.0156,14.5982
98076,Torrecandele,Sicilia,38.0667,14.65
98076,Sant'Agata Di Militello,Sicilia,38.0684,14.636
98076,Vallebruca,Sicilia,38.0333,14.6333
98077,Santo Stefano Di Camastra,Sicilia,38.013,14.3514
98078,Sceti,Sicilia,38.0304,14.8071
98078,Moira,Sicilia,38.0313,14.8448
98078,Grazia,Sicilia,38.048,14.8355
98078,Tortorici,Sicilia,38.0297,14.8221
98078,Ilombati,Sicilia,38.0106,14.8303
98078,Sant'Antonino Sciortino,Sicilia,38.0192,14.8175
98079,Castel Di Tusa,Sicilia,38.0089,14.2576
98079,Tusa,Sicilia,37.9839,14.2361
98100,Messina,Sicilia,38.1939,15.5526
98121,Messina,Sicilia,38.1939,15.5526
98122,Messina,Sicilia,38.1939,15.5526
98123,Messina,Sicilia,38.1939,15.5526
98124,Gazzi,Sicilia,38.1667,15.55
98124,Messina,Sicilia,38.1939,15.5526
98125,Messina,Sicilia,38.1939,15.5526
98125,Contesse,Sicilia,38.1866,15.5478
98126,Messina,Sicilia,38.1939,15.5526
98126,Santa Lucia Sopra Contesse,Sicilia,38.1939,15.5526
98127,Zafferia,Sicilia,38.1866,15.5478
98127,Messina,Sicilia,38.1939,15.5526
98128,Tremestieri,Sicilia,38.1866,15.5478
98128,Messina,Sicilia,38.1939,15.5526
98129,Messina,Sicilia,38.1939,15.5526
98129,Larderia,Sicilia,38.141,15.5029
98130,Messina,Sicilia,38.1939,15.5526
98131,Messina,Sicilia,38.1939,15.5526
98131,Mili Marina,Sicilia,38.1167,15.5167
98132,Mili Marina,Sicilia,38.1167,15.5167
98132,Mili San Marco,Sicilia,38.1167,15.5
98132,Messina,Sicilia,38.1939,15.5526
98133,Messina,Sicilia,38.1939,15.5526
98133,Mili Superiore,Sicilia,38.1394,15.5156
98134,Messina,Sicilia,38.1939,15.5526
98134,Galati Marina,Sicilia,38.1,15.5
98135,Santo Stefano Medio,Sicilia,38.0527,15.4483
98135,Messina,Sicilia,38.1939,15.5526
98135,Santa Margherita,Sicilia,37.9114,15.3441
98136,Santo Stefano Medio,Sicilia,38.1939,15.5526
98136,Messina,Sicilia,38.1939,15.5526
98137,Messina,Sicilia,38.1939,15.5526
98137,Santo Stefano Di Briga,Sicilia,38.1,15.4833
98138,Pezzolo,Sicilia,38.0853,15.4584
98138,Messina,Sicilia,38.1939,15.5526
98139,Briga,Sicilia,38.0784,15.4729
98139,San Placido Calonero',Sicilia,38.1362,15.5127
98139,Briga Marina,Sicilia,38.1362,15.5127
98139,Messina,Sicilia,38.1939,15.5526
98140,Messina,Sicilia,38.1939,15.5526
98141,Giampilieri Marina,Sicilia,38.1805,15.5234
98141,Messina,Sicilia,38.1939,15.5526
98142,Messina,Sicilia,38.1939,15.5526
98142,Giampilieri,Sicilia,38.0682,15.4699
98142,San Filippo Inferiore,Sicilia,38.1628,15.5108
98143,Molino,Sicilia,38.0747,15.4552
98143,Messina,Sicilia,38.1939,15.5526
98143,Altolia,Sicilia,38.0762,15.446
98144,Messina,Sicilia,38.1939,15.5526
98144,San Filippo,Sicilia,38.2796,15.5052
98145,San Filippo,Sicilia,38.2796,15.5052
98145,Bordonaro,Sicilia,38.1833,15.5167
98145,Messina,Sicilia,38.1939,15.5526
98146,Santo,Sicilia,38.1833,15.5333
98146,Messina,Sicilia,38.1939,15.5526
98146,Cumia,Sicilia,38.1735,15.5034
98147,Messina,Sicilia,38.1939,15.5526
98147,Villaggio Aldisio,Sicilia,38.1805,15.5234
98148,Messina,Sicilia,38.1939,15.5526
98148,Santo,Sicilia,38.1833,15.5333
98149,Messina,Sicilia,38.1939,15.5526
98149,Cataratti,Sicilia,38.197,15.5346
98149,Camaro Inferiore,Sicilia,38.1805,15.5234
98149,Camaro,Sicilia,38.2,15.5167
98150,Messina,Sicilia,38.1939,15.5526
98151,Camaro,Sicilia,38.2,15.5167
98151,Messina,Sicilia,38.1939,15.5526
98152,Messina,Sicilia,38.1939,15.5526
98152,San Michele,Sicilia,38.0385,14.9435
98152,Scala Ritiro,Sicilia,38.2167,15.5333
98153,Messina,Sicilia,38.1939,15.5526
98153,Gesso,Sicilia,38.2353,15.4687
98154,Salice Calabro,Sicilia,38.2219,15.5242
98154,Salice,Sicilia,38.2499,15.4959
98154,Messina,Sicilia,38.1939,15.5526
98155,Castanea Delle Furie,Sicilia,38.2616,15.5218
98155,Castanea,Sicilia,38.2616,15.5218
98155,Messina,Sicilia,38.1939,15.5526
98156,Messina,Sicilia,38.1939,15.5526
98156,Massa San Giorgio,Sicilia,38.2744,15.5367
98157,Massa Santa Lucia,Sicilia,38.2698,15.5491
98157,Messina,Sicilia,38.1939,15.5526
98157,Massa San Giovanni,Sicilia,38.2654,15.5444
98158,Messina,Sicilia,38.1939,15.5526
98158,Faro Superiore,Sicilia,38.2679,15.5827
98159,Liuzzo Orto,Sicilia,38.2549,15.4582
98159,Messina,Sicilia,38.1939,15.5526
98160,Messina,Sicilia,38.1939,15.5526
98161,Messina,Sicilia,38.1939,15.5526
98161,Rodia,Sicilia,38.2732,15.4855
98162,Messina,Sicilia,38.1939,15.5526
98162,San Saba,Sicilia,38.2199,15.5576
98163,Sparta',Sicilia,38.2937,15.535
98163,Messina,Sicilia,38.1939,15.5526
98164,Lido Di Mortelle,Sicilia,38.2303,15.6013
98164,Messina,Sicilia,38.1939,15.5526
98164,Torre Faro,Sicilia,38.2667,15.65
98165,Messina,Sicilia,38.1939,15.5526
98165,Ganzirri,Sicilia,38.2199,15.5576
98166,Messina,Sicilia,38.1939,15.5526
98166,Sant'Agata,Sicilia,38.2543,15.6001
98167,Messina,Sicilia,38.1939,15.5526
98167,Pace,Sicilia,38.2199,15.5576
98168,Contemplazione,Sicilia,38.2199,15.5576
98168,Villaggio Paradiso,Sicilia,38.1939,15.5526
98168,Villaggio Annunziata,Sicilia,38.1939,15.5526
98168,Messina,Sicilia,38.1939,15.5526
98168,Pace,Sicilia,38.1939,15.5526
90010,Torre Normanna,Sicilia,37.975,13.9342
90010,Geraci Siculo,Sicilia,37.859,14.1533
90010,Borrello Di San Mauro Castelverde,Sicilia,37.975,13.9342
90010,Lascari Scalo,Sicilia,37.975,13.9342
90010,Ficarazzi,Sicilia,38.0923,13.4639
90010,Altavilla Milicia,Sicilia,38.038,13.5495
90010,Lascari,Sicilia,38.0007,13.9405
90010,Isnello,Sicilia,37.9432,14.0072
90010,San Mauro Castelverde,Sicilia,37.9148,14.1896
90010,Campofelice Di Roccella,Sicilia,37.9927,13.8765
90010,Finale,Sicilia,38.0189,14.1615
90010,Pollina,Sicilia,37.9931,14.1459
90010,Ustica,Sicilia,37.975,13.9342
90010,Gratteri,Sicilia,37.9661,13.9731
90010,Cerda,Sicilia,37.9058,13.815
90011,Bagheria,Sicilia,38.0789,13.5124
90011,Aspra,Sicilia,38.1049,13.5018
90012,San Giovanni Li Greci,Sicilia,37.9017,13.6525
90012,Caccamo,Sicilia,37.9336,13.6681
90012,Sambuchi,Sicilia,37.8697,13.6369
90013,Castelbuono,Sicilia,37.9253,14.0867
90014,Casteldaccia,Sicilia,38.0512,13.5304
90015,Gibilmanna,Sicilia,37.9865,14.018
90015,Sant'Ambrogio,Sicilia,38.0187,14.0878
90015,Cefalu',Sicilia,38.0386,14.0228
90016,Collesano,Sicilia,37.9181,13.937
90017,Sant'Elia,Sicilia,38.0964,13.5376
90017,Santa Flavia,Sicilia,38.1045,13.5334
90017,Porticello,Sicilia,38.0863,13.535
90018,Termini Imerese,Sicilia,37.9823,13.6973
90018,Danigarci,Sicilia,37.9823,13.6973
90019,San Nicolo' L'Arena,Sicilia,38.0042,13.6339
90019,Trabia,Sicilia,38.0042,13.6339
90020,Sclafani Bagni,Sicilia,37.8217,13.8548
90020,Locati,Sicilia,37.7333,14.0833
90020,Castellana Sicula,Sicilia,37.7869,14.0391
90020,Aliminusa,Sicilia,37.864,13.7813
90020,Regalgioffoli,Sicilia,37.8208,13.6376
90020,Scillato,Sicilia,37.8578,13.9063
90020,Nociazzi Inferiore,Sicilia,37.819,13.8523
90020,Sciara,Sicilia,37.9151,13.7618
90020,Ventimiglia Di Sicilia,Sicilia,37.9236,13.5677
90020,Calcarelli,Sicilia,37.8,14.0333
90020,Bompietro,Sicilia,37.7439,14.0947
90020,Roccapalumba,Sicilia,37.8082,13.6367
90020,Baucina,Sicilia,37.9252,13.5364
90020,Nociazzi,Sicilia,37.8051,14.0382
90020,Vicari,Sicilia,37.8237,13.5689
90020,Alimena,Sicilia,37.6931,14.1137
90020,Blufi,Sicilia,37.752,14.073
90020,Montemaggiore Belsito,Sicilia,37.8482,13.7621
90021,Alia,Sicilia,37.7787,13.7139
90022,Caltavuturo,Sicilia,37.8204,13.8916
90023,Ciminna,Sicilia,37.8976,13.5597
90024,Gangi,Sicilia,37.7957,14.2044
90025,Lercara Friddi,Sicilia,37.7466,13.6039
90026,Pianello,Sicilia,37.7871,14.1124
90026,Pianello Di Petralia Sottana,Sicilia,37.7871,14.1124
90026,Raffo,Sicilia,37.7846,14.1309
90026,Petralia Soprana,Sicilia,37.8006,14.1081
90026,Fasano',Sicilia,37.7761,14.0982
90027,Petralia Sottana,Sicilia,37.8092,14.0929
90028,Polizzi Generosa,Sicilia,37.8116,14.0027
90029,Valledolmo,Sicilia,37.747,13.8281
90030,Giuliana,Sicilia,37.6728,13.2374
90030,Santa Cristina Gela,Sicilia,37.9851,13.3275
90030,Campofiorito,Sicilia,37.7537,13.2687
90030,Godrano,Sicilia,37.9031,13.4282
90030,Villafrati,Sicilia,37.9065,13.4849
90030,Blandino,Sicilia,38.0579,13.3091
90030,Mezzojuso,Sicilia,37.8651,13.4651
90030,Bolognetta,Sicilia,37.9712,13.4563
90030,Castronuovo Di Sicilia,Sicilia,37.6789,13.6035
90030,Altofonte,Sicilia,38.043,13.2943
90030,Palazzo Adriano,Sicilia,37.6807,13.3794
90030,Cefala' Diana,Sicilia,37.9156,13.4633
90030,Contessa Entellina,Sicilia,37.7301,13.1843
90030,Piano Maglio,Sicilia,38.0579,13.3091
90030,Campofelice Di Fitalia,Sicilia,37.8269,13.4857
90031,Belmonte Mezzagno,Sicilia,38.0465,13.3921
90032,Bisacquino,Sicilia,37.7035,13.2605
90033,San Carlo,Sicilia,37.6244,13.2531
90033,Chiusa Sclafani,Sicilia,37.6769,13.2707
90034,Corleone,Sicilia,37.8134,13.3017
90034,Ficuzza,Sicilia,37.8849,13.3754
90035,Marineo,Sicilia,37.9519,13.4178
90036,Misilmeri,Sicilia,38.0318,13.448
90036,Portella Di Mare,Sicilia,38.073,13.462
90037,Piana Degli Albanesi,Sicilia,37.9937,13.2846
90038,Prizzi,Sicilia,37.7209,13.4344
90038,Filaga,Sicilia,37.6934,13.4676
90039,Villabate,Sicilia,38.0779,13.4428
90040,Grisi',Sicilia,37.953,13.0898
90040,Trappeto,Sicilia,38.0687,13.0379
90040,Roccamena,Sicilia,37.8382,13.1551
90040,Giardinello,Sicilia,38.0871,13.1565
90040,Montelepre,Sicilia,38.0903,13.1752
90040,San Cipirello,Sicilia,37.9607,13.1773
90040,Isola Delle Femmine,Sicilia,38.1912,13.2469
90040,Capaci,Sicilia,38.1711,13.2393
90040,Cortiglia,Sicilia,38.0889,13.1637
90040,Torretta,Sicilia,38.1304,13.2355
90041,Balestrate,Sicilia,38.0512,13.0072
90041,Foce,Sicilia,38.0512,13.0072
90042,Borgetto,Sicilia,38.0466,13.1407
90043,Camporeale,Sicilia,37.8861,13.1011
90044,Carini,Sicilia,38.1324,13.1827
90044,Villagrazia Di Carini,Sicilia,38.1617,13.169
90045,Cinisi,Sicilia,38.1608,13.101
90045,Punta Raisi Aeroporto,Sicilia,38.1608,13.101
90046,Poggio San Francesco,Sicilia,38.0049,13.3415
90046,Pioppo,Sicilia,38.05,13.2333
90046,Villa Ciambra,Sicilia,38.0613,13.32
90046,Monreale,Sicilia,38.0812,13.2895
90046,Malpasso,Sicilia,37.7413,13.6104
90046,San Martino Delle Scale,Sicilia,38.0906,13.2541
90047,Partinico,Sicilia,38.0466,13.1179
90048,San Giuseppe Jato,Sicilia,37.9733,13.1889
90049,Terrasini,Sicilia,38.1462,13.0832
90049,Citta' Del Mare,Sicilia,38.1006,13.0748
90100,Palermo,Sicilia,38.1321,13.3356
90121,Palermo,Sicilia,38.1321,13.3356
90121,In Via Ammiraglio Cristodulo,Sicilia,38.116,13.3178
90121,Brancaccio Ciaculli,Sicilia,38.116,13.3178
90121,Acqua Dei Corsari,Sicilia,38.116,13.3178
90121,In Via Messina Marine,Sicilia,38.116,13.3178
90121,Boccadifalco,Sicilia,38.1,13.3
90122,Palermo,Sicilia,38.1321,13.3356
90122,Roccella Guarnaschelli,Sicilia,38.1321,13.3356
90123,Palermo,Sicilia,38.1321,13.3356
90123,Settecannoli,Sicilia,38.1321,13.3356
90124,Brancaccio Ciaculli,Sicilia,38.1321,13.3356
90124,In Via Brancaccio,Sicilia,38.1321,13.3356
90124,In Via Chiavelli,Sicilia,38.1321,13.3356
90124,In Via Santa Maria Di Gesu',Sicilia,38.1321,13.3356
90124,Palermo,Sicilia,38.1321,13.3356
90125,In Via Aloi,Sicilia,38.1321,13.3356
90125,Palermo,Sicilia,38.1321,13.3356
90126,Mezzomonreale Boccadifalco,Sicilia,38.1321,13.3356
90126,Palermo,Sicilia,38.1321,13.3356
90127,Palermo,Sicilia,38.1321,13.3356
90128,Palermo,Sicilia,38.1321,13.3356
90129,Palermo,Sicilia,38.1321,13.3356
90131,Palermo,Sicilia,38.1321,13.3356
90131,Rocca Monreale,Sicilia,38.1321,13.3356
90132,Palermo,Sicilia,38.1321,13.3356
90133,Palermo,Sicilia,38.1321,13.3356
90133,Tribunali Castellammare,Sicilia,38.1321,13.3356
90134,Palermo,Sicilia,38.1321,13.3356
90134,Zisa,Sicilia,38.1321,13.3356
90134,In Via Gioiamia,Sicilia,38.1321,13.3356
90135,Palermo,Sicilia,38.1321,13.3356
90135,Zisa,Sicilia,38.1321,13.3356
90136,Palermo,Sicilia,38.1321,13.3356
90137,Palermo,Sicilia,38.1321,13.3356
90138,Zisa,Sicilia,38.1321,13.3356
90138,Palermo,Sicilia,38.1321,13.3356
90139,Palermo,Sicilia,38.1321,13.3356
90140,Palermo,Sicilia,38.1321,13.3356
90141,Palermo,Sicilia,38.1321,13.3356
90142,Arenella Vergine Maria,Sicilia,38.1321,13.3356
90142,Montepellegrino,Sicilia,38.1321,13.3356
90142,Palermo,Sicilia,38.1321,13.3356
90143,Palermo,Sicilia,38.1321,13.3356
90144,Palermo,Sicilia,38.1321,13.3356
90145,Palermo,Sicilia,38.1321,13.3356
90146,San Lorenzo Colli,Sicilia,38.1321,13.3356
90146,In Via San Nicola,Sicilia,38.1321,13.3356
90146,Pallavicino,Sicilia,38.1321,13.3356
90146,Cruillas,Sicilia,38.1321,13.3356
90146,Resuttana San Lorenzo,Sicilia,38.1321,13.3356
90146,Palermo,Sicilia,38.1321,13.3356
90147,Palermo,Sicilia,38.1321,13.3356
90147,Tommaso Natale Sferracavallo,Sicilia,38.1321,13.3356
90148,Palermo,Sicilia,38.1321,13.3356
90148,Villagrazia,Sicilia,38.0833,13.3333
90148,Sferracavallo,Sicilia,38.2,13.2833
90148,Tommaso Natale,Sicilia,38.1833,13.2833
90149,Palermo,Sicilia,38.1321,13.3356
90151,Partanna Mondello,Sicilia,38.166,13.3345
90151,Palermo,Sicilia,38.1321,13.3356
90151,Mondello,Sicilia,38.2,13.3333
97010,Bellocozzo,Sicilia,36.9381,14.7057
97010,Marina Di Modica,Sicilia,36.7165,14.7847
97010,Marina Di Ragusa,Sicilia,36.7858,14.5547
97010,Monterosso Almo,Sicilia,37.0888,14.765
97010,Roccazzo,Sicilia,37.0519,14.6295
97010,Giarratana,Sicilia,37.0474,14.7945
97011,Acate,Sicilia,37.0232,14.493
97012,Chiaramonte Gulfi,Sicilia,37.0305,14.703
97013,Comiso,Sicilia,36.9489,14.6073
97013,Pedalino,Sicilia,37.0232,14.5812
97014,Ispica,Sicilia,36.7862,14.9053
97015,Modica Alta,Sicilia,36.8891,14.7919
97015,Rocciola Sorda,Sicilia,36.8891,14.7919
97015,Cava D'Ispica,Sicilia,36.8891,14.7919
97015,Frigintini,Sicilia,36.9196,14.8242
97015,Modica,Sicilia,36.8587,14.7597
97016,Pozzallo,Sicilia,36.7303,14.8467
97017,Santa Croce Camerina,Sicilia,36.8284,14.5254
97017,Donnafugata,Sicilia,36.8833,14.5667
97018,Jungi,Sicilia,36.7508,14.6929
97018,Donnalucata,Sicilia,36.7612,14.6402
97018,Cava D'Aliga,Sicilia,36.7296,14.6903
97018,Scicli,Sicilia,36.7901,14.7028
97018,Sampieri,Sicilia,36.7222,14.7381
97019,Vittoria,Sicilia,36.9515,14.5279
97019,Scoglitti,Sicilia,36.8942,14.4335
97100,Ragusa Ibla,Sicilia,36.9256,14.7279
97100,Ragusa,Sicilia,36.9257,14.7244
96010,Buccheri,Sicilia,37.1249,14.8522
96010,Villasmundo,Sicilia,37.2513,15.0909
96010,Solarino,Sicilia,37.1014,15.1199
96010,Sortino,Sicilia,37.1588,15.03
96010,Canicattini Bagni,Sicilia,37.0317,15.0639
96010,Portopalo Di Capo Passero,Sicilia,36.6822,15.1338
96010,Melilli,Sicilia,37.1782,15.1302
96010,Priolo Gargallo,Sicilia,37.1551,15.1825
96010,Buscemi,Sicilia,37.086,14.885
96010,San Foca',Sicilia,37.0904,15.0394
96010,Rizzolo,Sicilia,37.0904,15.0394
96010,Palazzolo Acreide,Sicilia,37.0626,14.9059
96010,Cassaro,Sicilia,37.1057,14.947
96010,Marina Di Melilli,Sicilia,37.1171,15.2317
96010,Ferla,Sicilia,37.1198,14.9388
96011,Brucoli,Sicilia,37.2819,15.1884
96011,Augusta,Sicilia,37.2407,15.2212
96012,Avola,Sicilia,36.9084,15.1394
96013,Borgo Rizza,Sicilia,37.2363,14.9734
96013,Pedagaggi,Sicilia,37.1918,14.9365
96013,Carlentini,Sicilia,37.2807,15.0102
96014,Floridia,Sicilia,37.0834,15.1533
96015,Francofonte,Sicilia,37.2248,14.8749
96016,Lentini,Sicilia,37.2856,14.9974
96017,San Paolo Di Noto,Sicilia,36.8388,15.0259
96017,Santa Lucia,Sicilia,37.0833,15.2667
96017,San Paolo,Sicilia,36.8388,15.0259
96017,Santa Lucia Di Noto,Sicilia,36.9362,15.0367
96017,Testa Dell'Acqua,Sicilia,36.9615,14.9736
96017,Castelluccio,Sicilia,36.95,14.9333
96017,Rigolizia,Sicilia,36.9982,14.9329
96017,Noto,Sicilia,36.8924,15.0698
96017,San Corrado Di Fuori,Sicilia,36.9268,15.0654
96018,Pachino,Sicilia,36.7152,15.0902
96018,Marzamemi,Sicilia,36.7152,15.0902
96019,Rosolini,Sicilia,36.8214,14.9513
96100,Belvedere Di Siracusa,Sicilia,37.0884,15.2131
96100,Cassibile,Sicilia,36.9786,15.2006
96100,Belvedere,Sicilia,37.0884,15.2131
96100,Siracusa,Sicilia,37.0841,15.2763
96100,Carrozziere,Sicilia,37.0376,15.272
91010,Marettimo,Sicilia,38.0719,12.7595
91010,Vita,Sicilia,37.8689,12.8276
91010,Macari,Sicilia,38.1438,12.7384
91010,San Vito Lo Capo,Sicilia,38.174,12.736
91010,Castelluzzo,Sicilia,38.101,12.736
91011,Alcamo,Sicilia,37.9779,12.9647
91012,Buseto Palizzolo,Sicilia,38.0034,12.7091
91012,Bruca,Sicilia,37.967,12.7983
91012,Battaglia,Sicilia,37.9852,12.7537
91013,Calatafimi Segesta,Sicilia,37.9083,12.8758
91013,Calatafimi,Sicilia,37.9144,12.8636
91013,Sasi,Sicilia,37.9022,12.8879
91014,Scopello,Sicilia,38.0757,12.8139
91014,Castello Inici,Sicilia,38.0421,12.828
91014,Balata Di Baida,Sicilia,38.0242,12.7882
91014,Castellammare Del Golfo,Sicilia,38.0265,12.8818
91015,Custonaci,Sicilia,38.0793,12.6857
91015,Purgatorio,Sicilia,38.0795,12.7143
91015,Sperone Di Custonaci,Sicilia,38.0734,12.6855
91016,Erice,Sicilia,38.0378,12.5878
91016,Casa Santa,Sicilia,38.0251,12.5484
91016,Rigaletta,Sicilia,38.0134,12.5815
91016,San Giuliano Trentapiedi,Sicilia,38.0174,12.6011
91016,Pizzolungo,Sicilia,38.0608,12.5646
91016,Napola,Sicilia,37.9905,12.6319
91016,Ballata,Sicilia,37.9766,12.6924
91017,Pantelleria,Sicilia,38.0049,12.7136
91017,Scauri Siculo,Sicilia,38.0049,12.7136
91017,Scauri,Sicilia,38.0049,12.7136
91017,Kamma,Sicilia,38.0049,12.7136
91017,Pantelleria Aeroporto,Sicilia,38.0049,12.7136
91018,Gorgazzo,Sicilia,37.8305,12.788
91018,Ulmi,Sicilia,37.8333,12.7823
91018,Filci,Sicilia,37.8333,12.7823
91018,Salemi,Sicilia,37.822,12.8051
91018,San Ciro,Sicilia,37.8333,12.7823
91019,Bonagia,Sicilia,38.0631,12.5943
91019,Crocevie,Sicilia,38.036,12.6539
91019,Tonnara Di Bonagia,Sicilia,38.0631,12.5943
91019,Fico,Sicilia,38.0239,12.6035
91019,Chiesanuova,Sicilia,38.0167,12.65
91019,Valderice,Sicilia,38.04,12.6151
91019,Crocci,Sicilia,38.0159,12.6336
91019,Sant'Andrea Bonagia,Sicilia,38.065,12.616
91020,Costiera Di Mazara,Sicilia,37.7104,12.6415
91020,Petrosino,Sicilia,37.7127,12.4996
91020,Poggioreale,Sicilia,37.764,13.0359
91020,Granitola,Sicilia,37.574,12.6593
91020,Salaparuta,Sicilia,37.7569,13.0098
91021,Campobello Di Mazara,Sicilia,37.6346,12.7495
91021,Tre Fontane,Sicilia,37.5699,12.7242
91021,Granitola Torretta,Sicilia,37.574,12.6593
91022,Castelvetrano,Sicilia,37.6808,12.7919
91022,Marinella Di Selinunte,Sicilia,37.5948,12.8443
91022,Marinella,Sicilia,37.5948,12.8443
91022,Triscina,Sicilia,37.5872,12.7891
91023,Favignana,Sicilia,37.9295,12.3296
91023,Levanzo,Sicilia,37.9872,12.341
91024,Gibellina,Sicilia,37.807,12.8695
91024,Villaggio Madonna Delle Grazie,Sicilia,37.807,12.8695
91025,Bufalata,Sicilia,37.7763,12.5009
91025,Marsala,Sicilia,37.7992,12.4367
91025,Terrenove Bambina,Sicilia,37.7763,12.5009
91025,Ragattisi,Sicilia,37.7763,12.5009
91025,Spagnola,Sicilia,37.7763,12.5009
91025,Ciavolotto,Sicilia,37.7763,12.5009
91025,Matarocco,Sicilia,37.7763,12.5009
91025,Santo Padre Delle Perriere,Sicilia,37.7763,12.5009
91025,Tabaccaro,Sicilia,37.7763,12.5009
91025,Paolini,Sicilia,37.8,12.5167
91025,Ciavolo,Sicilia,37.7794,12.5377
91025,Strasatti Di Marsala,Sicilia,37.7267,12.5125
91026,Borgata Costiera,Sicilia,37.7104,12.6415
91026,Mazara Del Vallo,Sicilia,37.6553,12.5899
91027,Dattilo,Sicilia,37.97,12.6388
91027,Nubia,Sicilia,37.978,12.5135
91027,Paceco,Sicilia,37.9803,12.5577
91028,Partanna,Sicilia,37.7268,12.8892
91029,Santa Ninfa,Sicilia,37.7704,12.8774
91100,Guarrato,Sicilia,37.9328,12.5475
91100,Locogrande,Sicilia,37.9258,12.5115
91100,Ummari,Sicilia,37.9289,12.7404
91100,Marausa,Sicilia,37.9417,12.5095
91100,Fontanelle Casasanta,Sicilia,37.9507,12.5711
91100,Trapani,Sicilia,38.0176,12.5362
91100,Borgo Fazio,Sicilia,37.9507,12.5711
91100,San Giuliano Trentapiedi,Sicilia,37.9507,12.5711
91100,Birgi Aerostazione,Sicilia,37.9507,12.5711
91100,Marausa Loco Grande,Sicilia,37.9507,12.5711
91100,Rilievo,Sicilia,37.9164,12.5406
91100,Borgo Annunziata,Sicilia,37.9507,12.5711
91100,Fulgatore,Sicilia,37.9498,12.693
91100,Xitta,Sicilia,37.9833,12.55
91100,Salinagrande,Sicilia,37.9601,12.5114
52010,Serravalle Di Bibbiena,Toscana,43.7756,11.8401
52010,Santa Mama,Toscana,43.6297,11.8545
52010,Ortignano,Toscana,43.6801,11.7502
52010,Ortignano Raggiolo,Toscana,43.68,11.7488
52010,Moggiona Di Poppi,Toscana,43.7821,11.7932
52010,Faltona,Toscana,43.6242,11.7689
52010,Corsalone,Toscana,43.683,11.8349
52010,Subbiano,Toscana,43.5782,11.8714
52010,Talla,Toscana,43.6018,11.7871
52010,Chiusi Della Verna,Toscana,43.6975,11.935
52010,Raggiolo,Toscana,43.6768,11.7102
52010,Chitignano,Toscana,43.6616,11.8813
52010,La Verna,Toscana,43.7,11.9333
52010,Biforco,Toscana,43.7499,11.9345
52010,Montemignaio,Toscana,43.7399,11.6188
52010,Capolona,Toscana,43.5668,11.8637
52011,Soci,Toscana,43.7282,11.811
52011,Bibbiena Stazione,Toscana,43.7343,11.831
52011,Banzena,Toscana,43.7196,11.8673
52011,Serravalle,Toscana,43.7756,11.8401
52011,Bibbiena,Toscana,43.6988,11.8147
52011,Partina,Toscana,43.7491,11.8216
52014,Quota,Toscana,43.6856,11.7262
52014,Avena,Toscana,43.7514,11.7835
52014,Moggiona,Toscana,43.7821,11.7932
52014,Poppi,Toscana,43.7212,11.7664
52014,Camaldoli,Toscana,43.7936,11.8203
52014,Porrena,Toscana,43.751,11.7492
52014,Badia Prataglia,Toscana,43.7944,11.8783
52014,Ponte A Poppi,Toscana,43.7317,11.7666
52015,Pratovecchio Stia,Toscana,43.7869,11.7235
52015,Pratovecchio,Toscana,43.7869,11.7235
52016,Salutio,Toscana,43.6195,11.8149
52016,Castel Focognano,Toscana,43.6529,11.7873
52016,Rassina,Toscana,43.6474,11.8363
52016,Pieve A Socana,Toscana,43.6468,11.8251
52017,Stia,Toscana,43.7988,11.7089
52017,Papiano,Toscana,43.8185,11.7123
52018,Strada,Toscana,43.7445,11.7101
52018,Borgo Alla Collina,Toscana,43.7486,11.7268
52018,Castel San Niccolo',Toscana,43.7445,11.7091
52020,Laterina Stazione,Toscana,43.498,11.6787
52020,Castelfranco Di Sopra,Toscana,43.6216,11.5588
52020,Casalone,Toscana,43.4795,11.7087
52020,Montalto,Toscana,43.4991,11.6638
52020,Pergine Valdarno,Toscana,43.4703,11.6855
52020,Cavi,Toscana,43.4795,11.7087
52020,Ponticino,Toscana,43.4801,11.7162
52020,Laterina,Toscana,43.5019,11.7174
52020,Pieve A Presciano,Toscana,43.4519,11.6707
52021,Pietraviva,Toscana,43.3946,11.5836
52021,Capannole,Toscana,43.4424,11.6235
52021,Ambra,Toscana,43.4146,11.6029
52021,Torre,Toscana,43.4794,11.5641
52021,Badia Agnano,Toscana,43.4357,11.6497
52021,Bucine,Toscana,43.4769,11.614
52022,Meleto,Toscana,43.5689,11.4651
52022,Santa Barbara,Toscana,43.3346,11.7134
52022,Vacchereccia,Toscana,43.561,11.5013
52022,Cavriglia,Toscana,43.5202,11.4869
52022,Neri,Toscana,43.5339,11.4603
52022,Montegonzi,Toscana,43.5006,11.4958
52022,San Cipriano,Toscana,43.5686,11.4847
52022,Monastero,Toscana,43.5161,11.5075
52022,Castelnuovo Dei Sabbioni,Toscana,43.5409,11.4523
52024,Loro Ciuffenna,Toscana,43.5883,11.6288
52024,San Giustino Valdarno,Toscana,43.5527,11.705
52025,Montevarchi,Toscana,43.5252,11.5724
52025,Mercatale Valdarno,Toscana,43.4791,11.5633
52025,Levane,Toscana,43.5,11.6167
52025,Moncioni,Toscana,43.4856,11.5099
52026,Castelfranco Piandiscò,Toscana,43.6342,11.5318
52026,Vaggio,Toscana,43.6342,11.5318
52026,Pian Di Sco,Toscana,43.6419,11.5452
52026,Faella,Toscana,43.6265,11.5184
52027,San Giovanni Valdarno,Toscana,43.5676,11.5299
52028,Madrigale,Toscana,43.5695,11.5485
52028,Penna,Toscana,43.5669,11.6104
52028,Malva,Toscana,43.6,11.5833
52028,Campogialli,Toscana,43.5406,11.6855
52028,Terranuova Bracciolini,Toscana,43.5508,11.5807
52028,Ville,Toscana,43.5663,11.5712
52029,Castiglion Fibocchi,Toscana,43.5274,11.7615
52031,Anghiari,Toscana,43.541,12.0583
52031,San Leo Di Anghiari,Toscana,43.5345,12.0918
52032,Badia Tedalda,Toscana,43.7089,12.1843
52032,Ca' Raffaello,Toscana,43.7837,12.2105
52032,Fresciano,Toscana,43.7264,12.1361
52033,Caprese Michelangelo,Toscana,43.6403,11.9855
52035,Monterchi,Toscana,43.4873,12.1105
52035,Le Ville,Toscana,43.4857,12.0791
52036,Madonnuccia,Toscana,43.5997,12.0768
52036,Pieve Santo Stefano,Toscana,43.6715,12.0412
52037,Gricignano,Toscana,43.5431,12.1119
52037,Sansepolcro,Toscana,43.5726,12.1386
52037,Santa Fiora,Toscana,43.5599,12.1127
52038,Colcellalto,Toscana,43.7199,12.2217
52038,Monterone,Toscana,43.7102,12.3515
52038,Sestino,Toscana,43.7097,12.2978
52041,Tegoleto,Toscana,43.3946,11.7853
52041,Civitella In Val Di Chiana,Toscana,43.4173,11.7229
52041,Ciggiano,Toscana,43.3653,11.713
52041,Pieve Al Toppo,Toscana,43.4076,11.7969
52041,Badia Al Pino,Toscana,43.4042,11.7723
52041,Viciomaggio,Toscana,43.4322,11.7732
52043,Castiglion Fiorentino,Toscana,43.3431,11.9199
52043,Montecchio,Toscana,43.3128,11.9258
52043,Manciano,Toscana,43.3363,11.8858
52044,Montanare,Toscana,43.2609,12.0555
52044,Camucia,Toscana,43.2593,11.9711
52044,Montanare Di Cortona,Toscana,43.2609,12.0555
52044,Sant'Andrea Di Sorbello,Toscana,43.2872,12.2114
52044,Terontola,Toscana,43.2101,12.0111
52044,Terontola Stazione,Toscana,43.2632,12.0314
52044,Fratta,Toscana,43.2756,11.9254
52044,Cortona,Toscana,43.2747,11.9853
52044,Mercatale,Toscana,43.2577,12.1397
52044,Mercatale Di Cortona,Toscana,43.2577,12.1397
52044,Centoia,Toscana,43.2632,12.0314
52044,Santa Caterina,Toscana,43.2756,11.9254
52044,Santa Caterina Di Cortona,Toscana,43.2756,11.9254
52044,Capezzine,Toscana,43.2632,12.0314
52045,Foiano Della Chiana,Toscana,43.2532,11.8165
52045,Pozzo Della Chiana,Toscana,43.2928,11.8
52046,Lucignano,Toscana,43.2726,11.746
52047,Marciano,Toscana,43.3065,11.7917
52047,Marciano Della Chiana,Toscana,43.3049,11.7864
52047,Cesa,Toscana,43.3162,11.8126
52048,Palazzuolo,Toscana,43.3549,11.6451
52048,Monte San Savino,Toscana,43.3321,11.7266
52048,Montagnano Alberoro,Toscana,43.3494,11.7474
52048,Alberoro,Toscana,43.3669,11.8078
52048,Montagnano,Toscana,43.3438,11.8101
52100,Puglia,Toscana,43.5012,11.8826
52100,Ruscello,Toscana,43.45,11.8
52100,Poggiola,Toscana,43.45,11.8
52100,Ceciliano,Toscana,43.5021,11.8735
52100,Staggiano,Toscana,43.45,11.9167
52100,Palazzo Del Pero,Toscana,43.4211,11.9762
52100,Patrignone,Toscana,43.4991,11.853
52100,Arezzo,Toscana,43.4628,11.8807
52100,Ponte Alla Chiassa,Toscana,43.5263,11.8656
52100,Pratantico,Toscana,43.4807,11.8053
52100,Indicatore,Toscana,43.4807,11.8053
52100,Rigutino,Toscana,43.3755,11.8674
52100,Frassineto,Toscana,43.7,12.0833
52100,Battifolle,Toscana,43.4333,11.7833
52100,Chiassa,Toscana,43.4777,11.8775
52100,Antria,Toscana,43.4995,11.9109
52100,San Giuliano D'Arezzo,Toscana,43.4777,11.8775
52100,Pieve Al Bagnoro,Toscana,43.4777,11.8775
52100,Tregozzano,Toscana,43.4056,11.8436
52100,Chiassa Superiore,Toscana,43.4777,11.8775
52100,Quarata,Toscana,43.4986,11.8274
52100,Molin Nuovo,Toscana,43.4629,12.0198
52100,Olmo,Toscana,43.5336,11.8566
52100,Giovi D'Arezzo,Toscana,43.4777,11.8775
50010,Trespiano,Toscana,43.8343,11.2886
50012,Vallina,Toscana,43.7786,11.3631
50012,Grassina Ponte A Ema,Toscana,43.7333,11.3
50012,Rimaggio,Toscana,43.7572,11.3316
50012,Candeli,Toscana,43.763,11.3369
50012,Bagno A Ripoli,Toscana,43.7511,11.3225
50012,Grassina,Toscana,43.7237,11.2907
50012,Antella,Toscana,43.7277,11.3223
50012,Osteria Nuova,Toscana,43.7305,11.3443
50013,San Donnino Di Campi,Toscana,43.7955,11.1465
50013,San Donnino,Toscana,43.7955,11.1465
50013,Sant'Angelo,Toscana,43.8109,11.0812
50013,Sant'Angelo A Lecore,Toscana,43.8109,11.0812
50013,Campi Bisenzio,Toscana,43.8245,11.1303
50013,Il Rosi,Toscana,43.8571,11.141
50013,San Piero A Ponti,Toscana,43.8065,11.1362
50013,Capalle,Toscana,43.8144,11.1233
50014,San Domenico Di Fiesole,Toscana,43.817,11.2984
50014,Caldine,Toscana,43.8283,11.3044
50014,Fiesole,Toscana,43.8045,11.2949
50014,Pian Di Mugnone,Toscana,43.8181,11.2959
50018,San Vincenzo A Torri,Toscana,43.7006,11.0963
50018,San Martino Alla Palma,Toscana,43.7492,11.1437
50018,Scandicci,Toscana,43.7542,11.1879
50018,Le Bagnese San Giusto,Toscana,43.7421,11.1509
50018,Badia A Settimo,Toscana,43.7421,11.1509
50018,Casellina,Toscana,43.7642,11.1758
50019,Colonnata,Toscana,43.8333,11.2167
50019,Ponte A Giogoli,Toscana,43.8077,11.1768
50019,Sesto Fiorentino,Toscana,43.8319,11.1992
50019,Osmannoro,Toscana,43.8243,11.1976
50019,Quinto,Toscana,43.8243,11.1976
50019,Querceto,Toscana,43.8176,11.2913
50020,Mercatale Val Di Pesa,Toscana,43.6368,11.2279
50021,Vico D'Elsa,Toscana,43.5131,11.0988
50021,Marcialla,Toscana,43.5765,11.1417
50022,Lucolena,Toscana,43.5748,11.3885
50022,Panzano,Toscana,43.5442,11.3144
50022,San Polo In Chianti,Toscana,43.6723,11.3594
50022,Lamole,Toscana,43.5493,11.356
50022,Greve In Chianti,Toscana,43.5851,11.3171
50023,Bottai,Toscana,43.7256,11.2239
50023,Impruneta,Toscana,43.6845,11.2543
50023,Pozzolatico,Toscana,43.7248,11.2448
50023,Tavarnuzze,Toscana,43.7102,11.2172
50023,Monte Oriolo,Toscana,43.7087,11.2552
50025,Montespertoli,Toscana,43.6426,11.0733
50025,Baccaiano,Toscana,43.6652,11.0828
50025,Montagnana Val Di Pesa,Toscana,43.6393,11.1
50025,Martignana,Toscana,43.6393,11.1
50025,Lucardo,Toscana,43.5992,11.1172
50025,San Quirico In Collina,Toscana,43.6503,11.1269
50026,Montefiridolfi,Toscana,43.611,11.2138
50026,Cerbaia,Toscana,43.6852,11.1289
50026,Romola,Toscana,43.6997,11.1627
50026,San Casciano In Val Di Pesa,Toscana,43.6598,11.1849
50026,San Pancrazio,Toscana,43.6282,11.142
50026,Mercatale,Toscana,43.6368,11.2279
50026,Spedaletto,Toscana,43.6773,11.1921
50027,Chiocchio,Toscana,43.6374,11.315
50027,Passo Dei Pecorai,Toscana,43.6233,11.2847
50027,Strada In Chianti,Toscana,43.6587,11.2968
50028,Tavarnelle Val Di Pesa,Toscana,43.5618,11.1715
50028,San Donato In Poggio,Toscana,43.5373,11.2346
50028,Sambuca Val Di Pesa,Toscana,43.5734,11.2141
50028,Barberino Val D'Elsa,Toscana,43.5399,11.1718
50028,Sambuca,Toscana,43.5734,11.2141
50031,Cavallina,Toscana,43.9835,11.2315
50031,Cafaggiolo,Toscana,44.0133,11.2632
50031,Gagliano Di Mugello,Toscana,44.0173,11.2935
50031,Barberino Di Mugello,Toscana,43.9993,11.2368
50031,Galliano,Toscana,44.0173,11.2935
50031,Montecarelli,Toscana,44.0492,11.2608
50032,Borgo San Lorenzo,Toscana,43.9555,11.3856
50032,Ronta,Toscana,44.0031,11.4289
50032,Panicaglia,Toscana,43.9851,11.4079
50032,Luco Mugello,Toscana,44.0003,11.3961
50032,Polcanto,Toscana,43.8982,11.3572
50033,Coniale,Toscana,44.1529,11.4569
50033,Pietramala,Toscana,44.1645,11.3344
50033,Bruscoli,Toscana,44.1424,11.243
50033,Traversa,Toscana,44.1103,11.2844
50033,Firenzuola,Toscana,44.1197,11.3818
50033,Cornacchiaia,Toscana,44.1028,11.3366
50033,Filigare,Toscana,44.1987,11.3331
50033,Piancaldoli,Toscana,44.2141,11.4321
50033,Rifredo,Toscana,44.0657,11.3901
50033,Covigliaio,Toscana,44.1362,11.3073
50034,Crespino Del Lamone,Toscana,44.0359,11.5458
50034,Casaglia,Toscana,44.0378,11.5178
50034,Marradi,Toscana,44.0735,11.6109
50034,Lutirano,Toscana,44.0805,11.7085
50035,Palazzuolo Sul Senio,Toscana,44.113,11.5427
50035,Misileo,Toscana,44.1599,11.5874
50036,Bivigliano,Toscana,43.8957,11.321
50036,Fontebuona,Toscana,43.8748,11.2908
50036,Vaglia,Toscana,43.9107,11.28
50036,Pratolino,Toscana,43.8623,11.2986
50037,San Piero A Sieve,Toscana,43.9625,11.3243
50038,Sant'Agata Mugello,Toscana,44.0043,11.3488
50038,Sant'Agata,Toscana,44.0167,11.3333
50038,Scarperia,Toscana,43.9936,11.3542
50038,Scarperia E San Piero,Toscana,44.0027,11.3588
50039,Cistio,Toscana,43.9213,11.448
50039,Rupecanina,Toscana,43.9536,11.4767
50039,Gattaia,Toscana,43.9904,11.4725
50039,Villore,Toscana,43.9649,11.5433
50039,Vicchio,Toscana,43.9341,11.46
50041,Calenzano,Toscana,43.8545,11.1661
50041,Carraia,Toscana,43.8953,11.1819
50041,Croci Di Calenzano,Toscana,43.9448,11.2142
50041,Le Croci,Toscana,43.865,11.3388
50041,Settimello,Toscana,43.8899,11.2252
50050,Stabbia,Toscana,43.7827,10.8347
50050,Capraia,Toscana,43.6746,10.9088
50050,Il Castagno Val D'Elsa,Toscana,43.6746,10.9088
50050,Ponte Di Masino,Toscana,43.8176,11.2913
50050,Limite Sull'Arno,Toscana,43.6746,10.9088
50050,Varna,Toscana,43.5654,10.9771
50050,Pieve A Ripoli,Toscana,43.6746,10.9088
50050,Montaione,Toscana,43.5514,10.9137
50050,Il Castagno,Toscana,43.492,10.9292
50050,Cerreto Guidi,Toscana,43.7585,10.8819
50050,Lazzeretto,Toscana,43.783,10.8605
50050,San Zio,Toscana,43.7461,10.9006
50050,Gambassi Terme,Toscana,43.5358,10.9516
50050,Capraia E Limite,Toscana,43.7453,10.9834
50050,Badia A Cerreto,Toscana,43.5461,11.0255
50050,Gavena,Toscana,43.7235,10.8494
50050,Bassa,Toscana,43.7229,10.873
50051,Dogana,Toscana,43.6158,10.9508
50051,Cambiano,Toscana,43.6332,10.9603
50051,Petrazzi,Toscana,43.5826,11.0018
50051,Granaiolo,Toscana,43.6484,10.9475
50051,Castelfiorentino,Toscana,43.6096,10.9677
50051,Castelnuovo D'Elsa,Toscana,43.635,10.9377
50052,Fiano,Toscana,43.5887,11.1174
50052,Certaldo,Toscana,43.5477,11.0392
50053,Fontanella,Toscana,43.6527,10.9453
50053,Osteria Bianca,Toscana,43.6844,10.9752
50053,Marcignana,Toscana,43.7183,10.8844
50053,Empoli,Toscana,43.718,10.9476
50053,Brusciana,Toscana,43.6846,10.9076
50053,Case Nuove,Toscana,43.65,11.0833
50053,Monterappoli,Toscana,43.6793,10.9426
50053,Ponte A Elsa,Toscana,43.6891,10.8928
50053,Sant'Andrea,Toscana,43.683,11.1978
50054,Torre,Toscana,43.7602,10.7977
50054,Galleno,Toscana,43.7746,10.7213
50054,Le Botteghe,Toscana,43.7438,10.8165
50054,Ponte A Cappiano,Toscana,43.75,10.7667
50054,Massarella,Toscana,43.7769,10.8028
50054,La Torre,Toscana,43.6319,11.0957
50054,Fucecchio,Toscana,43.7329,10.7975
50054,Querce,Toscana,43.5667,10.95
50054,San Pierino,Toscana,43.7142,10.8137
50055,Lastra A Signa,Toscana,43.77,11.1127
50055,Malmantile,Toscana,43.7472,11.0728
50055,Brucianesi,Toscana,43.7636,11.0592
50055,Ginestra Fiorentina,Toscana,43.7094,11.0738
50055,Ponte A Signa,Toscana,43.7475,11.0797
50055,Porto Di Mezzo,Toscana,43.7475,11.0797
50056,Samminiatello,Toscana,43.7259,11.0119
50056,Ambrogiana,Toscana,43.7333,11.0167
50056,Montelupo Fiorentino,Toscana,43.7296,11.01
50056,Fibbiana,Toscana,43.7259,11.0119
50056,Sammontana,Toscana,43.7148,11.009
50058,San Mauro,Toscana,43.7942,11.125
50058,Signa,Toscana,43.7942,11.1036
50058,San Mauro A Signa,Toscana,43.7942,11.125
50059,Vinci,Toscana,43.7813,10.9237
50059,San Pantaleo,Toscana,43.7849,10.9064
50059,Spicchio,Toscana,43.7302,10.9392
50059,Sant'Amato,Toscana,43.7612,10.9327
50059,Orbignano,Toscana,43.7612,10.9327
50059,Sovigliana,Toscana,43.7302,10.9392
50059,Vitolini,Toscana,43.7794,10.9552
50060,Londa,Toscana,43.8634,11.5642
50060,Consuma,Toscana,43.7812,11.5959
50060,San Godenzo,Toscana,43.925,11.6198
50060,Diacceto,Toscana,43.7841,11.5031
50060,Borselli,Toscana,43.7946,11.5389
50060,Pelago,Toscana,43.7725,11.5015
50061,Compiobbi,Toscana,43.7849,11.3591
50062,Sandetole,Toscana,43.8656,11.5323
50062,Dicomano,Toscana,43.8927,11.5218
50063,Figline Valdarno,Toscana,43.62,11.4719
50063,Figline E Incisa Valdarno,Toscana,43.62,11.4719
50064,Loppiano,Toscana,43.6548,11.449
50064,Incisa In Val D'Arno,Toscana,43.6548,11.449
50065,Pontassieve,Toscana,43.7748,11.4311
50065,Sieci,Toscana,43.7885,11.3944
50065,Montebonello,Toscana,43.8303,11.4865
50065,Molino Del Piano,Toscana,43.811,11.3999
50065,Santa Brigida,Toscana,43.8512,11.3974
50066,Vallombrosa,Toscana,43.7329,11.5565
50066,San Donato Fronzano,Toscana,43.7117,11.5184
50066,Sant'Ellero,Toscana,43.7381,11.4713
50066,Tosi,Toscana,43.749,11.532
50066,Pietrapiana,Toscana,43.6964,11.5298
50066,Donnini,Toscana,43.7324,11.5015
50066,Cascia,Toscana,43.6716,11.515
50066,Cancelli,Toscana,43.6881,11.5113
50066,Leccio,Toscana,43.6992,11.4665
50066,Reggello,Toscana,43.6797,11.5298
50066,Borgo A Cascia,Toscana,43.6716,11.515
50066,Vaggio,Toscana,43.7084,11.5155
50066,Matassino,Toscana,43.7084,11.5155
50066,Saltino,Toscana,43.7296,11.5389
50067,Rignano Sull'Arno,Toscana,43.7215,11.4518
50067,Rosano,Toscana,43.7699,11.4231
50067,Troghi,Toscana,43.7148,11.3956
50067,San Donato In Collina,Toscana,43.7199,11.3826
50068,Contea,Toscana,43.8607,11.5288
50068,Pomino,Toscana,43.8178,11.5478
50068,Rufina,Toscana,43.824,11.4867
50100,Firenze,Toscana,43.7793,11.2463
50121,Firenze,Toscana,43.7793,11.2463
50122,Firenze,Toscana,43.7793,11.2463
50123,Firenze,Toscana,43.7793,11.2463
50124,Firenze,Toscana,43.7793,11.2463
50124,Galluzzo,Toscana,43.7377,11.2253
50125,Arcetri,Toscana,43.75,11.2333
50125,Firenze,Toscana,43.7793,11.2463
50125,San Felice A Ema,Toscana,43.7646,11.2398
50125,Poggio Imperiale,Toscana,43.7646,11.2398
50126,Firenze,Toscana,43.7793,11.2463
50126,Pieve A Ripoli,Toscana,43.7563,11.2731
50126,Sorgane,Toscana,43.7563,11.2731
50126,Bandino,Toscana,43.7563,11.2731
50126,Badia A Ripoli,Toscana,43.7563,11.2731
50126,Ponte A Ema,Toscana,43.7333,11.3
50127,Novoli,Toscana,43.7933,11.2205
50127,Firenze,Toscana,43.7793,11.2463
50128,Firenze,Toscana,43.7793,11.2463
50129,Firenze,Toscana,43.7793,11.2463
50130,Firenze,Toscana,43.7793,11.2463
50131,Firenze,Toscana,43.7793,11.2463
50132,Firenze,Toscana,43.7793,11.2463
50133,Firenze,Toscana,43.7793,11.2463
50134,Firenze,Toscana,43.7793,11.2463
50134,Careggi,Toscana,43.8128,11.251
50135,Settignano,Toscana,43.7828,11.3213
50135,Montalbano,Toscana,44.1931,11.3347
50135,Coverciano,Toscana,43.7788,11.2963
50135,Firenze,Toscana,43.7793,11.2463
50136,Firenze,Toscana,43.7793,11.2463
50136,Varlungo,Toscana,43.7729,11.2785
50136,Rovezzano,Toscana,43.7666,11.3108
50137,Firenze,Toscana,43.7793,11.2463
50138,Firenze,Toscana,43.7793,11.2463
50139,Firenze,Toscana,43.7793,11.2463
50140,Firenze,Toscana,43.7793,11.2463
50141,Firenze,Toscana,43.7793,11.2463
50141,Rifredi,Toscana,43.7986,11.2394
50141,Castello,Toscana,43.8167,11.2333
50142,Mantignano,Toscana,43.782,11.1696
50142,Isolotto,Toscana,43.7806,11.2079
50142,Firenze,Toscana,43.7793,11.2463
50143,Firenze,Toscana,43.7793,11.2463
50144,Firenze,Toscana,43.7793,11.2463
50145,Brozzi,Toscana,43.7939,11.1653
50145,Firenze,Toscana,43.7793,11.2463
50145,Peretola,Toscana,43.797,11.1966
58010,Sorano,Toscana,42.6812,11.7194
58010,Elmo,Toscana,42.7084,11.6985
58010,San Quirico,Toscana,42.6686,11.7634
58010,Sovana,Toscana,42.6572,11.645
58010,Montebuono,Toscana,42.7056,11.6466
58010,San Valentino,Toscana,42.7039,11.7378
58010,San Giovanni Delle Contee,Toscana,42.7531,11.7643
58010,Albinia,Toscana,42.5028,11.2103
58010,Montevitozzo,Toscana,42.7453,11.7073
58010,Castell'Ottieri,Toscana,42.7312,11.751
58010,Montorio,Toscana,42.75,11.7667
58010,Pratolungo,Toscana,42.7024,11.7661
58011,Capalbio,Toscana,42.4534,11.4217
58011,Borgo Carige,Toscana,42.4251,11.42
58011,Capalbio Stazione,Toscana,42.4223,11.4294
58011,Chiarone,Toscana,42.3883,11.4465
58012,Campese,Toscana,42.3622,10.9023
58012,Isola Del Giglio,Toscana,42.3579,10.9072
58012,Giglio Castello,Toscana,42.3649,10.9014
58012,Giglio Campese,Toscana,42.3663,10.8816
58012,Giglio Porto,Toscana,42.3598,10.919
58014,Montemerano,Toscana,42.6226,11.4903
58014,Marsiliana,Toscana,42.5349,11.3392
58014,Saturnia,Toscana,42.6667,11.5069
58014,Poggio Murella,Toscana,42.6747,11.5489
58014,San Martino Sul Fiora,Toscana,42.6725,11.5962
58014,Poderi Di Montemerano,Toscana,42.6267,11.4999
58014,Poggio Capanne,Toscana,42.6267,11.4999
58014,Manciano,Toscana,42.5888,11.5181
58015,Talamone,Toscana,42.5535,11.1328
58015,Orbetello Scalo,Toscana,42.4487,11.2494
58015,Santa Liberata,Toscana,42.504,11.2363
58015,Orbetello Stazione,Toscana,42.4942,11.2022
58015,Fonteblanda,Toscana,42.5646,11.1733
58015,Polverosa,Toscana,42.5232,11.2873
58015,Orbetello,Toscana,42.4416,11.2214
58017,Pitigliano,Toscana,42.6358,11.6746
58017,Il Casone,Toscana,42.6496,11.7724
58017,Casone,Toscana,42.75,11.5333
58018,Porto Ercole,Toscana,42.4017,11.2052
58019,Porto Santo Stefano,Toscana,42.4382,11.1154
58019,Monte Argentario,Toscana,42.4345,11.1195
58019,Giannutri,Toscana,42.4364,11.1175
58020,Puntone,Toscana,42.7876,11.2438
58020,Scarlino Stazione,Toscana,42.924,10.8446
58020,Scarlino Scalo,Toscana,42.9399,10.8377
58020,Scarlino,Toscana,42.908,10.8515
58022,Prato Ranieri,Toscana,42.9278,10.7645
58022,Follonica,Toscana,42.9278,10.7645
58023,Grilli,Toscana,42.8891,10.9772
58023,Ravi,Toscana,42.9117,10.9191
58023,Giuncarico,Toscana,42.9056,10.9922
58023,Bivio Di Ravi,Toscana,42.9185,10.9473
58023,Filare,Toscana,42.9261,10.8987
58023,Gavorrano,Toscana,42.9253,10.9068
58023,Boschetto,Toscana,42.9261,10.8987
58023,Miniera,Toscana,42.9178,10.9276
58023,Potassa,Toscana,42.9486,10.9273
58023,Caldana,Toscana,42.8939,10.9253
58023,Castel Di Pietra,Toscana,42.9178,10.9276
58023,Bagno Di Gavorrano,Toscana,42.9333,10.8833
58024,Ghirlanda,Toscana,43.0558,10.9025
58024,Montebamboli,Toscana,43.0768,10.8118
58024,Niccioleta,Toscana,43.0856,10.9336
58024,Capanne Vecchie,Toscana,43.0488,10.9144
58024,Tatti,Toscana,43.0223,11.0269
58024,Massa Marittima,Toscana,43.0478,10.8929
58024,Capanne,Toscana,43.0143,10.9116
58024,Valpiana,Toscana,43.0048,10.8503
58024,Prata,Toscana,43.0831,10.9855
58025,Frassine,Toscana,43.1163,10.7653
58025,Lago Boracifero,Toscana,43.1525,10.8126
58025,Monterotondo Marittimo,Toscana,43.1456,10.8559
58026,Gerfalco,Toscana,43.1462,10.9773
58026,Montieri,Toscana,43.1311,11.0166
58026,Boccheggiano,Toscana,43.0911,11.0332
58026,Travale,Toscana,43.1672,11.0098
58027,Montemassi,Toscana,42.9925,11.0631
58027,Ribolla,Toscana,42.9709,11.0356
58031,Stribugliano,Toscana,42.8505,11.4591
58031,Zancona,Toscana,42.8592,11.5251
58031,Montelaterone,Toscana,42.8877,11.512
58031,Bagnoli,Toscana,42.8728,11.5503
58031,Arcidosso,Toscana,42.8716,11.536
58031,Salaiola,Toscana,42.8689,11.5003
58033,Montenero,Toscana,42.9431,11.4732
58033,Montegiovi,Toscana,42.9111,11.5209
58033,Castel Del Piano,Toscana,42.8923,11.539
58034,Castell'Azzara,Toscana,42.7727,11.6979
58034,Selvena,Toscana,42.7671,11.6421
58036,Sticciano Scalo,Toscana,42.9257,11.1182
58036,Roccastrada,Toscana,43.0089,11.1676
58036,Sticciano,Toscana,42.9231,11.1424
58036,Sassofortino,Toscana,43.0258,11.1114
58036,Roccatederighi,Toscana,43.028,11.0811
58036,Sticciano Stazione,Toscana,42.9975,11.1291
58036,Torniella,Toscana,43.0737,11.1536
58037,Bagnolo,Toscana,42.8404,11.6179
58037,Selva,Toscana,42.7936,11.5997
58037,Marroneto,Toscana,42.8279,11.5925
58037,Bagnore,Toscana,42.8465,11.5677
58037,Santa Fiora,Toscana,42.8313,11.5847
58038,Seggiano,Toscana,42.929,11.5574
58042,Campagnatico,Toscana,42.8828,11.2739
58042,Montorsaio,Toscana,42.8905,11.2035
58042,Arcille,Toscana,42.7991,11.2521
58042,Arcille Di Campagnatico,Toscana,42.7991,11.2521
58043,Vetulonia,Toscana,42.8596,10.9706
58043,Riva Del Sole,Toscana,42.8242,10.8971
58043,Punta Ala,Toscana,42.8034,10.756
58043,Castiglione Della Pescaia,Toscana,42.7685,10.8775
58043,Buriano,Toscana,42.8444,10.9873
58043,Tirli,Toscana,42.845,10.8943
58044,Sasso D'Ombrone,Toscana,42.9315,11.326
58044,Cinigiano,Toscana,42.8906,11.392
58044,Monticello Amiata,Toscana,42.8879,11.4785
58044,Monticello Dell'Amiata,Toscana,42.8963,11.4095
58044,Castiglioncello Bandini,Toscana,42.875,11.4417
58045,Civitella Paganico,Toscana,43.0019,11.3147
58045,Monte Antico,Toscana,42.9826,11.363
58045,Monte Antico Scalo,Toscana,43.0019,11.3147
58045,Stazione Di Monte Antico,Toscana,42.9826,11.363
58045,Paganico,Toscana,42.9348,11.2702
58045,Civitella Marittima,Toscana,42.9941,11.2812
58045,Casale Di Pari,Toscana,43.0537,11.2912
58045,Pari,Toscana,43.0633,11.3197
58051,Montiano,Toscana,42.6452,11.2231
58051,Pereta,Toscana,42.6449,11.3226
58051,Magliano In Toscana,Toscana,42.598,11.2923
58053,Santa Caterina,Toscana,42.7873,11.4857
58053,Cana,Toscana,42.7963,11.4248
58053,Roccalbegna,Toscana,42.7863,11.5079
58053,Triana,Toscana,42.7884,11.5489
58053,Vallerona,Toscana,42.7928,11.4704
58054,Montorgiali,Toscana,42.7377,11.2983
58054,Preselle Sergardi,Toscana,42.7259,11.3405
58054,Murci,Toscana,42.7335,11.4114
58054,Scansano,Toscana,42.6878,11.3298
58054,Pancole,Toscana,42.7158,11.3026
58054,Pomonte,Toscana,42.6347,11.4099
58054,Preselle,Toscana,42.762,11.2553
58054,Baccinello,Toscana,42.7918,11.3666
58054,Polveraia,Toscana,42.7707,11.3188
58054,Poggioferro,Toscana,42.699,11.372
58055,Semproniano,Toscana,42.7292,11.5413
58055,Cellena,Toscana,42.7615,11.5667
58055,Petricci,Toscana,42.7571,11.5567
58055,Catabbio,Toscana,42.7014,11.5673
58100,Le Stiacciole,Toscana,42.7824,11.1882
58100,Istia D'Ombrone,Toscana,42.7824,11.1882
58100,Grosseto,Toscana,42.763,11.1094
58100,Alberese,Toscana,42.6683,11.1044
58100,Montepescali,Toscana,42.8828,11.0865
58100,Bagno Roselle,Toscana,42.8111,11.1386
58100,Roselle Terme,Toscana,42.8111,11.1386
58100,Rispescia,Toscana,42.707,11.136
58100,Batignano,Toscana,42.8667,11.1667
58100,Braccagni,Toscana,42.8728,11.0727
58100,Marina Di Grosseto,Toscana,42.7191,10.9814
58100,Montepescali Stazione,Toscana,42.7879,11.1191
58100,Santa Maria Di Rispescia,Toscana,42.7879,11.1191
57014,Crocino,Toscana,43.5242,10.4595
57014,Castell'Anselmo,Toscana,43.5536,10.4671
57014,Crocino San Giusto,Toscana,43.5505,10.4578
57014,Vicarello,Toscana,43.6124,10.4651
57014,Colognole,Toscana,43.5097,10.4483
57014,Parrana San Martino,Toscana,43.5377,10.442
57014,Parrana San Giusto,Toscana,43.525,10.4473
57014,Collesalvetti,Toscana,43.5907,10.4752
57016,Castelnuovo Misericordia,Toscana,43.4419,10.4507
57016,Gabbro,Toscana,43.4818,10.4423
57016,Rosignano Marittimo,Toscana,43.4069,10.4723
57016,Nibbiaia,Toscana,43.464,10.4162
57016,Castiglioncello,Toscana,43.4052,10.4216
57016,Vada,Toscana,43.3526,10.4556
57016,Caletta Di Castiglioncello,Toscana,43.4203,10.4421
57016,Rosignano Solvay,Toscana,43.3895,10.4362
57017,Nugola,Toscana,43.5778,10.4411
57017,Guasticce,Toscana,43.5981,10.4087
57017,Nugola Nuova,Toscana,43.5879,10.4249
57017,Stagno,Toscana,43.1447,10.4788
57020,La California,Toscana,43.2694,10.5431
57020,Bibbona,Toscana,43.2682,10.5951
57020,Sassetta,Toscana,43.1287,10.6436
57021,Stazione Di Campiglia Marittima,Toscana,43.0165,10.5898
57021,Campiglia Marittima,Toscana,43.06,10.6145
57021,Venturina,Toscana,43.0288,10.6015
57021,Campiglia Marittima Stazione,Toscana,43.0165,10.5898
57022,Bolgheri,Toscana,43.2339,10.6194
57022,Castagneto Carducci,Toscana,43.1607,10.6109
57022,San Guido,Toscana,43.2273,10.5622
57022,Donoratico,Toscana,43.1693,10.5674
57022,Marina Di Castagneto,Toscana,43.1809,10.5425
57022,Marina Di Castagneto Carducci,Toscana,43.1809,10.5425
57023,Cecina,Toscana,43.3062,10.5173
57023,San Pietro In Palazzi,Toscana,43.3035,10.5073
57023,Cecina Marina,Toscana,43.3008,10.4973
57025,Colmata,Toscana,42.965,10.5504
57025,Piombino,Toscana,42.9255,10.5259
57025,Populonia,Toscana,42.9895,10.4915
57025,Vignale Riotorto,Toscana,42.98,10.6847
57025,Riotorto,Toscana,42.98,10.6847
57025,Colmata Fiorentina Di Piombino,Toscana,42.9622,10.5757
57025,Portovecchio,Toscana,42.9622,10.5757
57025,Torre Mozza,Toscana,42.9622,10.5757
57025,Cotone,Toscana,42.9333,10.5167
57027,San Vincenzo,Toscana,43.0906,10.5425
57027,San Carlo,Toscana,43.0982,10.588
57028,Suvereto,Toscana,43.0767,10.6774
57028,Montioni,Toscana,43.0167,10.75
57030,Procchio,Toscana,42.787,10.2437
57030,Marciana,Toscana,42.793,10.1687
57030,Poggio,Toscana,42.7873,10.1835
57030,Pomonte,Toscana,42.7485,10.1212
57031,Capoliveri,Toscana,42.7457,10.3775
57032,Capraia Isola,Toscana,43.0506,9.843
57033,Marciana Marina,Toscana,42.8026,10.1949
57034,Pianosa,Toscana,42.5869,10.097
57034,Pianosa Isola,Toscana,42.5869,10.097
57034,Cavoli,Toscana,42.7377,10.1872
57034,Marina Di Campo,Toscana,42.748,10.2333
57034,San Piero In Campo,Toscana,42.7523,10.2115
57034,Campo Nell'Elba,Toscana,42.748,10.2333
57034,La Pila,Toscana,42.7634,10.2348
57034,Seccheto,Toscana,42.7378,10.1759
57034,Sant'Ilario,Toscana,42.7639,10.2108
57036,Porto Azzurro,Toscana,42.7675,10.3972
57037,Portoferraio,Toscana,42.8123,10.313
57037,San Giovanni,Toscana,42.7929,10.3221
57037,Magazzini,Toscana,42.7997,10.358
57037,Carpani,Toscana,42.8016,10.331
57038,Cavo,Toscana,42.8626,10.419
57038,Rio Marina,Toscana,42.814,10.426
57039,Rio Nell'Elba,Toscana,42.8117,10.4008
57100,Livorno,Toscana,43.5443,10.3262
57121,Livorno,Toscana,43.5443,10.3262
57122,Livorno,Toscana,43.5443,10.3262
57123,Livorno,Toscana,43.5443,10.3262
57124,Livorno,Toscana,43.5443,10.3262
57124,Valle Benedetta,Toscana,43.522,10.4063
57124,Salviano,Toscana,43.5333,10.35
57125,Livorno,Toscana,43.5443,10.3262
57126,Livorno,Toscana,43.5443,10.3262
57127,Livorno,Toscana,43.5443,10.3262
57128,Ardenza,Toscana,43.5167,10.3167
57128,Livorno,Toscana,43.5443,10.3262
57128,Antignano,Toscana,43.4986,10.3241
57128,Montenero,Toscana,43.5,10.35
55010,Camigliano Santa Gemma,Toscana,43.8822,10.6426
55010,San Gennaro,Toscana,43.8989,10.6374
55010,Gragnano,Toscana,43.8673,10.6454
55010,Lappato,Toscana,43.8805,10.6451
55011,Marginone,Toscana,43.8381,10.6914
55011,Spianate,Toscana,43.8107,10.7151
55011,Badia Pozzeveri,Toscana,43.8217,10.6944
55011,Altopascio,Toscana,43.8162,10.6767
55012,Zone,Toscana,44.0492,10.3729
55012,Pieve San Paolo,Toscana,44.0053,10.4367
55012,Lunata,Toscana,44.0492,10.3729
55012,Capannori,Toscana,43.8417,10.5727
55013,Lammari,Toscana,43.8667,10.5667
55014,Marlia,Toscana,43.8924,10.5571
55015,Montecarlo,Toscana,43.8522,10.6674
55015,Turchetto,Toscana,43.8521,10.6794
55015,San Salvatore Di Montecarlo,Toscana,43.8521,10.6854
55015,San Salvatore,Toscana,43.8521,10.6854
55016,Porcari,Toscana,43.8415,10.6163
55018,Segromigno In Piano,Toscana,43.8685,10.5922
55018,Matraia,Toscana,43.9126,10.5723
55018,Segromigno In Monte,Toscana,43.8941,10.5933
55018,San Colombano,Toscana,43.8932,10.5938
55019,Botticino,Toscana,43.9289,10.6489
55019,Pracando,Toscana,43.9533,10.662
55019,Villa Basilica,Toscana,43.9257,10.6452
55020,Fornovolasco,Toscana,44.0282,10.3582
55020,San Pellegrinetto,Toscana,44.0698,10.4024
55020,Vergemoli,Toscana,44.0513,10.3848
55020,Fosciandora,Toscana,44.115,10.4585
55020,Sassi,Toscana,44.0828,10.3929
55020,Molazzana,Toscana,44.0717,10.4178
55021,Fabbriche Di Vallico,Toscana,43.9976,10.4279
55021,Fabbriche Di Vergemoli,Toscana,43.9976,10.4279
55022,San Cassiano Di Controni,Toscana,44.0437,10.609
55022,Scesta,Toscana,44.0437,10.609
55022,Ponte A Serraglio,Toscana,44.0437,10.609
55022,Bagni Di Lucca Villa,Toscana,44.0437,10.609
55022,Benabbio,Toscana,43.999,10.6051
55022,San Cassiano,Toscana,44.0395,10.6343
55022,Fornoli,Toscana,44.0053,10.4367
55022,Isola,Toscana,44.1723,10.4277
55022,Bagni Di Lucca,Toscana,44.0051,10.5531
55022,Casabasciana,Toscana,44.0166,10.653
55022,Lucchio,Toscana,44.0366,10.716
55022,Pieve Di Controne,Toscana,44.0197,10.6156
55022,Montefegatesi,Toscana,44.0617,10.5935
55022,Bagni Di Lucca Ponte,Toscana,44.0426,10.6824
55023,Anchiano,Toscana,43.9692,10.5325
55023,Corsagna,Toscana,43.9775,10.5639
55023,Borgo A Mozzano,Toscana,43.9795,10.5449
55023,Valdottavo,Toscana,43.9419,10.4812
55023,Gioviano,Toscana,44.0116,10.527
55023,Diecimo,Toscana,43.9635,10.5078
55023,Chifenti,Toscana,43.9993,10.5582
55025,Tereglio,Toscana,44.0558,10.5634
55025,Calavorno,Toscana,44.0463,10.5303
55025,Piano Di Coreglia,Toscana,44.0333,10.5167
55025,Ghivizzano,Toscana,44.0333,10.5167
55025,Coreglia Antelminelli,Toscana,44.0628,10.5243
55027,Fiattone,Toscana,44.0938,10.4481
55027,Trassilico,Toscana,44.042,10.4041
55027,Gallicano,Toscana,44.0583,10.4421
55027,Turritecava,Toscana,44.0311,10.4908
55030,Vagli Sotto,Toscana,44.1092,10.2888
55030,Magliano,Toscana,44.2183,10.2558
55030,Careggine,Toscana,44.1199,10.3254
55030,Villa Collemandina,Toscana,44.1586,10.3976
55030,Corfino,Toscana,44.1835,10.3785
55030,Vagli Sopra,Toscana,44.1176,10.2651
55031,Poggio Garfagnana,Toscana,44.1476,10.3519
55031,Camporgiano,Toscana,44.1593,10.333
55031,Filicaia,Toscana,44.1363,10.3689
55031,Poggio,Toscana,44.1472,10.3537
55032,Castelnuovo Di Garfagnana,Toscana,44.1126,10.4052
55032,Palleroso,Toscana,44.1098,10.4425
55033,Cerageto,Toscana,44.1676,10.4126
55033,San Pellegrino,Toscana,44.0053,10.4367
55033,Valbona,Toscana,44.1852,10.4502
55033,Chiozza,Toscana,44.1575,10.4394
55033,Castiglione Di Garfagnana,Toscana,44.1525,10.4121
55034,Pieve San Lorenzo,Toscana,44.1935,10.1975
55034,Casone Carpinelli,Toscana,44.1996,10.2305
55034,Carpinelli,Toscana,44.1996,10.2305
55034,Minucciano,Toscana,44.17,10.2081
55034,Gorfigliano,Toscana,44.1459,10.2483
55034,Gramolazzo,Toscana,44.1623,10.2377
55035,Piazza Al Serchio,Toscana,44.192,10.2912
55035,San Michele,Toscana,44.1846,10.2969
55035,Sant'Anastasio,Toscana,44.1995,10.2856
55036,Pieve Fosciana,Toscana,44.1307,10.4095
55038,San Romano In Garfagnana,Toscana,44.1694,10.3469
55039,Giuncugnano,Toscana,44.2105,10.2472
55039,Sillano Giuncugnano,Toscana,44.2168,10.2748
55039,Sillano,Toscana,44.223,10.3023
55040,Terrinca,Toscana,44.0178,10.2708
55040,Stazzema,Toscana,43.9931,10.3098
55040,Pontestazzemese,Toscana,43.9966,10.2944
55040,Ruosina,Toscana,44,10.2667
55041,Valpromaro,Toscana,43.9015,10.3798
55041,Casoli,Toscana,43.9632,10.327
55041,Camaiore,Toscana,43.9427,10.2975
55041,Capezzano Pianore,Toscana,43.9294,10.2622
55041,Pedona,Toscana,43.9227,10.2952
55041,Montebello,Toscana,43.9474,10.2895
55041,Lido Di Camaiore,Toscana,43.9001,10.2269
55041,Pieve,Toscana,43.9264,10.307
55041,Nocchi,Toscana,43.921,10.345
55041,Montemagno,Toscana,43.9096,10.3398
55041,Vado,Toscana,44.0053,10.4367
55042,Forte Dei Marmi,Toscana,43.9639,10.1748
55045,Vallecchia,Toscana,43.9833,10.2167
55045,Focette,Toscana,43.9035,10.2617
55045,Fiumetto,Toscana,43.9425,10.1848
55045,Pietrasanta,Toscana,43.9595,10.2278
55045,Crociale,Toscana,43.9487,10.2207
55045,Capriglia,Toscana,43.9704,10.2377
55045,Capezzano Monte,Toscana,43.9487,10.2207
55045,Valdicastello Carducci,Toscana,43.9487,10.2207
55045,Capezzano,Toscana,43.9294,10.2622
55045,Marina Di Pietrasanta,Toscana,43.9333,10.2
55045,Strettoia,Toscana,43.9899,10.1936
55045,Tonfano,Toscana,43.9265,10.202
55047,Querceta,Toscana,43.9781,10.2037
55047,Seravezza,Toscana,43.9947,10.2272
55047,Azzano,Toscana,44.0199,10.23
55047,Ponterosso,Toscana,43.9781,10.2037
55047,Pozzi,Toscana,43.9781,10.2037
55047,Riomagno,Toscana,44.0019,10.2206
55047,Ripa,Toscana,43.9781,10.2037
55047,Basati,Toscana,44.0096,10.2535
55049,Torre Del Lago Puccini,Toscana,43.8289,10.2891
55049,Viareggio,Toscana,43.8669,10.2502
55051,Sommocolonia,Toscana,44.0925,10.4912
55051,Fornaci Di Barga,Toscana,44.049,10.4711
55051,Castelvecchio Pascoli,Toscana,44.0826,10.4634
55051,Filecchio,Toscana,44.0511,10.4947
55051,Mologno,Toscana,44.0665,10.4541
55051,Sommacolonia,Toscana,44.0652,10.4781
55051,Tiglio,Toscana,44.0652,10.4781
55051,Barga,Toscana,44.0731,10.4779
55051,Ponte All'Ania,Toscana,44.0417,10.4941
55054,Pieve A Elici,Toscana,43.8851,10.3359
55054,Corsanico,Toscana,43.8907,10.3469
55054,Quiesa,Toscana,43.85,10.3667
55054,Gualdo,Toscana,43.8971,10.3588
55054,Bozzano,Toscana,43.9232,10.4183
55054,Stiava,Toscana,43.8972,10.318
55054,Gualdo Di Massarosa,Toscana,43.8971,10.3588
55054,Massarosa,Toscana,43.8664,10.3446
55054,Piano Di Mommio,Toscana,43.9095,10.2743
55060,Guamo,Toscana,43.8106,10.5171
55060,Vorno,Toscana,43.79,10.511
55060,Palagnana,Toscana,43.9957,10.3604
55060,Massa Macinaia,Toscana,43.8167,10.55
55060,Badia Cantignano,Toscana,43.8,10.5
55061,Carraia,Toscana,44.0053,10.4367
55061,San Ginese,Toscana,43.8167,10.5833
55062,Pieve Di Compito,Toscana,43.7831,10.5573
55062,Ruota,Toscana,43.7638,10.5719
55062,Colle Di Compito,Toscana,43.7763,10.6001
55064,Pascoso,Toscana,43.9839,10.3836
55064,Loppeglia,Toscana,43.9333,10.4333
55064,San Martino In Freddana,Toscana,43.9092,10.4378
55064,Villa A Roggio,Toscana,43.9696,10.4678
55064,Piegaio Basso,Toscana,43.9525,10.4336
55064,San Rocco In Turrite,Toscana,43.9523,10.4282
55064,Piegaio,Toscana,43.9523,10.4282
55064,Pescaglia,Toscana,43.9652,10.4129
55100,Cerasomma,Toscana,43.8333,10.4333
55100,Lucca,Toscana,43.8437,10.5045
55100,Monte San Quirico,Toscana,43.8595,10.4968
55100,Pontetetto,Toscana,43.8229,10.4942
55100,San Lorenzo Di Moriano,Toscana,43.8935,10.5227
55100,San Concordio Di Moriano,Toscana,43.8944,10.4979
55100,Mutigliano,Toscana,43.8844,10.479
55100,Piaggione,Toscana,43.9,10.6
55100,Ponte A Moriano,Toscana,43.9102,10.529
55100,Picciorana,Toscana,43.8581,10.4897
55100,Massa Pisana,Toscana,43.8096,10.4812
55100,Ponte San Pietro,Toscana,43.8667,10.45
55100,Maggiano,Toscana,44.0053,10.4367
55100,Vinchiana,Toscana,43.8581,10.4897
55100,San Pietro A Vico,Toscana,43.8581,10.4897
55100,Nozzano,Toscana,43.8349,10.4173
55100,Ponte Del Giglio,Toscana,43.8581,10.4897
55100,Montuolo,Toscana,43.8393,10.447
55100,Gattaiola,Toscana,43.8581,10.4897
55100,Santa Maria Del Giudice,Toscana,43.7786,10.4594
55100,Fagnano,Toscana,43.8581,10.4897
55100,Saltocchio,Toscana,43.9,10.5333
54010,Podenzana,Toscana,44.2062,9.942
54010,Montedivalli,Toscana,44.2032,9.8708
54011,Pallerone,Toscana,44.2049,10.0028
54011,Aulla,Toscana,44.2063,9.9785
54011,Bibola,Toscana,44.1921,9.9811
54011,Quercia,Toscana,44.2319,10.0076
54011,Serricciolo,Toscana,44.2049,10.0306
54011,Albiano Magra,Toscana,44.1757,9.9162
54011,Caprigliola,Toscana,44.1733,9.9344
54011,Bigliolo,Toscana,44.232,10.0496
54012,Barbarasco,Toscana,44.2415,9.9457
54012,Tresana,Toscana,44.2542,9.9129
54012,Villa Di Tresana,Toscana,44.2556,9.8906
54013,Fivizzano,Toscana,44.2378,10.1265
54013,Sassalbo,Toscana,44.2885,10.1945
54013,Rometta,Toscana,44.1999,10.0515
54013,Campiglione,Toscana,44.1758,10.1014
54013,Soliera,Toscana,44.2089,10.07
54013,Moncigoli,Toscana,44.2196,10.0844
54013,Tenerano,Toscana,44.1524,10.1019
54013,San Terenzo Monti,Toscana,44.1725,10.0484
54013,Ceserano,Toscana,44.1916,10.0497
54013,Agnino,Toscana,44.2444,10.0806
54013,Gassano,Toscana,44.2035,10.093
54013,Colla,Toscana,44.185,10.067
54013,Soliera Apuana,Toscana,44.1984,10.0975
54013,Rometta Apuana,Toscana,44.1984,10.0975
54013,Monzone,Toscana,44.1644,10.1271
54013,Gragnola,Toscana,44.1943,10.1098
54013,Vinca,Toscana,44.138,10.1571
54014,Casola In Lunigiana,Toscana,44.2004,10.1768
54014,Equi,Toscana,44.17,10.1549
54014,Codiponte,Toscana,44.192,10.1505
54014,Equi Terme,Toscana,44.17,10.1549
54014,Regnano,Toscana,44.1831,10.1593
54015,Comano,Toscana,44.2934,10.1311
54015,Crespiano,Toscana,44.288,10.0977
54016,Monti,Toscana,44.2486,10.0085
54016,Tavernelle,Toscana,44.3025,10.0747
54016,Monti Di Licciana,Toscana,44.2486,10.0085
54016,Terrarossa,Toscana,44.2336,9.9611
54016,Licciana Nardi,Toscana,44.2647,10.0372
54021,Bagnone,Toscana,44.3149,9.9951
54021,Corlaga,Toscana,44.3315,9.9953
54021,Gabbiana,Toscana,44.2875,10.0129
54021,Treschietto,Toscana,44.3388,10.0102
54023,Cantiere,Toscana,44.3453,9.9189
54023,Filattiera,Toscana,44.33,9.9331
54023,Ponticello,Toscana,44.3453,9.9189
54023,Scorcetoli,Toscana,44.3515,9.911
54026,Groppoli,Toscana,44.4295,9.9311
54026,Mulazzo,Toscana,44.3156,9.891
54026,Montereggio Di Mulazzo,Toscana,44.2961,9.8425
54026,Arpiola,Toscana,44.3227,9.9076
54026,Montereggio,Toscana,44.2961,9.8425
54027,Guinadi,Toscana,44.4294,9.8357
54027,Grondola,Toscana,44.419,9.8536
54027,Cervara,Toscana,44.4194,9.8183
54027,Molinello,Toscana,44.4239,9.9231
54027,Vignola,Toscana,44.3884,9.8557
54027,Traverde,Toscana,44.3938,9.8747
54027,Pontremoli,Toscana,44.3752,9.8789
54028,Virgoletta,Toscana,44.2967,9.9701
54028,Villafranca In Lunigiana,Toscana,44.2984,9.9535
54028,Filetto,Toscana,44.3017,9.9606
54028,Merizzo,Toscana,44.2732,9.991
54029,Chiesa Di Rossano,Toscana,44.3282,9.7909
54029,Zeri,Toscana,44.3537,9.7632
54033,Carrara,Toscana,44.0793,10.0979
54033,Gragnana,Toscana,44.0995,10.0863
54033,Avenza,Toscana,44.05,10.0667
54033,Bergiola,Toscana,44.08,10.0946
54033,Fossone,Toscana,44.08,10.0946
54033,Fossola,Toscana,44.08,10.0946
54033,Codena,Toscana,44.0777,10.1128
54033,Marina Di Carrara,Toscana,44.0384,10.0414
54033,Miseglia,Toscana,44.0835,10.1157
54033,Bedizzano,Toscana,44.0788,10.1245
54033,Colonnata,Toscana,44.0859,10.1559
54033,Fontia,Toscana,44.0733,10.0653
54033,Sorgnano,Toscana,44.0885,10.0909
54033,Torano,Toscana,44.0923,10.1043
54033,Castelpoggio,Toscana,44.1122,10.0741
54035,Fosdinovo,Toscana,44.1332,10.0178
54035,Melara,Toscana,44.0985,9.9907
54035,Marciaso,Toscana,44.1468,10.0767
54035,Tendola,Toscana,44.1613,10.0381
54035,Caniparola,Toscana,44.1093,9.9972
54035,Borghetto,Toscana,44.0985,9.9907
54038,Prato Capanne,Toscana,43.9972,10.1564
54038,Montignoso,Toscana,44.024,10.1726
54038,Cerreto,Toscana,44.023,10.1721
54038,San Vito,Toscana,44.023,10.1721
54038,Cinquale,Toscana,43.9972,10.1564
54100,Ronchi,Toscana,43.998,10.1206
54100,Turano,Toscana,44.2467,10.1512
54100,Canevara,Toscana,44.057,10.167
54100,Marina Di Massa,Toscana,44.0038,10.1067
54100,Altagnana,Toscana,44.0547,10.1741
54100,Mirteto,Toscana,44.0691,10.1505
54100,Massa,Toscana,44.0354,10.1393
54100,Quercioli,Toscana,44.0691,10.1505
54100,Forno,Toscana,44.0826,10.1775
54100,Casette,Toscana,44.075,10.1678
56010,Arena Metato,Toscana,43.7078,10.5098
56010,Cucigliana,Toscana,43.7078,10.5098
56010,Campo,Toscana,43.7081,10.477
56010,San Giovanni Alla Vena,Toscana,43.7078,10.5098
56010,Uliveto Terme,Toscana,43.6961,10.5173
56010,Caprona,Toscana,43.7085,10.5046
56010,Vicopisano,Toscana,43.6931,10.5836
56010,Mezzana,Toscana,43.7333,10.4667
56011,Montemagno,Toscana,43.7195,10.5354
56011,Gabella,Toscana,43.7236,10.4973
56011,Castelmaggiore,Toscana,43.723,10.5169
56011,Calci,Toscana,43.726,10.5179
56012,Fornacette,Toscana,43.6702,10.5851
56012,Calcinaia,Toscana,43.6835,10.6165
56017,Pappiana,Toscana,43.7688,10.4327
56017,Ghezzano,Toscana,43.7688,10.4327
56017,Asciano,Toscana,43.7516,10.4651
56017,Rigoli,Toscana,43.7688,10.4327
56017,Arena,Toscana,43.7776,10.38
56017,Molina Di Quosa,Toscana,43.7688,10.4327
56017,Gello,Toscana,43.754,10.4239
56017,San Giuliano Terme,Toscana,43.7637,10.4386
56017,Ripafratta,Toscana,43.8167,10.4167
56017,Agnano,Toscana,43.7382,10.4883
56017,Pontasserchio,Toscana,43.7795,10.4167
56019,Nodica,Toscana,43.7833,10.3844
56019,Migliarino,Toscana,43.7659,10.3395
56019,Filettole,Toscana,43.8131,10.4024
56019,Avane,Toscana,43.7905,10.4098
56019,Vecchiano,Toscana,43.7882,10.384
56020,Capanne,Toscana,43.5022,10.6669
56020,San Romano,Toscana,43.6892,10.769
56020,Montecalvoli,Toscana,43.6858,10.6651
56020,Montopoli,Toscana,43.6735,10.7495
56020,Montopoli In Val D'Arno,Toscana,43.6735,10.7495
56020,Cerretti,Toscana,43.7241,10.6991
56020,Santa Maria A Monte,Toscana,43.7079,10.692
56020,Castel Del Bosco,Toscana,43.6667,10.7
56020,Marti,Toscana,43.6545,10.7406
56021,Latignano,Toscana,43.6546,10.5594
56021,San Frediano A Settimo,Toscana,43.6801,10.537
56021,San Benedetto A Settimo,Toscana,43.7,10.5167
56021,Marciana,Toscana,43.5022,10.6669
56021,Cascina,Toscana,43.6756,10.5549
56021,San Lorenzo A Pagnatico,Toscana,43.6801,10.537
56021,San Casciano,Toscana,43.6904,10.5169
56022,Castelfranco Di Sotto,Toscana,43.7037,10.7463
56022,Villa Campanile,Toscana,43.7911,10.6882
56022,Orentano,Toscana,43.7791,10.6594
56023,Ripoli,Toscana,43.5782,10.6187
56023,Musigliano,Toscana,43.6308,10.551
56023,San Lorenzo Alle Corti,Toscana,43.6308,10.551
56023,Montione,Toscana,43.6308,10.551
56023,Navacchio,Toscana,43.6833,10.4833
56024,La Serra,Toscana,43.6453,10.8136
56024,Corazzano,Toscana,43.6193,10.8705
56024,Ponte A Egola,Toscana,43.6833,10.8
56025,Santa Lucia,Toscana,43.6442,10.6117
56025,Il Romito,Toscana,43.6491,10.6454
56025,Pontedera,Toscana,43.6614,10.6307
56025,La Borra,Toscana,43.6428,10.6294
56025,Montecastello,Toscana,43.6337,10.696
56025,Treggiaia,Toscana,43.623,10.6732
56025,La Rotta,Toscana,43.6585,10.6784
56028,La Scala,Toscana,43.6971,10.8629
56028,San Miniato,Toscana,43.6933,10.8412
56028,Isola,Toscana,43.7127,10.8763
56028,San Miniato Basso,Toscana,43.6933,10.8412
56028,Ponte A Elsa,Toscana,43.6891,10.8928
56029,Staffoli,Toscana,43.7171,10.7724
56029,Santa Croce Sull'Arno,Toscana,43.7171,10.7724
56030,Orciatico,Toscana,43.4354,10.7244
56030,Terricciola,Toscana,43.525,10.6796
56030,Selvatelle,Toscana,43.5628,10.6909
56030,Morrona,Toscana,43.5329,10.6622
56030,Lajatico,Toscana,43.4746,10.7284
56030,Soiana,Toscana,43.5527,10.6486
56031,Quattro Strade,Toscana,43.6052,10.5703
56031,Bientina,Toscana,43.7083,10.6212
56032,Cascine,Toscana,43.7287,10.5996
56032,Buti,Toscana,43.7286,10.5845
56032,La Croce,Toscana,43.7289,10.6147
56033,Capannoli,Toscana,43.5886,10.6733
56033,San Pietro Belvedere,Toscana,43.5701,10.666
56034,Casciana Terme,Toscana,43.5267,10.6181
56034,Rivalto,Toscana,43.4944,10.6369
56034,Chianni,Toscana,43.4815,10.6413
56035,Spinelli,Toscana,43.6,10.5833
56035,Le Casine,Toscana,43.6,10.5833
56035,Usigliano,Toscana,43.5498,10.5878
56035,Lavaiano,Toscana,43.6294,10.5843
56035,Cevoli,Toscana,43.5747,10.6143
56035,Lari,Toscana,43.5661,10.5921
56035,Perignano,Toscana,43.6,10.5833
56035,Casciana Alta,Toscana,43.539,10.5992
56035,Casciana Terme Lari,Toscana,43.5824,10.591
56036,Palaia,Toscana,43.6057,10.7702
56036,Montefoscoli,Toscana,43.5765,10.7544
56036,Villa Saletta,Toscana,43.5973,10.7411
56036,Alica,Toscana,43.5997,10.7252
56036,Forcoli,Toscana,43.6037,10.7051
56036,Partino,Toscana,43.6008,10.7507
56037,Fabbrica,Toscana,43.5083,10.7583
56037,Fabbrica Di Peccioli,Toscana,43.5083,10.7583
56037,Legoli,Toscana,43.5721,10.7949
56037,Ghizzano Di Peccioli,Toscana,43.5388,10.7918
56037,Peccioli,Toscana,43.5496,10.7172
56037,Ghizzano,Toscana,43.5388,10.7918
56038,Ponsacco,Toscana,43.6231,10.6266
56038,Giardino,Toscana,43.5022,10.6669
56040,Canneto,Toscana,43.1994,10.7372
56040,Canneto Di Monteverdi,Toscana,43.1994,10.7372
56040,Pomaia,Toscana,43.4337,10.5663
56040,Pieve Di Santa Luce,Toscana,43.4812,10.5455
56040,Casino Di Terra,Toscana,43.3294,10.6664
56040,Crespina,Toscana,43.573,10.5643
56040,Le Badie,Toscana,43.3715,10.635
56040,Ponteginori,Toscana,43.3354,10.7445
56040,Santa Luce,Toscana,43.4714,10.5627
56040,Castellina Marittima,Toscana,43.413,10.5759
56040,Sassa,Toscana,43.2598,10.6922
56040,Casale Marittimo,Toscana,43.2973,10.6166
56040,Monteverdi Marittimo,Toscana,43.1779,10.7113
56040,Orciano Pisano,Toscana,43.4944,10.5115
56040,Montescudaio,Toscana,43.326,10.626
56040,Castello Di Querceto,Toscana,43.2944,10.7278
56040,Guardistallo,Toscana,43.3141,10.6294
56040,Pastina,Toscana,43.4597,10.5647
56040,Cenaia,Toscana,43.6064,10.5357
56040,Montecatini Val Di Cecina,Toscana,43.3923,10.749
56041,Castelnuovo Di Val Di Cecina,Toscana,43.2115,10.9041
56041,Montecastelli Pisano,Toscana,43.2651,10.9575
56041,Sasso Pisano,Toscana,43.1671,10.8653
56042,Crespina Lorenzana,Toscana,43.5353,10.5348
56042,Lorenzana,Toscana,43.5353,10.5348
56043,Fauglia,Toscana,43.5711,10.5138
56043,Luciana,Toscana,43.5482,10.4908
56044,Montecerboli,Toscana,43.2481,10.8797
56044,Lustignano,Toscana,43.1858,10.8025
56044,Larderello,Toscana,43.2399,10.8891
56044,Serrazzano,Toscana,43.2184,10.8133
56045,Micciano,Toscana,43.287,10.7843
56045,Montegemoli,Toscana,43.333,10.7922
56045,San Dalmazio,Toscana,43.2622,10.9262
56045,Pomarance,Toscana,43.2959,10.8722
56045,Libbiano,Toscana,43.2819,10.808
56046,Riparbella,Toscana,43.3642,10.598
56048,Ulignano,Toscana,43.426,10.9111
56048,Saline,Toscana,43.3619,10.8135
56048,Saline Di Volterra,Toscana,43.3619,10.8135
56048,Pignano,Toscana,43.4167,10.9667
56048,Mazzolla,Toscana,43.369,10.9055
56048,Volterra,Toscana,43.4025,10.8615
56048,Villamagna,Toscana,43.4818,10.8386
56100,Pisa,Toscana,43.7085,10.4036
56121,Pisa,Toscana,43.7085,10.4036
56121,Putignano,Toscana,43.6766,10.4046
56121,Riglione,Toscana,43.6766,10.4046
56121,Coltano,Toscana,43.6447,10.4056
56122,San Piero A Grado,Toscana,43.6833,10.35
56122,Pisa,Toscana,43.7085,10.4036
56123,Pisa,Toscana,43.7085,10.4036
56124,Pisa,Toscana,43.7085,10.4036
56125,Pisa,Toscana,43.7085,10.4036
56126,Pisa,Toscana,43.7085,10.4036
56127,Pisa,Toscana,43.7085,10.4036
56128,Pisa,Toscana,43.7085,10.4036
59011,Seano,Toscana,43.8304,11.0212
59011,Bacchereto,Toscana,43.8096,10.9851
59013,Fornacelle,Toscana,43.9238,11.0352
59013,Montemurlo,Toscana,43.9269,11.0372
59013,Oste,Toscana,43.9253,11.0362
59015,La Serra,Toscana,43.9517,11.0932
59015,Poggio Alla Malva,Toscana,43.77,11.054
59015,Artimino,Toscana,43.7816,11.0352
59015,Carmignano,Toscana,43.8103,11.0149
59015,Comeana,Toscana,43.7933,11.0582
59016,Poggio A Caiano,Toscana,43.8138,11.0519
59016,Poggetto,Toscana,43.8279,11.0385
59021,Schignano,Toscana,43.9649,11.1059
59021,Vaiano,Toscana,43.9679,11.1237
59021,La Briglia,Toscana,43.9366,11.1257
59024,San Quirico,Toscana,44.0443,11.1516
59024,San Quirico Di Vernio,Toscana,44.0443,11.1516
59024,Vernio,Toscana,44.0476,11.1505
59024,Cavarzano,Toscana,44.0572,11.1271
59024,Mercatale,Toscana,44.0453,11.1513
59024,Mercatale Vernio,Toscana,44.0453,11.1513
59025,Luicciana,Toscana,44.0283,11.1076
59025,Cantagallo,Toscana,44.0221,11.0797
59025,Usella,Toscana,43.9859,11.1308
59025,Il Fabbro,Toscana,43.9798,11.1255
59025,Carmignanello,Toscana,44.0004,11.1406
59026,Montepiano,Toscana,44.0907,11.1601
59100,Cafaggio,Toscana,43.8573,11.0803
59100,Galciana,Toscana,43.8892,11.057
59100,Santa Lucia,Toscana,43.9054,11.1141
59100,Figline Di Prato,Toscana,43.9229,11.0911
59100,Mezzana,Toscana,43.8841,11.0879
59100,Maliseti,Toscana,43.9,11.0667
59100,Santa Maria A Colonica,Toscana,43.8841,11.0879
59100,Prato,Toscana,43.8805,11.097
59100,San Giorgio A Colonica,Toscana,43.8333,11.1095
59100,Iolo,Toscana,43.8507,11.0665
59100,Coiano,Toscana,43.8841,11.0879
59100,Viaccia,Toscana,43.8841,11.0879
59100,Narnali,Toscana,43.8841,11.0879
59100,Tavola,Toscana,43.8507,11.0665
59100,Paperino,Toscana,43.8841,11.0879
59100,La Querce,Toscana,43.8841,11.0879
51010,Margine Coperta,Toscana,43.8798,10.7573
51010,Marliana,Toscana,43.9338,10.7702
51010,Santa Lucia,Toscana,43.883,10.7031
51010,Santa Lucia Uzzanese,Toscana,43.9195,10.7618
51010,Traversagna,Toscana,43.8798,10.7573
51010,Uzzano,Toscana,43.8973,10.704
51010,Casore Del Monte,Toscana,43.9342,10.81
51010,Momigno,Toscana,43.9713,10.8142
51010,Montagnana,Toscana,43.9542,10.8262
51010,Forone,Toscana,43.8649,10.7193
51010,Avaglio,Toscana,43.9539,10.7795
51010,Serra Pistoiese,Toscana,43.9724,10.7566
51010,Massa E Cozzile,Toscana,43.9092,10.7444
51011,Buggiano,Toscana,43.8752,10.7348
51011,Borgo A Buggiano,Toscana,43.8752,10.7348
51012,Veneri,Toscana,43.8799,10.6709
51012,Castellare Di Pescia,Toscana,43.8899,10.6605
51012,Ponte All'Abate,Toscana,43.8899,10.6605
51012,Collodi,Toscana,43.9,10.65
51013,Chiesina Uzzanese,Toscana,43.8389,10.7204
51013,Chiesanuova Uzzanese,Toscana,43.8502,10.709
51013,Chiesanuova,Toscana,43.8502,10.709
51015,Montevettolini,Toscana,43.8587,10.8457
51015,Monsummano Terme,Toscana,43.8672,10.813
51015,Uggia,Toscana,43.8343,10.8315
51015,Pazzera,Toscana,43.8343,10.8315
51015,Pozzarello,Toscana,43.8574,10.8335
51015,Cintolese,Toscana,43.8461,10.8264
51015,Grotta Giusti,Toscana,43.8655,10.8288
51016,Nievole,Toscana,43.9108,10.7953
51016,Montecatini Alto,Toscana,43.8926,10.7897
51016,Montecatini Terme,Toscana,43.8815,10.7723
51016,Montecatini Val Di Nievole,Toscana,43.895,10.7858
51017,Castelvecchio,Toscana,43.9765,10.703
51017,Pescia,Toscana,43.8871,10.6885
51017,San Quirico Valleriana,Toscana,43.9523,10.7033
51017,Pietrabuona,Toscana,43.9297,10.6928
51017,Castelvecchio Di Vellano,Toscana,43.9523,10.7033
51017,San Quirico,Toscana,43.9699,10.6923
51017,Pontito,Toscana,43.9974,10.7226
51017,Vellano,Toscana,43.9533,10.7203
51018,Pieve A Nievole,Toscana,43.8812,10.7999
51019,Ponte Buggianese,Toscana,43.846,10.7479
51019,Anchione,Toscana,43.8261,10.7584
51020,Pavana Pistoiese,Toscana,44.1221,11.0014
51020,Calamecca,Toscana,43.9896,10.7692
51020,San Pellegrino,Toscana,44.0633,10.9687
51020,San Pellegrino Al Cassero,Toscana,44.0537,10.8867
51020,Castello,Toscana,44.0537,10.8867
51020,Pavana,Toscana,44.1221,11.0014
51020,Prataccio,Toscana,44.0203,10.79
51020,Sambuca Pistoiese,Toscana,44.1035,10.9992
51020,La Lima,Toscana,44.0667,10.7667
51020,Crespole,Toscana,43.9911,10.7523
51020,Torri,Toscana,44.0651,11.0396
51020,Collina,Toscana,44.0287,10.9304
51020,Prunetta,Toscana,44.0071,10.803
51020,Treppio,Toscana,44.0817,11.0301
51020,Piteglio,Toscana,44.0279,10.7657
51020,Frassignoni,Toscana,44.0702,10.9296
51020,Popiglio,Toscana,44.0457,10.7534
51021,Le Regine,Toscana,44.1316,10.6871
51021,Abetone,Toscana,44.1459,10.6641
51024,Pianosinatico,Toscana,44.1195,10.7281
51024,Pian Degli Ontani,Toscana,44.1045,10.7208
51024,Cutigliano,Toscana,44.1006,10.7562
51028,Pontepetri,Toscana,44.0381,10.8841
51028,San Marcello Pistoiese,Toscana,44.0558,10.7937
51028,Gavinana,Toscana,44.0539,10.8223
51028,Limestre Pistoiese,Toscana,44.0483,10.8261
51028,Campo Tizzoro,Toscana,44.0399,10.8524
51028,Maresca,Toscana,44.05,10.85
51028,Bardalone,Toscana,44.0483,10.8261
51028,Limestre,Toscana,44.0464,10.8107
51028,Mammiano,Toscana,44.0537,10.7696
51028,Lizzano Pistoiese,Toscana,44.0483,10.8261
51030,Montagnana Pistoiese,Toscana,43.9542,10.8262
51031,San Piero,Toscana,43.9678,10.849
51031,Agliana,Toscana,43.9025,11.0053
51031,San Michele,Toscana,43.9678,10.849
51034,Serravalle Pistoiese,Toscana,43.906,10.8327
51034,Casalguidi,Toscana,43.8694,10.9139
51034,Ponte Di Serravalle,Toscana,43.8957,10.8216
51034,Stazione Masotti,Toscana,43.9098,10.8539
51035,Orbignano,Toscana,43.8222,10.9069
51035,Mastromarco,Toscana,43.8222,10.9069
51035,Lamporecchio,Toscana,43.8074,10.8773
51035,Porciano,Toscana,43.8224,10.9245
51035,San Baronto,Toscana,43.8367,10.9188
51036,Larciano,Toscana,43.8336,10.89
51036,Castelmartini,Toscana,43.8284,10.8756
51036,San Rocco,Toscana,43.8232,10.8612
51037,Fognano Di Montale,Toscana,43.9523,11.0359
51037,Fognano,Toscana,43.9523,11.0359
51037,Montale,Toscana,43.9349,11.0165
51037,Tobbiana,Toscana,43.9635,11.0426
51037,Stazione Di Montale,Toscana,43.9146,11.0141
51039,Montemagno Di Quarrata,Toscana,43.8465,10.9395
51039,Olmi,Toscana,43.867,10.9904
51039,Montemagno,Toscana,43.8465,10.9395
51039,Catena,Toscana,43.8425,11.0166
51039,Quarrata,Toscana,43.8484,10.9789
51039,Santonuovo,Toscana,43.865,10.9439
51039,Tizzana,Toscana,43.8396,10.9973
51039,Ferruccia,Toscana,43.8508,10.9723
51100,Pontelungo,Toscana,43.9333,10.8833
51100,Orsigna,Toscana,44.0752,10.889
51100,Piazza,Toscana,43.9678,10.849
51100,Capostrada,Toscana,43.95,10.9
51100,San Felice,Toscana,43.9678,10.849
51100,Saturnana,Toscana,43.995,10.881
51100,Corbezzi,Toscana,43.994,10.9213
51100,Pracchia,Toscana,44.0554,10.9074
51100,Candeglia,Toscana,43.9916,10.9081
51100,Masiano,Toscana,43.9916,10.9081
51100,Chiazzano,Toscana,43.9916,10.9081
51100,Ponzano,Toscana,43.9654,10.9637
51100,Grazie,Toscana,44.002,10.8782
51100,Villa Di Baggio,Toscana,43.9886,10.9564
51100,Villa Baggio,Toscana,43.9886,10.9564
51100,Piastre,Toscana,44.0049,10.8357
51100,Valdibrana,Toscana,43.9727,10.9149
51100,Pistoia,Toscana,43.9306,10.9237
51100,Cireglio,Toscana,43.9924,10.8551
51100,Le Grazie,Toscana,44.002,10.8782
51100,Piteccio,Toscana,44.0167,10.9
51100,Bottegone,Toscana,44.0058,10.9156
51100,Sammomme',Toscana,44.0268,10.9094
51100,Santomato,Toscana,43.9409,10.985
53011,Fonterutoli,Toscana,43.436,11.3068
53011,Castellina In Chianti,Toscana,43.4644,11.2895
53012,Frosini,Toscana,43.2055,11.1477
53012,Montalcinello,Toscana,43.1976,11.0784
53012,Ciciano,Toscana,43.1418,11.0698
53012,Chiusdino,Toscana,43.1545,11.0831
53013,Gaiole In Chianti,Toscana,43.467,11.4339
53013,Nusenna,Toscana,43.4508,11.5319
53013,Monti,Toscana,43.4032,11.4248
53013,Ama,Toscana,43.4465,11.3894
53013,Lecchi,Toscana,43.4339,11.4008
53013,Castagnoli,Toscana,43.4426,11.4537
53014,Ponte A Tressa,Toscana,43.2516,11.3951
53014,Corsano,Toscana,43.2219,11.3352
53014,Monteroni D'Arbia,Toscana,43.2297,11.4223
53014,Lucignano D'Arbia,Toscana,43.2126,11.4364
53014,Ville Di Corsano,Toscana,43.2228,11.333
53014,Ponte D'Arbia,Toscana,43.169,11.4639
53015,Monticiano,Toscana,43.1396,11.1771
53015,Iesa,Toscana,43.1024,11.2493
53015,Scalvaia,Toscana,43.0883,11.1512
53015,San Lorenzo A Merse,Toscana,43.1476,11.2719
53015,Tocchi,Toscana,43.1332,11.2616
53016,Casciano,Toscana,43.1644,11.3254
53016,Vescovado,Toscana,43.1695,11.392
53016,Murlo,Toscana,43.1611,11.3879
53017,Radda In Chianti,Toscana,43.4854,11.3744
53017,Lucarelli,Toscana,43.5177,11.3123
53018,Rosia,Toscana,43.2461,11.2218
53018,San Rocco A Pilli,Toscana,43.2584,11.2859
53018,Sovicille,Toscana,43.2803,11.2283
53019,Vagliagli,Toscana,43.4214,11.3484
53019,Quercegrossa,Toscana,43.3941,11.3105
53019,Ponte A Bozzone,Toscana,43.3487,11.3725
53019,Casetta,Toscana,43.3031,11.4261
53019,San Gusme',Toscana,43.3897,11.4971
53019,Pianella,Toscana,43.3536,11.4162
53019,Monteaperti,Toscana,43.3271,11.4312
53019,Castelnuovo Berardenga,Toscana,43.3455,11.5004
53020,Petroio,Toscana,43.1432,11.6898
53020,Montisi,Toscana,43.1561,11.6491
53020,San Giovanni D'Asso,Toscana,43.1533,11.5894
53020,Trequanda,Toscana,43.1875,11.6682
53020,Castelmuzio,Toscana,43.1418,11.6596
53021,Abbadia San Salvatore,Toscana,42.8812,11.6722
53022,Buonconvento,Toscana,43.1331,11.4836
53023,Castiglione D'Orcia,Toscana,43.0046,11.6145
53023,Gallina,Toscana,43.0023,11.6853
53023,Bagni Di San Filippo,Toscana,42.9281,11.699
53023,Bagni San Filippo,Toscana,42.9281,11.699
53023,Campiglia D'Orcia,Toscana,42.9486,11.6661
53023,Vivo D'Orcia,Toscana,42.9317,11.6419
53024,Sant'Angelo In Colle,Toscana,42.9952,11.4609
53024,Torrenieri,Toscana,43.0857,11.5484
53024,Montalcino,Toscana,43.054,11.4885
53024,Monte Amiata,Toscana,42.9755,11.5472
53024,Castelnuovo Dell'Abate,Toscana,42.9946,11.5174
53025,Piancastagnaio,Toscana,42.8507,11.6901
53025,Saragiolo,Toscana,42.8354,11.6436
53026,Pienza,Toscana,43.0787,11.6767
53026,Monticchiello,Toscana,43.0665,11.7246
53027,San Quirico D'Orcia,Toscana,43.0578,11.6053
53027,Bagno Vignoni,Toscana,43.0284,11.6194
53030,Radicondoli,Toscana,43.2605,11.0458
53030,Castel San Gimignano,Toscana,43.404,11.0207
53030,Anqua,Toscana,43.2132,10.9852
53030,Belforte,Toscana,43.2333,11.0618
53030,Castel San Giminiano,Toscana,43.2777,11.0284
53031,Monteguidi,Toscana,43.2967,11.0084
53031,Pievescola,Toscana,43.3113,11.1314
53031,Casole D'Elsa,Toscana,43.3411,11.0479
53034,Quartaia,Toscana,43.3863,11.0867
53034,Campiglia,Toscana,43.4138,11.0794
53034,Gracciano Di Colle Val D'Elsa,Toscana,43.4062,11.0988
53034,Colle Di Val D'Elsa,Toscana,43.4185,11.1302
53035,Castellina Scalo,Toscana,43.4048,11.2091
53035,Badesse,Toscana,43.3829,11.2723
53035,Uopini,Toscana,43.3527,11.2964
53035,Castellina In Chianti Stazione,Toscana,43.38,11.277
53035,Belverde,Toscana,43.3482,11.3076
53035,San Martino,Toscana,43.4371,11.4479
53035,Monteriggioni,Toscana,43.3899,11.2232
53035,Tognazza,Toscana,43.3456,11.2871
53035,Strove,Toscana,43.3791,11.1721
53036,Bellavista,Toscana,43.442,11.1605
53036,Poggibonsi,Toscana,43.4706,11.148
53036,Staggia,Toscana,43.4218,11.1836
53037,Badia A Elmi,Toscana,43.5387,11.0324
53037,Ulignano,Toscana,43.5055,11.0817
53037,San Gimignano,Toscana,43.4738,11.0297
53040,Serre Di Rapolano,Toscana,43.2566,11.6166
53040,Radicofani,Toscana,42.8962,11.7684
53040,Contignano,Toscana,42.9784,11.7399
53040,Rapolano Terme,Toscana,43.295,11.6026
53040,Cetona,Toscana,42.9666,11.9027
53040,San Casciano Dei Bagni,Toscana,42.8701,11.8766
53040,Celle Sul Rigo,Toscana,42.8627,11.8218
53040,Palazzone,Toscana,42.8833,11.9333
53040,Piazze,Toscana,42.9078,11.9167
53041,Chiusure,Toscana,43.1762,11.5592
53041,Asciano,Toscana,43.2323,11.5665
53041,Monte Oliveto Maggiore,Toscana,43.234,11.5118
53041,Arbia,Toscana,43.2934,11.4098
53041,Monte Sante Marie,Toscana,43.234,11.5118
53042,Chianciano Terme,Toscana,43.0418,11.812
53043,Montallese,Toscana,43.0052,11.951
53043,Chiusi Stazione,Toscana,43.0052,11.951
53043,Chiusi,Toscana,43.0142,11.9479
53043,Chiusi Scalo,Toscana,42.9961,11.9541
53045,Acquaviva,Toscana,43.1157,11.8625
53045,Abbadia Di Montepulciano,Toscana,43.1449,11.822
53045,Sant'Albino,Toscana,43.071,11.8068
53045,Montepulciano,Toscana,43.1,11.787
53045,Valiano,Toscana,43.1462,11.9023
53045,Gracciano,Toscana,43.1323,11.829
53045,Abbadia,Toscana,43.2967,11.3799
53045,Montepulciano Stazione,Toscana,43.1352,11.8554
53047,Sarteano,Toscana,42.9919,11.8647
53048,Rigomagno,Toscana,43.2618,11.6975
53048,Bettolle,Toscana,43.2068,11.8036
53048,Sinalunga,Toscana,43.2149,11.7451
53048,Scrofiano,Toscana,43.2305,11.7148
53048,Guazzino,Toscana,43.2128,11.7821
53048,Pieve Di Sinalunga,Toscana,43.2254,11.7486
53048,Rigaiolo,Toscana,43.2254,11.7486
53049,Torrita Stazione,Toscana,43.1495,11.7641
53049,Montefollonico,Toscana,43.1265,11.7445
53049,Torrita Di Siena,Toscana,43.1724,11.7838
53100,Taverne D'Arbia,Toscana,43.2949,11.3948
53100,Ponte Al Bozzone,Toscana,43.3237,11.3909
53100,Malafrasca,Toscana,43.1911,11.4561
53100,Isola D'Arbia,Toscana,43.2586,11.3787
53100,Costalpino,Toscana,43.2912,11.3027
53100,Coroncina,Toscana,43.3237,11.3909
53100,Siena,Toscana,43.3182,11.3306
53100,Sant'Andrea A Montecchio,Toscana,43.2833,11.3
39010,Prissiano,Trentino-Alto Adige,46.5539,11.1793
39010,Rifiano,Trentino-Alto Adige,46.7029,11.1806
39010,Cermes,Trentino-Alto Adige,46.6328,11.147
39010,Tscherms,Trentino-Alto Adige,46.6328,11.147
39010,San Felice,Trentino-Alto Adige,46.4943,11.1302
39010,Hafling,Trentino-Alto Adige,46.6456,11.2242
39010,Avelengo,Trentino-Alto Adige,46.6456,11.2242
39010,Tisens,Trentino-Alto Adige,46.5654,11.1694
39010,Caines,Trentino-Alto Adige,46.6979,11.1712
39010,Tesimo,Trentino-Alto Adige,46.5654,11.1694
39010,Andrian,Trentino-Alto Adige,46.5176,11.2314
39010,Andriano,Trentino-Alto Adige,46.5176,11.2314
39010,Walten,Trentino-Alto Adige,46.8255,11.2882
39010,Senale,Trentino-Alto Adige,46.5108,11.1101
39010,Vöran,Trentino-Alto Adige,46.6044,11.2256
39010,Verano,Trentino-Alto Adige,46.6044,11.2256
39010,San Martino In Passiria,Trentino-Alto Adige,46.7839,11.2273
39010,St. Martin in Passeier,Trentino-Alto Adige,46.7839,11.2273
39010,Meltina,Trentino-Alto Adige,46.5874,11.2549
39010,St. Pankraz,Trentino-Alto Adige,46.586,11.0857
39010,San Pancrazio,Trentino-Alto Adige,46.586,11.0857
39010,Gargazzone,Trentino-Alto Adige,46.5846,11.2016
39010,Mölten,Trentino-Alto Adige,46.5874,11.2549
39010,Gargazon,Trentino-Alto Adige,46.5846,11.2016
39010,Sant'Orsola In Passiria,Trentino-Alto Adige,46.7393,11.2103
39010,Senale San Felice,Trentino-Alto Adige,46.6188,11.197
39010,Unsere Liebe Frau Im Wald,Trentino-Alto Adige,46.6188,11.197
39010,San Felice Val Di Non,Trentino-Alto Adige,46.6188,11.197
39010,Prissia,Trentino-Alto Adige,46.6188,11.197
39010,Frangart,Trentino-Alto Adige,46.4782,11.2961
39010,St. Gertraud,Trentino-Alto Adige,46.6461,11.17
39010,Riffian,Trentino-Alto Adige,46.6461,11.17
39010,Verschneid,Trentino-Alto Adige,46.6461,11.17
39010,Kuens,Trentino-Alto Adige,46.6461,11.17
39010,St. Helena,Trentino-Alto Adige,46.6461,11.17
39010,Pfelders,Trentino-Alto Adige,46.6461,11.17
39010,Gfeis,Trentino-Alto Adige,46.6461,11.17
39010,Schlaneid,Trentino-Alto Adige,46.6461,11.17
39010,Vilpian,Trentino-Alto Adige,46.6461,11.17
39010,Vernue,Trentino-Alto Adige,46.6461,11.17
39010,St. Felix,Trentino-Alto Adige,46.6461,11.17
39010,St. Nikolaus/Ulten,Trentino-Alto Adige,46.6461,11.17
39010,Grissian,Trentino-Alto Adige,46.6461,11.17
39010,Platzers,Trentino-Alto Adige,46.6461,11.17
39010,Gfrill,Trentino-Alto Adige,46.6461,11.17
39010,Pawigl,Trentino-Alto Adige,46.6461,11.17
39010,Sinich,Trentino-Alto Adige,46.6461,11.17
39010,Sigmundskron,Trentino-Alto Adige,46.6461,11.17
39010,Unsere liebe Frau i. W.,Trentino-Alto Adige,46.6461,11.17
39010,Nals,Trentino-Alto Adige,46.5434,11.2062
39010,Nalles,Trentino-Alto Adige,46.5434,11.2062
39010,Saltusio,Trentino-Alto Adige,46.7295,11.1991
39010,Saltaus,Trentino-Alto Adige,46.7295,11.1991
39011,Lana,Trentino-Alto Adige,46.6121,11.1565
39011,Pawig,Trentino-Alto Adige,46.6165,11.1311
39011,Monte San Vigilio,Trentino-Alto Adige,46.6165,11.1311
39011,Pavicolo,Trentino-Alto Adige,46.6208,11.1057
39011,Vigiljoc,Trentino-Alto Adige,46.6165,11.1311
39011,Völlan,Trentino-Alto Adige,46.6461,11.17
39012,Sinic,Trentino-Alto Adige,46.6564,11.1628
39012,Obermais,Trentino-Alto Adige,46.6461,11.17
39012,Borgo Vittoria,Trentino-Alto Adige,46.6564,11.1628
39012,Sinigo,Trentino-Alto Adige,46.6349,11.1793
39012,Gratsch,Trentino-Alto Adige,46.6461,11.17
39012,Meran Sinic,Trentino-Alto Adige,46.6564,11.1628
39012,Meran,Trentino-Alto Adige,46.6682,11.1595
39012,Untermais,Trentino-Alto Adige,46.6543,11.153
39012,Merano,Trentino-Alto Adige,46.6682,11.1595
39013,Moso In Passiria,Trentino-Alto Adige,46.8315,11.1671
39013,Moos,Trentino-Alto Adige,46.8315,11.1671
39013,Ulfas,Trentino-Alto Adige,46.8128,11.1877
39013,Stuls,Trentino-Alto Adige,46.8287,11.1962
39013,Platt,Trentino-Alto Adige,46.8223,11.1758
39013,Plan In Passiria,Trentino-Alto Adige,46.8254,11.1788
39013,Pfelder,Trentino-Alto Adige,46.8254,11.1788
39013,Rabenstein,Trentino-Alto Adige,46.6461,11.17
39014,Postal,Trentino-Alto Adige,46.6095,11.1931
39014,Burgstall,Trentino-Alto Adige,46.6095,11.1931
39015,St. Leonhard in Pass.,Trentino-Alto Adige,46.6461,11.17
39015,San Leonardo In Passiria,Trentino-Alto Adige,46.8128,11.2458
39015,Walte,Trentino-Alto Adige,46.7817,11.2385
39015,Valtina,Trentino-Alto Adige,46.8255,11.2882
39015,Sant'Orsola,Trentino-Alto Adige,46.7393,11.2103
39015,Windegg,Trentino-Alto Adige,46.7915,11.2377
39015,Schweinsteg,Trentino-Alto Adige,46.7393,11.2103
39016,San Nicolo',Trentino-Alto Adige,46.5106,10.9239
39016,St. Moritz/Ulten,Trentino-Alto Adige,46.6461,11.17
39016,Santa Geltrude In Ultimo,Trentino-Alto Adige,46.5646,10.8707
39016,Kuppelwies,Trentino-Alto Adige,46.6461,11.17
39016,San Nicolo' Ultimo,Trentino-Alto Adige,46.5646,10.8707
39016,St.Nikolau,Trentino-Alto Adige,46.5646,10.8707
39016,St.Walburg Ulte,Trentino-Alto Adige,46.5646,10.8707
39016,Santa Valburga Ultimo,Trentino-Alto Adige,46.5646,10.8707
39016,St. Walburg/Ulten,Trentino-Alto Adige,46.55,11
39016,Santa Gertrude,Trentino-Alto Adige,46.489,10.8721
39016,Santa Valburga,Trentino-Alto Adige,46.55,11
39016,Ultimo,Trentino-Alto Adige,46.7235,10.5576
39017,Schenna,Trentino-Alto Adige,46.6884,11.1885
39017,Scena,Trentino-Alto Adige,46.6884,11.1885
39017,Videgg,Trentino-Alto Adige,46.6461,11.17
39017,Verdins,Trentino-Alto Adige,46.7127,11.2053
39017,Tall,Trentino-Alto Adige,46.6461,11.17
39018,Vilpia,Trentino-Alto Adige,46.5336,11.2455
39018,Siebeneich,Trentino-Alto Adige,46.5336,11.2455
39018,Terlan,Trentino-Alto Adige,46.5322,11.2469
39018,Settequerce,Trentino-Alto Adige,46.5111,11.2648
39018,Vilpiano,Trentino-Alto Adige,46.559,11.2234
39018,Terlano,Trentino-Alto Adige,46.5322,11.2469
39019,Tirolo,Trentino-Alto Adige,46.691,11.1543
39019,Tirol,Trentino-Alto Adige,46.6461,11.17
39020,Karthaus,Trentino-Alto Adige,46.6521,10.7411
39020,Plawenn,Trentino-Alto Adige,46.6521,10.7411
39020,Eyrs,Trentino-Alto Adige,46.6521,10.7411
39020,Unser Fra,Trentino-Alto Adige,46.6525,10.7916
39020,Staben,Trentino-Alto Adige,46.6521,10.7411
39020,Planeil,Trentino-Alto Adige,46.6521,10.7411
39020,Laatsch,Trentino-Alto Adige,46.6521,10.7411
39020,St. Valentin a. d. H.,Trentino-Alto Adige,46.6521,10.7411
39020,Melag,Trentino-Alto Adige,46.6521,10.7411
39020,Tabland,Trentino-Alto Adige,46.6521,10.7411
39020,Marein,Trentino-Alto Adige,46.6521,10.7411
39020,Töll,Trentino-Alto Adige,46.6521,10.7411
39020,Partschins,Trentino-Alto Adige,46.6842,11.0734
39020,Tartsch,Trentino-Alto Adige,46.6521,10.7411
39020,Graun/Vinschg.,Trentino-Alto Adige,46.6521,10.7411
39020,Unsere Frau i. Schnals,Trentino-Alto Adige,46.6521,10.7411
39020,Matsch,Trentino-Alto Adige,46.6521,10.7411
39020,Freiberg,Trentino-Alto Adige,46.6521,10.7411
39020,Tschengls,Trentino-Alto Adige,46.6124,10.637
39020,Montefranco In Venosta,Trentino-Alto Adige,46.6525,10.7916
39020,Tol,Trentino-Alto Adige,46.6525,10.7916
39020,Castelbello Ciardes,Trentino-Alto Adige,46.6525,10.7916
39020,Lichtenberg,Trentino-Alto Adige,46.6521,10.7411
39020,Vernagt,Trentino-Alto Adige,46.6521,10.7411
39020,Katharinaberg,Trentino-Alto Adige,46.6525,10.7916
39020,Gries,Trentino-Alto Adige,46.6521,10.7411
39020,Tschars,Trentino-Alto Adige,46.6525,10.7916
39020,Kastelbell,Trentino-Alto Adige,46.6525,10.7916
39020,Gand/Martell,Trentino-Alto Adige,46.6521,10.7411
39020,Freiberg Vinschga,Trentino-Alto Adige,46.6525,10.7916
39020,Tarsch,Trentino-Alto Adige,46.6067,10.8757
39020,Marling,Trentino-Alto Adige,46.6526,11.1455
39020,Marlengo,Trentino-Alto Adige,46.6526,11.1455
39020,Taufers i. Münstertal,Trentino-Alto Adige,46.6521,10.7411
39020,Rabland,Trentino-Alto Adige,46.6704,11.0646
39020,Gomagoi,Trentino-Alto Adige,46.5777,10.5421
39020,Schluderns,Trentino-Alto Adige,46.6652,10.5834
39020,Parcines,Trentino-Alto Adige,46.6842,11.0734
39020,Montefranco,Trentino-Alto Adige,46.6117,10.9105
39020,Tel,Trentino-Alto Adige,46.6758,11.0827
39020,Rabla',Trentino-Alto Adige,46.6704,11.0646
39020,Senales,Trentino-Alto Adige,46.706,10.9085
39020,Sluderno,Trentino-Alto Adige,46.6652,10.5834
39020,Santa Caterina,Trentino-Alto Adige,46.6891,10.9347
39020,Glorenza,Trentino-Alto Adige,46.671,10.5568
39020,Glurns,Trentino-Alto Adige,46.671,10.5568
39020,Stilfs,Trentino-Alto Adige,46.5977,10.5458
39020,Goldrain,Trentino-Alto Adige,46.6227,10.8265
39020,Madonna,Trentino-Alto Adige,46.7233,10.8593
39020,Morter,Trentino-Alto Adige,46.6069,10.8227
39020,Tubre,Trentino-Alto Adige,46.644,10.4633
39020,Hinterkirch,Trentino-Alto Adige,46.8381,10.6399
39020,Martello,Trentino-Alto Adige,46.5546,10.7804
39020,Tanas,Trentino-Alto Adige,46.6395,10.6668
39020,Rifair,Trentino-Alto Adige,46.6478,10.479
39020,Trafoi,Trentino-Alto Adige,46.5517,10.5099
39020,Ciardes,Trentino-Alto Adige,46.6387,10.9418
39020,Castelbello,Trentino-Alto Adige,46.6289,10.9072
39020,Martell,Trentino-Alto Adige,46.5546,10.7804
39020,Pedroß,Trentino-Alto Adige,46.8134,10.5787
39021,Morter,Trentino-Alto Adige,46.6069,10.8227
39021,Goldrai,Trentino-Alto Adige,46.6138,10.8479
39021,Latsch,Trentino-Alto Adige,46.6164,10.8573
39021,Tarsc,Trentino-Alto Adige,46.6138,10.8479
39021,Morte,Trentino-Alto Adige,46.6138,10.8479
39021,Laces,Trentino-Alto Adige,46.6164,10.8573
39021,Tarres,Trentino-Alto Adige,46.6067,10.8757
39021,Coldrano,Trentino-Alto Adige,46.6227,10.8265
39021,St. Martin am Kofl,Trentino-Alto Adige,46.6521,10.7411
39022,Oberplars,Trentino-Alto Adige,46.6521,10.7411
39022,Plars,Trentino-Alto Adige,46.6521,10.7411
39022,Aschbach,Trentino-Alto Adige,46.6521,10.7411
39022,Vellau,Trentino-Alto Adige,46.6521,10.7411
39022,Lagundo,Trentino-Alto Adige,46.6811,11.1257
39022,Algund,Trentino-Alto Adige,46.6811,11.1257
39023,Allitz,Trentino-Alto Adige,46.632,10.7187
39023,Lasa,Trentino-Alto Adige,46.6178,10.6978
39023,Laas,Trentino-Alto Adige,46.6178,10.6978
39023,Tanas,Trentino-Alto Adige,46.6395,10.6668
39023,Tana,Trentino-Alto Adige,46.6249,10.6774
39023,Tarnell,Trentino-Alto Adige,46.6521,10.7411
39023,Oris,Trentino-Alto Adige,46.6298,10.6462
39023,Tschengel,Trentino-Alto Adige,46.6249,10.6774
39023,Cengles,Trentino-Alto Adige,46.6124,10.637
39023,Eyr,Trentino-Alto Adige,46.6249,10.6774
39024,Schlinig,Trentino-Alto Adige,46.7055,10.4736
39024,Matsc,Trentino-Alto Adige,46.6907,10.5821
39024,Schleis,Trentino-Alto Adige,46.6521,10.7411
39024,Planei,Trentino-Alto Adige,46.6907,10.5821
39024,Marienberg,Trentino-Alto Adige,46.6521,10.7411
39024,Planol,Trentino-Alto Adige,46.7218,10.579
39024,Tartsc,Trentino-Alto Adige,46.6907,10.5821
39024,Laatsc,Trentino-Alto Adige,46.6907,10.5821
39024,Burgusio,Trentino-Alto Adige,46.7106,10.5295
39024,Laudes,Trentino-Alto Adige,46.6164,10.8573
39024,Mazia,Trentino-Alto Adige,46.6943,10.6171
39024,Burgeis,Trentino-Alto Adige,46.7106,10.5295
39024,Tarces,Trentino-Alto Adige,46.6815,10.5602
39024,Malles Venosta,Trentino-Alto Adige,46.6879,10.5466
39024,Mals,Trentino-Alto Adige,46.6879,10.5466
39025,Plaus,Trentino-Alto Adige,46.6562,11.0418
39025,Stabe,Trentino-Alto Adige,46.6494,11.0028
39025,Naturno,Trentino-Alto Adige,46.648,11.0013
39025,Naturns,Trentino-Alto Adige,46.648,11.0013
39025,Stava,Trentino-Alto Adige,46.6452,10.9669
39026,Agums,Trentino-Alto Adige,46.6167,10.5833
39026,Prad,Trentino-Alto Adige,46.6521,10.7411
39026,Montechiaro,Trentino-Alto Adige,46.6359,10.5694
39026,Prato Allo Stelvio,Trentino-Alto Adige,46.619,10.5914
39026,Lichtenber,Trentino-Alto Adige,46.6238,10.5814
39027,San Valentino Alla Muta,Trentino-Alto Adige,46.7641,10.534
39027,Curon Venosta,Trentino-Alto Adige,46.8083,10.5427
39027,Resia,Trentino-Alto Adige,46.8275,10.521
39027,Reschen,Trentino-Alto Adige,46.8275,10.521
39028,Silandro,Trentino-Alto Adige,46.6283,10.7681
39028,Vezzano,Trentino-Alto Adige,46.6256,10.8156
39028,Schlanders,Trentino-Alto Adige,46.6283,10.7681
39028,Covelano,Trentino-Alto Adige,46.6208,10.7646
39028,Göflan,Trentino-Alto Adige,46.6521,10.7411
39028,Goefla,Trentino-Alto Adige,46.6258,10.7791
39028,Talatsch,Trentino-Alto Adige,46.6521,10.7411
39028,Vezzan,Trentino-Alto Adige,46.6258,10.7791
39028,Kortsch,Trentino-Alto Adige,46.6521,10.7411
39029,Gomago,Trentino-Alto Adige,46.5563,10.5552
39029,Trafo,Trentino-Alto Adige,46.5563,10.5552
39029,Solda,Trentino-Alto Adige,46.5271,10.589
39029,Trafoi,Trentino-Alto Adige,46.5517,10.5099
39029,Sulden,Trentino-Alto Adige,46.5271,10.589
39029,Stelvio,Trentino-Alto Adige,46.5977,10.5458
39029,Gomagoi,Trentino-Alto Adige,46.5777,10.5421
39030,San Sigismondo,Trentino-Alto Adige,46.8115,11.8027
39030,Sesto,Trentino-Alto Adige,46.7022,12.3496
39030,Longega,Trentino-Alto Adige,46.722,11.8918
39030,Unterplanken,Trentino-Alto Adige,46.7722,12.1916
39030,Falzes,Trentino-Alto Adige,46.8136,11.8831
39030,Welschellen,Trentino-Alto Adige,46.722,11.8918
39030,Vallarga,Trentino-Alto Adige,46.8428,11.7274
39030,St. Sigmund,Trentino-Alto Adige,46.8115,11.8027
39030,St. Lorenzen,Trentino-Alto Adige,46.7851,11.9081
39030,Sexten,Trentino-Alto Adige,46.7022,12.3496
39030,Olang,Trentino-Alto Adige,46.7603,12.0295
39030,Valdaora,Trentino-Alto Adige,46.7603,12.0295
39030,Zwischenwasser,Trentino-Alto Adige,46.7953,11.9114
39030,Obervintl,Trentino-Alto Adige,46.7953,11.9114
39030,Valle Di Casies,Trentino-Alto Adige,46.7953,11.9114
39030,Ahrntal,Trentino-Alto Adige,46.7758,11.9383
39030,San Giovanni In Valle Aurina,Trentino-Alto Adige,46.7953,11.9114
39030,St. Jakob in Ahrn,Trentino-Alto Adige,46.7758,11.9383
39030,Weitental,Trentino-Alto Adige,46.7953,11.9114
39030,St.Martin Gsie,Trentino-Alto Adige,46.7953,11.9114
39030,St. Kassia,Trentino-Alto Adige,46.7953,11.9114
39030,Tesselberg,Trentino-Alto Adige,46.8278,11.9844
39030,Mühlen/Pfalzen,Trentino-Alto Adige,46.7758,11.9383
39030,Saalen,Trentino-Alto Adige,46.7758,11.9383
39030,St. Martin in Gsies,Trentino-Alto Adige,46.7758,11.9383
39030,St.Sigmun,Trentino-Alto Adige,46.7953,11.9114
39030,Vandoies Di Sotto,Trentino-Alto Adige,46.816,11.7218
39030,St. Martin in Thurn/S. Martin de Tor,Trentino-Alto Adige,46.7758,11.9383
39030,Niedervintl,Trentino-Alto Adige,46.816,11.7218
39030,Kasern,Trentino-Alto Adige,46.7758,11.9383
39030,Gais,Trentino-Alto Adige,46.8366,11.9493
39030,San Vigilio,Trentino-Alto Adige,46.6988,11.931
39030,St. Walburg i. Antholz,Trentino-Alto Adige,46.7758,11.9383
39030,Issing,Trentino-Alto Adige,46.7758,11.9383
39030,St. Vigil i. Enneberg,Trentino-Alto Adige,46.7758,11.9383
39030,Campil,Trentino-Alto Adige,46.7953,11.9114
39030,Untervintl,Trentino-Alto Adige,46.7758,11.9383
39030,Marebbe,Trentino-Alto Adige,46.719,11.9169
39030,Steinhaus,Trentino-Alto Adige,46.7953,11.9114
39030,Niederrasen,Trentino-Alto Adige,46.7953,11.9114
39030,Montal,Trentino-Alto Adige,46.7758,11.9383
39030,Pflaurenz,Trentino-Alto Adige,46.7758,11.9383
39030,Greinwalden,Trentino-Alto Adige,46.7758,11.9383
39030,Rasun Anterselva,Trentino-Alto Adige,46.7953,11.9114
39030,San Giuseppe,Trentino-Alto Adige,46.8772,12.1308
39030,St.Vigi,Trentino-Alto Adige,46.7953,11.9114
39030,St.Johann In Ahrnta,Trentino-Alto Adige,46.7953,11.9114
39030,St.Magdalen,Trentino-Alto Adige,46.7953,11.9114
39030,St. Veit in Prags,Trentino-Alto Adige,46.7758,11.9383
39030,Rodeneck,Trentino-Alto Adige,46.8,11.7
39030,Onach,Trentino-Alto Adige,46.7758,11.9383
39030,Untergsies,Trentino-Alto Adige,46.7758,11.9383
39030,Percha,Trentino-Alto Adige,46.7934,11.9834
39030,La Valle,Trentino-Alto Adige,46.7953,11.9114
39030,Margen,Trentino-Alto Adige,46.7758,11.9383
39030,Vandoies,Trentino-Alto Adige,46.7953,11.9114
39030,Rasun Di Sotto,Trentino-Alto Adige,46.7781,12.0522
39030,Stefansdorf,Trentino-Alto Adige,46.7758,11.9383
39030,Pichl,Trentino-Alto Adige,46.2814,11.3682
39030,Wielenberg,Trentino-Alto Adige,46.7758,11.9383
39030,Oberolang,Trentino-Alto Adige,46.7758,11.9383
39030,Hofern,Trentino-Alto Adige,46.7758,11.9383
39030,Perca,Trentino-Alto Adige,46.7934,11.9834
39030,Mitterolang,Trentino-Alto Adige,46.7953,11.9114
39030,Niederolang,Trentino-Alto Adige,46.7953,11.9114
39030,St. Magdalena i. G.,Trentino-Alto Adige,46.7758,11.9383
39030,Nasen,Trentino-Alto Adige,46.7758,11.9383
39030,Wengen/La Val,Trentino-Alto Adige,46.7758,11.9383
39030,San Lorenzo Di Sebato,Trentino-Alto Adige,46.7851,11.9081
39030,Weißenbach,Trentino-Alto Adige,46.7716,11.3682
39030,Pfalzen,Trentino-Alto Adige,46.8136,11.8831
39030,Platten,Trentino-Alto Adige,46.4181,11.4613
39030,Kampill,Trentino-Alto Adige,46.7758,11.9383
39030,San Giacomo In Valle Aurina,Trentino-Alto Adige,46.7953,11.9114
39030,Ellen,Trentino-Alto Adige,46.7758,11.9383
39030,St.Jakob In Ahrnta,Trentino-Alto Adige,46.7953,11.9114
39030,Pedero,Trentino-Alto Adige,46.7953,11.9114
39030,Valle Aurina,Trentino-Alto Adige,46.7953,11.9114
39030,Moo,Trentino-Alto Adige,46.7953,11.9114
39030,Kurfar,Trentino-Alto Adige,46.7758,11.9383
39030,Untermoi,Trentino-Alto Adige,46.7758,11.9383
39030,Kolfuschg,Trentino-Alto Adige,46.7758,11.9383
39030,St. Johann in Ahrn,Trentino-Alto Adige,46.7758,11.9383
39030,Oberwielenbach,Trentino-Alto Adige,46.7758,11.9383
39030,Enneberg/Mareo,Trentino-Alto Adige,46.7758,11.9383
39030,Geiselsberg,Trentino-Alto Adige,46.7758,11.9383
39030,St. Peter in Ahrn,Trentino-Alto Adige,46.7758,11.9383
39030,Ahornach,Trentino-Alto Adige,46.7758,11.9383
39030,Longiaru',Trentino-Alto Adige,46.7953,11.9114
39030,Vintl,Trentino-Alto Adige,46.7758,11.9383
39030,Valdaora Di Mezzo,Trentino-Alto Adige,46.7603,12.0295
39030,Mühlbach b. Gais,Trentino-Alto Adige,46.7758,11.9383
39030,Oberrasen,Trentino-Alto Adige,46.7953,11.9114
39030,Pikolein,Trentino-Alto Adige,46.7953,11.9114
39030,Villa Ottone,Trentino-Alto Adige,46.8651,11.9475
39030,Prags,Trentino-Alto Adige,46.7202,12.1334
39030,Kiens,Trentino-Alto Adige,46.8068,11.84
39030,Santa Maddalena,Trentino-Alto Adige,46.6384,11.7186
39030,Prettau,Trentino-Alto Adige,47.0403,12.1066
39030,Predoi,Trentino-Alto Adige,47.0403,12.1066
39030,Cadipietra,Trentino-Alto Adige,46.9958,11.9803
39030,Casteldarne,Trentino-Alto Adige,46.7986,11.8406
39030,Ehrenburg,Trentino-Alto Adige,46.7986,11.8406
39030,Rasun Di Sopra,Trentino-Alto Adige,46.7896,12.0571
39030,Vandoies Di Sopra,Trentino-Alto Adige,46.8146,11.7454
39030,Terento,Trentino-Alto Adige,46.8299,11.7829
39030,Terenten,Trentino-Alto Adige,46.8299,11.7829
39030,San Martino In Badia,Trentino-Alto Adige,46.6815,11.8981
39030,Antholz,Trentino-Alto Adige,46.7785,12.0473
39030,Fundres,Trentino-Alto Adige,46.8888,11.7063
39030,Uttenheim,Trentino-Alto Adige,46.8651,11.9475
39030,Mühlwald,Trentino-Alto Adige,46.8903,11.8583
39030,Piccolino,Trentino-Alto Adige,46.6872,11.8954
39030,Selva Dei Molini,Trentino-Alto Adige,46.8903,11.8583
39030,Rein,Trentino-Alto Adige,46.9487,12.0642
39030,Pfunders,Trentino-Alto Adige,46.8888,11.7063
39030,San Martino In Casies,Trentino-Alto Adige,46.811,12.2268
39030,Chienes,Trentino-Alto Adige,46.8068,11.84
39030,Pederoa,Trentino-Alto Adige,46.6542,11.9098
39030,Braies,Trentino-Alto Adige,46.7202,12.1334
39030,Luttach,Trentino-Alto Adige,46.9491,11.918
39030,Lappach,Trentino-Alto Adige,46.9192,11.8033
39030,Valdaora Di Sotto,Trentino-Alto Adige,46.7681,12.0182
39030,Lutago,Trentino-Alto Adige,46.9491,11.918
39030,Anterselva Di Mezzo,Trentino-Alto Adige,46.8585,12.0999
39031,Luns,Trentino-Alto Adige,46.6553,11.9281
39031,Bruneck,Trentino-Alto Adige,46.7994,11.9343
39031,Brunico,Trentino-Alto Adige,46.7994,11.9343
39031,Riscone,Trentino-Alto Adige,46.7768,11.9515
39031,Reischach,Trentino-Alto Adige,46.7768,11.9515
39031,St. Georgen,Trentino-Alto Adige,46.7758,11.9383
39031,Stegen,Trentino-Alto Adige,46.7758,11.9383
39031,Dietenheim,Trentino-Alto Adige,46.7685,11.942
39031,Teodone,Trentino-Alto Adige,46.8035,11.9524
39031,Aufhofen,Trentino-Alto Adige,46.7758,11.9383
39032,Moehlen In Taufer,Trentino-Alto Adige,46.9249,11.9083
39032,Mühlen i. Taufers,Trentino-Alto Adige,46.7758,11.9383
39032,Riva Di Tures,Trentino-Alto Adige,46.9487,12.0642
39032,Taufers/Ahrntal,Trentino-Alto Adige,46.7758,11.9383
39032,Ahornac,Trentino-Alto Adige,46.9249,11.9083
39032,Kematen,Trentino-Alto Adige,46.9589,11.5436
39032,Campo Tures,Trentino-Alto Adige,46.9084,11.9604
39032,Sand in Taufers,Trentino-Alto Adige,46.9084,11.9604
39032,Molini Di Tures,Trentino-Alto Adige,46.8993,11.9432
39032,Acereto,Trentino-Alto Adige,46.9258,11.978
39033,Kolfusch,Trentino-Alto Adige,46.5516,11.8677
39033,Colfosco,Trentino-Alto Adige,46.554,11.8561
39033,Corvara In Badia,Trentino-Alto Adige,46.5504,11.8734
39033,Corvara,Trentino-Alto Adige,46.5504,11.8734
39034,Dobbiaco,Trentino-Alto Adige,46.7288,12.2222
39034,Toblach,Trentino-Alto Adige,46.7288,12.2222
39034,Aufkirchen,Trentino-Alto Adige,46.7439,12.2031
39034,Wahlen,Trentino-Alto Adige,46.746,12.2337
39035,Tesido,Trentino-Alto Adige,46.7689,12.114
39035,Taisten,Trentino-Alto Adige,46.7689,12.114
39035,Monguelfo,Trentino-Alto Adige,46.7577,12.1056
39035,Welsberg,Trentino-Alto Adige,46.7577,12.1056
39036,San Cassiano,Trentino-Alto Adige,46.5701,11.9361
39036,St. Kassian,Trentino-Alto Adige,46.5701,11.9361
39036,Abtei/Badia,Trentino-Alto Adige,46.7758,11.9383
39036,Badia,Trentino-Alto Adige,46.6082,11.8963
39036,Pedrace,Trentino-Alto Adige,46.5868,11.9101
39036,Pedraces,Trentino-Alto Adige,46.6,11.8833
39036,Stern,Trentino-Alto Adige,46.5864,11.9045
39036,La Villa,Trentino-Alto Adige,46.5864,11.9045
39037,Rodengo,Trentino-Alto Adige,46.8,11.7
39037,Rio Di Pusteria,Trentino-Alto Adige,46.7966,11.6675
39037,Mühlbach,Trentino-Alto Adige,46.8474,11.9806
39037,Vals,Trentino-Alto Adige,46.7758,11.9383
39037,Spinges,Trentino-Alto Adige,46.7758,11.9383
39037,Meransen,Trentino-Alto Adige,46.7758,11.9383
39038,Winnebach,Trentino-Alto Adige,46.7758,11.9383
39038,Vierschach,Trentino-Alto Adige,46.7758,11.9383
39038,San Candido,Trentino-Alto Adige,46.7324,12.2785
39039,Niederdorf,Trentino-Alto Adige,46.7378,12.1727
39039,Villabassa,Trentino-Alto Adige,46.7378,12.1727
39040,Weißenstein,Trentino-Alto Adige,46.6304,11.4693
39040,Buchholz,Trentino-Alto Adige,46.2462,11.2424
39040,Hohlen,Trentino-Alto Adige,46.6304,11.4693
39040,Schabs,Trentino-Alto Adige,46.7688,11.6656
39040,Aldino,Trentino-Alto Adige,46.3658,11.3551
39040,St.Peter Laje,Trentino-Alto Adige,46.5907,11.4295
39040,Gastei,Trentino-Alto Adige,46.5907,11.4295
39040,Redagno,Trentino-Alto Adige,46.5907,11.4295
39040,Raa,Trentino-Alto Adige,46.5907,11.4295
39040,Pruno Di Stilves,Trentino-Alto Adige,46.5907,11.4295
39040,Viums,Trentino-Alto Adige,46.6304,11.4693
39040,Velturno,Trentino-Alto Adige,46.667,11.5971
39040,Radein,Trentino-Alto Adige,46.5907,11.4295
39040,Feldthurns,Trentino-Alto Adige,46.667,11.5971
39040,Alpe Di Siusi,Trentino-Alto Adige,46.5907,11.4295
39040,Villnöß,Trentino-Alto Adige,46.6304,11.4693
39040,Flitt,Trentino-Alto Adige,46.6304,11.4693
39040,Seiser Al,Trentino-Alto Adige,46.5907,11.4295
39040,Pfulters,Trentino-Alto Adige,46.6304,11.4693
39040,Graun/Unterl.,Trentino-Alto Adige,46.6304,11.4693
39040,Söll,Trentino-Alto Adige,46.6304,11.4693
39040,Trens,Trentino-Alto Adige,46.6304,11.4693
39040,Rungg,Trentino-Alto Adige,46.6304,11.4693
39040,Kollmann,Trentino-Alto Adige,46.6304,11.4693
39040,Afers,Trentino-Alto Adige,46.6304,11.4693
39040,Garn,Trentino-Alto Adige,46.6304,11.4693
39040,Schmuders,Trentino-Alto Adige,46.6304,11.4693
39040,Entiklar,Trentino-Alto Adige,46.6304,11.4693
39040,Freienfeld,Trentino-Alto Adige,46.8741,11.4861
39040,Proveis,Trentino-Alto Adige,46.6304,11.4693
39040,Loewenviertel Elisabethsiedlun,Trentino-Alto Adige,46.5907,11.4295
39040,Pflersch,Trentino-Alto Adige,46.6304,11.4693
39040,Tanürz,Trentino-Alto Adige,46.6304,11.4693
39040,Atzwang,Trentino-Alto Adige,46.5907,11.4295
39040,Altrei,Trentino-Alto Adige,46.2781,11.3666
39040,Racines,Trentino-Alto Adige,46.8667,11.3
39040,Gfrill/Unterland,Trentino-Alto Adige,46.5907,11.4295
39040,St. Michael/Kastelr.,Trentino-Alto Adige,46.6304,11.4693
39040,Barbian,Trentino-Alto Adige,46.6304,11.4693
39040,Glen,Trentino-Alto Adige,46.6304,11.4693
39040,Schalders,Trentino-Alto Adige,46.6304,11.4693
39040,Mühlen/Truden,Trentino-Alto Adige,46.6304,11.4693
39040,St. Moritz b. Villanders,Trentino-Alto Adige,46.6304,11.4693
39040,Schrambach,Trentino-Alto Adige,46.6304,11.4693
39040,St. Peter b. Lajen,Trentino-Alto Adige,46.6304,11.4693
39040,Montagna,Trentino-Alto Adige,46.5907,11.4295
39040,St.Lugan,Trentino-Alto Adige,46.5907,11.4295
39040,Spiluck,Trentino-Alto Adige,46.6304,11.4693
39040,Natz,Trentino-Alto Adige,46.5907,11.4295
39040,Telfes,Trentino-Alto Adige,46.6304,11.4693
39040,St. Andrä_,Trentino-Alto Adige,46.6304,11.4693
39040,Stilfes,Trentino-Alto Adige,46.5907,11.4295
39040,Freins,Trentino-Alto Adige,46.6304,11.4693
39040,Pinzon,Trentino-Alto Adige,46.6304,11.4693
39040,Elzenbaum,Trentino-Alto Adige,46.5907,11.4295
39040,St. Leonhard,Trentino-Alto Adige,46.6304,11.4693
39040,San Pietro Laion,Trentino-Alto Adige,46.5907,11.4295
39040,St. Oswald,Trentino-Alto Adige,46.6304,11.4693
39040,Flans,Trentino-Alto Adige,46.6304,11.4693
39040,Schnauders,Trentino-Alto Adige,46.6304,11.4693
39040,Funes,Trentino-Alto Adige,46.5907,11.4295
39040,Fennberg,Trentino-Alto Adige,46.6304,11.4693
39040,Tagusens,Trentino-Alto Adige,46.6304,11.4693
39040,S. Lugano,Trentino-Alto Adige,46.6304,11.4693
39040,Innerpfitsch,Trentino-Alto Adige,46.6304,11.4693
39040,Tschövas,Trentino-Alto Adige,46.6304,11.4693
39040,Gschnon,Trentino-Alto Adige,46.6304,11.4693
39040,Aldein,Trentino-Alto Adige,46.6304,11.4693
39040,Klerant,Trentino-Alto Adige,46.6304,11.4693
39040,Margreid,Trentino-Alto Adige,46.6304,11.4693
39040,Seis Am Schler,Trentino-Alto Adige,46.5907,11.4295
39040,Campo Di Trens,Trentino-Alto Adige,46.8741,11.4861
39040,Termeno Sulla Strada Del Vino,Trentino-Alto Adige,46.5907,11.4295
39040,Jaufental,Trentino-Alto Adige,46.5907,11.4295
39040,Valgiovo,Trentino-Alto Adige,46.5907,11.4295
39040,Stange,Trentino-Alto Adige,46.5907,11.4295
39040,Hole,Trentino-Alto Adige,46.5907,11.4295
39040,Fontanefredde,Trentino-Alto Adige,46.5907,11.4295
39040,St.Pete,Trentino-Alto Adige,46.5907,11.4295
39040,Kaltenbrunn,Trentino-Alto Adige,46.5907,11.4295
39040,Mareit,Trentino-Alto Adige,46.8923,11.3493
39040,Naz Sciaves,Trentino-Alto Adige,46.5907,11.4295
39040,Naz,Trentino-Alto Adige,46.5907,11.4295
39040,Anterivo,Trentino-Alto Adige,46.2781,11.3666
39040,Montan,Trentino-Alto Adige,46.6304,11.4693
39040,Lauregno,Trentino-Alto Adige,46.4543,11.0618
39040,Laurein,Trentino-Alto Adige,46.4543,11.0618
39040,Magre' Sulla Strada Del Vino,Trentino-Alto Adige,46.5907,11.4295
39040,Laion,Trentino-Alto Adige,46.6081,11.5656
39040,Mules,Trentino-Alto Adige,46.8536,11.5214
39040,Cortaccia Sulla Strada Del Vino,Trentino-Alto Adige,46.314,11.2239
39040,Kurtatsch,Trentino-Alto Adige,46.314,11.2239
39040,Sciaves,Trentino-Alto Adige,46.7686,11.6661
39040,Albions,Trentino-Alto Adige,46.6234,11.5606
39040,Castelrotto,Trentino-Alto Adige,46.5666,11.561
39040,Stilves,Trentino-Alto Adige,46.8659,11.4792
39040,Proves,Trentino-Alto Adige,46.4777,11.0223
39040,Kastelruth,Trentino-Alto Adige,46.5666,11.561
39040,Mauls,Trentino-Alto Adige,46.8536,11.5214
39040,Campodazzo,Trentino-Alto Adige,46.5342,11.4926
39040,Penon,Trentino-Alto Adige,46.3019,11.2012
39040,Olmi,Trentino-Alto Adige,46.346,11.3518
39040,Luson,Trentino-Alto Adige,46.7462,11.761
39040,Lüsen,Trentino-Alto Adige,46.7462,11.761
39040,Leone Santa Elisabetta,Trentino-Alto Adige,46.7317,11.6494
39040,San Pietro,Trentino-Alto Adige,46.6029,11.611
39040,Ridanna,Trentino-Alto Adige,46.9098,11.3055
39040,Trodena,Trentino-Alto Adige,46.3218,11.3498
39040,Novacella,Trentino-Alto Adige,46.7431,11.648
39040,Neustift,Trentino-Alto Adige,46.7431,11.648
39040,Truden,Trentino-Alto Adige,46.3218,11.3498
39040,San Lugano,Trentino-Alto Adige,46.3176,11.3896
39040,Lajen,Trentino-Alto Adige,46.6081,11.5656
39040,Laag,Trentino-Alto Adige,46.2747,11.2401
39040,Kurtinig,Trentino-Alto Adige,46.2694,11.2219
39040,Cortina Sulla Strada Del Vino,Trentino-Alto Adige,46.2694,11.2219
39040,Waidbruck,Trentino-Alto Adige,46.5971,11.5309
39040,Ponte Gardena,Trentino-Alto Adige,46.5971,11.5309
39040,Rasa,Trentino-Alto Adige,46.7494,11.6582
39040,Pruno,Trentino-Alto Adige,46.8746,11.4453
39040,Varna,Trentino-Alto Adige,46.739,11.6375
39040,Vahrn,Trentino-Alto Adige,46.739,11.6375
39040,Salorno,Trentino-Alto Adige,46.2406,11.2119
39040,Salurn,Trentino-Alto Adige,46.2406,11.2119
39040,Auer,Trentino-Alto Adige,46.3469,11.2975
39040,Casateia,Trentino-Alto Adige,46.8827,11.4071
39040,Ora,Trentino-Alto Adige,46.3469,11.2975
39040,Ridnaun,Trentino-Alto Adige,46.9098,11.3055
39040,Cauria,Trentino-Alto Adige,46.2719,11.2833
39040,Siusi,Trentino-Alto Adige,46.5413,11.5587
39040,Seis am Schlern,Trentino-Alto Adige,46.5413,11.5587
39040,Barbiano,Trentino-Alto Adige,46.6041,11.5212
39040,Ratschings,Trentino-Alto Adige,46.8667,11.3
39040,Stanghe,Trentino-Alto Adige,46.8822,11.3776
39040,Villandro,Trentino-Alto Adige,46.6309,11.5381
39040,Mareta,Trentino-Alto Adige,46.8923,11.3493
39040,Villanders,Trentino-Alto Adige,46.6309,11.5381
39040,Gossensaß,Trentino-Alto Adige,46.9386,11.4425
39040,Tramin,Trentino-Alto Adige,46.3415,11.2423
39040,Petersberg,Trentino-Alto Adige,46.3965,11.3888
39040,Pfitsch,Trentino-Alto Adige,46.9,11.4651
39041,Colle Isarco,Trentino-Alto Adige,46.9386,11.4425
39041,Brennero,Trentino-Alto Adige,47.0057,11.5063
39041,Gossensas,Trentino-Alto Adige,46.9833,11.485
39041,Brenner,Trentino-Alto Adige,47.0057,11.5063
39042,Tils,Trentino-Alto Adige,46.6304,11.4693
39042,Elvas,Trentino-Alto Adige,46.7326,11.6676
39042,Karnol,Trentino-Alto Adige,46.6304,11.4693
39042,Tschötsch,Trentino-Alto Adige,46.6304,11.4693
39042,Eores,Trentino-Alto Adige,46.7136,11.6561
39042,Afer,Trentino-Alto Adige,46.7136,11.6561
39042,Pinzagen,Trentino-Alto Adige,46.6304,11.4693
39042,Bressanone,Trentino-Alto Adige,46.715,11.656
39042,St.Andr,Trentino-Alto Adige,46.7136,11.6561
39042,Milland,Trentino-Alto Adige,46.6304,11.4693
39042,Zinggen,Trentino-Alto Adige,46.6304,11.4693
39042,Sarns,Trentino-Alto Adige,46.6304,11.4693
39042,Albeins,Trentino-Alto Adige,46.7136,11.6561
39042,Mellaun,Trentino-Alto Adige,46.6304,11.4693
39042,Brixen,Trentino-Alto Adige,46.715,11.656
39042,Neustift,Trentino-Alto Adige,46.7431,11.648
39042,Albes,Trentino-Alto Adige,46.6766,11.6311
39042,Sant'Andrea In Monte,Trentino-Alto Adige,46.6992,11.6778
39043,Gudon,Trentino-Alto Adige,46.6483,11.6007
39043,Chiusa,Trentino-Alto Adige,46.64,11.5657
39043,Klausen,Trentino-Alto Adige,46.64,11.5657
39043,Gufidaun,Trentino-Alto Adige,46.6483,11.6007
39043,Latzfons,Trentino-Alto Adige,46.6493,11.5768
39043,Verdings,Trentino-Alto Adige,46.6304,11.4693
39043,Teis,Trentino-Alto Adige,46.6304,11.4693
39043,Lazfons,Trentino-Alto Adige,46.6697,11.5513
39044,Laghetti,Trentino-Alto Adige,46.2747,11.2401
39044,Egna,Trentino-Alto Adige,46.3178,11.2734
39044,Neumarkt,Trentino-Alto Adige,46.3178,11.2734
39044,Mazon,Trentino-Alto Adige,46.6304,11.4693
39045,Grasstein,Trentino-Alto Adige,46.6304,11.4693
39045,Mittewald,Trentino-Alto Adige,46.6304,11.4693
39045,Oberau,Trentino-Alto Adige,46.6304,11.4693
39045,Franzensfeste,Trentino-Alto Adige,46.7896,11.61
39045,Fortezza,Trentino-Alto Adige,46.7896,11.61
39046,Ortisei,Trentino-Alto Adige,46.576,11.6718
39046,St. Jakob,Trentino-Alto Adige,46.6304,11.4693
39046,Pufels,Trentino-Alto Adige,46.6304,11.4693
39046,St. Ulrich/Urtijei,Trentino-Alto Adige,46.576,11.6718
39047,St. Christina/S. Crestina -Gherdeina,Trentino-Alto Adige,46.6304,11.4693
39047,Santa Cristina Val Gardena,Trentino-Alto Adige,46.563,11.7322
39048,Wolkenstein/Selva,Trentino-Alto Adige,46.5547,11.7604
39048,Selva,Trentino-Alto Adige,46.5547,11.7604
39048,Selva Di Val Gardena,Trentino-Alto Adige,46.5547,11.7604
39049,Flains,Trentino-Alto Adige,46.6304,11.4693
39049,Tschöfs,Trentino-Alto Adige,46.6304,11.4693
39049,Thuins,Trentino-Alto Adige,46.6304,11.4693
39049,Vipiteno,Trentino-Alto Adige,46.8931,11.4296
39049,Steckholz,Trentino-Alto Adige,46.6304,11.4693
39049,Val Di Vizze,Trentino-Alto Adige,46.9103,11.4712
39049,Kematen/Pfitsch,Trentino-Alto Adige,46.9589,11.5436
39049,Bahnho,Trentino-Alto Adige,46.9103,11.4712
39049,Stazione,Trentino-Alto Adige,46.8952,11.4413
39049,Ried,Trentino-Alto Adige,46.9299,11.5241
39049,Wiesen,Trentino-Alto Adige,46.902,11.4651
39049,Prati,Trentino-Alto Adige,46.9,11.4651
39049,Sterzing,Trentino-Alto Adige,46.8931,11.4296
39050,Cologna Di Sotto,Trentino-Alto Adige,46.5113,11.3159
39050,Monte San Pietro,Trentino-Alto Adige,46.3965,11.3888
39050,Tiers,Trentino-Alto Adige,46.4682,11.527
39050,St. Pauls/Eppan,Trentino-Alto Adige,46.4721,11.2602
39050,San Nicolo' D'Ega,Trentino-Alto Adige,46.4089,11.5052
39050,Tires,Trentino-Alto Adige,46.4682,11.527
39050,Girlan,Trentino-Alto Adige,46.4633,11.2812
39050,Jenesien,Trentino-Alto Adige,46.5346,11.3297
39050,Deutschnofen,Trentino-Alto Adige,46.414,11.4252
39050,Birchabruck,Trentino-Alto Adige,46.4272,11.4797
39050,Petersberg,Trentino-Alto Adige,46.3965,11.3888
39050,San Genesio Atesino,Trentino-Alto Adige,46.5346,11.3297
39050,Afing,Trentino-Alto Adige,46.564,11.3517
39050,Nova Ponente,Trentino-Alto Adige,46.414,11.4252
39050,Unterinn,Trentino-Alto Adige,46.529,11.4041
39050,St.Pauls,Trentino-Alto Adige,46.4721,11.2602
39050,San Paolo,Trentino-Alto Adige,46.4721,11.2602
39050,Avigna,Trentino-Alto Adige,46.564,11.3517
39050,Unterrain/Eppan,Trentino-Alto Adige,46.5041,11.3975
39050,Lengstein,Trentino-Alto Adige,46.5041,11.3975
39050,Perdonig,Trentino-Alto Adige,46.5041,11.3975
39050,Flaas,Trentino-Alto Adige,46.5863,11.2965
39050,Raut,Trentino-Alto Adige,46.7726,11.6581
39050,Wangen,Trentino-Alto Adige,46.5041,11.3975
39050,Gummer,Trentino-Alto Adige,46.5041,11.3975
39050,St. Jakob/Bozen,Trentino-Alto Adige,46.5041,11.3975
39050,Prösels,Trentino-Alto Adige,46.5041,11.3975
39050,St. Nikolaus i. Eggen,Trentino-Alto Adige,46.5041,11.3975
39050,Ums,Trentino-Alto Adige,46.5041,11.3975
39050,Unterglaning,Trentino-Alto Adige,46.5113,11.3159
39050,St. Konstantin,Trentino-Alto Adige,46.5364,11.5199
39050,Innichen,Trentino-Alto Adige,46.5041,11.3975
39050,Karneid,Trentino-Alto Adige,46.4899,11.4065
39050,Untereggen,Trentino-Alto Adige,46.4949,11.4091
39050,Steinegg,Trentino-Alto Adige,46.4853,11.4548
39050,Blumau,Trentino-Alto Adige,46.5,11.45
39050,Eggen,Trentino-Alto Adige,46.4089,11.5052
39050,St. Justina/Eppan,Trentino-Alto Adige,46.5041,11.3975
39050,Seit,Trentino-Alto Adige,46.5041,11.3975
39050,Steinmannwald,Trentino-Alto Adige,46.5041,11.3975
39050,Ponte Nova,Trentino-Alto Adige,46.4272,11.4797
39050,Fie' Allo Sciliar,Trentino-Alto Adige,46.5167,11.5013
39050,Völs am Schlern,Trentino-Alto Adige,46.5167,11.5013
39050,Oberinn,Trentino-Alto Adige,46.5041,11.3975
39050,Breien,Trentino-Alto Adige,46.5041,11.3975
39050,Missian,Trentino-Alto Adige,46.5041,11.3975
39050,Valas,Trentino-Alto Adige,46.5863,11.2965
39050,Völser Aicha,Trentino-Alto Adige,46.4949,11.4091
39050,Aica Di Fie',Trentino-Alto Adige,46.4928,11.4845
39051,Branzoll,Trentino-Alto Adige,46.4035,11.3208
39051,Pfatten,Trentino-Alto Adige,46.4136,11.305
39051,Vadena,Trentino-Alto Adige,46.4136,11.305
39051,Bronzolo,Trentino-Alto Adige,46.4035,11.3208
39052,Unterplanitzing,Trentino-Alto Adige,46.5041,11.3975
39052,Oberplanitzing,Trentino-Alto Adige,46.5041,11.3975
39052,Mitterdorf,Trentino-Alto Adige,46.5041,11.3975
39052,St. Josef am See,Trentino-Alto Adige,46.5041,11.3975
39052,St. Anton,Trentino-Alto Adige,46.5041,11.3975
39052,Altenburg,Trentino-Alto Adige,46.5041,11.3975
39052,St. Nikolaus/Kaltern,Trentino-Alto Adige,46.5041,11.3975
39052,Kaltern,Trentino-Alto Adige,46.4133,11.2462
39052,Caldaro Sulla Strada Del Vino,Trentino-Alto Adige,46.4133,11.2462
39053,San Valentino In Campo,Trentino-Alto Adige,46.4385,11.4772
39053,Prato All'Isarco,Trentino-Alto Adige,46.5,11.45
39053,Kardaun/Bozen,Trentino-Alto Adige,46.4934,11.3929
39053,Contrada Val D'Ega,Trentino-Alto Adige,46.4848,11.4239
39053,Bluma,Trentino-Alto Adige,46.4848,11.4239
39053,Steineg,Trentino-Alto Adige,46.4848,11.4239
39053,Eggenta,Trentino-Alto Adige,46.4848,11.4239
39053,Gumme,Trentino-Alto Adige,46.4848,11.4239
39053,Kardaun,Trentino-Alto Adige,46.4934,11.3929
39053,Cardano,Trentino-Alto Adige,46.4934,11.3929
39053,Collepietra,Trentino-Alto Adige,46.4853,11.4548
39053,Cornedo All'Isarco,Trentino-Alto Adige,46.4899,11.4065
39054,Auna Inferiore,Trentino-Alto Adige,46.561,11.4119
39054,Gissmann,Trentino-Alto Adige,46.5981,11.4162
39054,Collalbo,Trentino-Alto Adige,46.5399,11.4593
39054,Vanga,Trentino-Alto Adige,46.5616,11.3844
39054,Lengmoos,Trentino-Alto Adige,46.5399,11.4593
39054,Unterin,Trentino-Alto Adige,46.505,11.4156
39054,Renon,Trentino-Alto Adige,46.505,11.4156
39054,Oberi,Trentino-Alto Adige,46.6961,11.4162
39054,Auna Di Sopra,Trentino-Alto Adige,46.561,11.4119
39054,Wange,Trentino-Alto Adige,46.505,11.4156
39054,Oberboze,Trentino-Alto Adige,46.505,11.4156
39054,Sant'Ottilia In Renon,Trentino-Alto Adige,46.505,11.4156
39054,Lengstein Am Ritte,Trentino-Alto Adige,46.505,11.4156
39054,Ritten,Trentino-Alto Adige,46.5041,11.3975
39054,Soprabolzano,Trentino-Alto Adige,46.529,11.4041
39054,Klobenstein,Trentino-Alto Adige,46.5386,11.4655
39055,Seit Bei Leifer,Trentino-Alto Adige,46.4458,11.3418
39055,Pineta,Trentino-Alto Adige,46.4399,11.3473
39055,St.Jakob Bei Boze,Trentino-Alto Adige,46.4458,11.3418
39055,Leifers,Trentino-Alto Adige,46.4268,11.3384
39055,Laives,Trentino-Alto Adige,46.4268,11.3384
39055,La Costa Di Laives,Trentino-Alto Adige,46.4575,11.3507
39055,San Giacomo,Trentino-Alto Adige,46.4562,11.3337
39055,San Giacomo Di Laives,Trentino-Alto Adige,46.4562,11.3337
39055,La Costa,Trentino-Alto Adige,46.4575,11.3507
39056,Welschnofen,Trentino-Alto Adige,46.429,11.5394
39056,Nova Levante,Trentino-Alto Adige,46.429,11.5394
39056,Carezza,Trentino-Alto Adige,46.4115,11.5882
39056,Carezza Al Lago,Trentino-Alto Adige,46.4115,11.5882
39056,Karersee,Trentino-Alto Adige,46.4115,11.5882
39057,Montiggl,Trentino-Alto Adige,46.5041,11.3975
39057,Appiano Sulla Strada Del Vino,Trentino-Alto Adige,46.4607,11.2699
39057,San Michele Appiano,Trentino-Alto Adige,46.4547,11.2618
39057,Girla,Trentino-Alto Adige,46.4607,11.2699
39057,San Michele,Trentino-Alto Adige,46.4547,11.2618
39057,St. Michael/Eppan,Trentino-Alto Adige,46.4547,11.2618
39057,Frangarto,Trentino-Alto Adige,46.4782,11.2961
39057,Cornaiano,Trentino-Alto Adige,46.4633,11.2812
39057,Eppan,Trentino-Alto Adige,46.4585,11.2569
39058,Durnholz,Trentino-Alto Adige,46.7392,11.4379
39058,Villa,Trentino-Alto Adige,46.7053,11.678
39058,Aberstückl,Trentino-Alto Adige,46.7707,11.3677
39058,Bundschen,Trentino-Alto Adige,46.5041,11.3975
39058,Sarentino,Trentino-Alto Adige,46.6412,11.3541
39058,Weißenbach/Sarntal,Trentino-Alto Adige,46.7716,11.3682
39058,Reinswald,Trentino-Alto Adige,46.5041,11.3975
39058,Pens,Trentino-Alto Adige,46.7803,11.4149
39058,Nordhei,Trentino-Alto Adige,46.7145,11.4175
39058,Asten,Trentino-Alto Adige,46.5041,11.3975
39058,Campolasta,Trentino-Alto Adige,46.6664,11.3653
39058,Astfeld-Nordheim,Trentino-Alto Adige,46.7145,11.4175
39058,Sarnthein,Trentino-Alto Adige,46.6412,11.3541
39058,Riedelsberg,Trentino-Alto Adige,46.5041,11.3975
39059,Oberbozen,Trentino-Alto Adige,46.5041,11.3975
39059,Wolfsgruben,Trentino-Alto Adige,46.5041,11.3975
39100,Glaning,Trentino-Alto Adige,46.4907,11.3398
39100,Bolzano,Trentino-Alto Adige,46.4907,11.3398
39100,Rentsch,Trentino-Alto Adige,46.4907,11.3398
39100,Signat,Trentino-Alto Adige,46.4907,11.3398
39100,Oberau/Bozen,Trentino-Alto Adige,46.4907,11.3398
39100,Kampenn,Trentino-Alto Adige,46.4907,11.3398
39100,Sigmundskro,Trentino-Alto Adige,46.4907,11.3398
39100,Castelfirmiano,Trentino-Alto Adige,46.4907,11.3398
39100,Bozen,Trentino-Alto Adige,46.4907,11.3398
38010,Vigo Di Ton,Trentino-Alto Adige,46.2653,11.088
38010,Campodenno,Trentino-Alto Adige,46.2579,11.0332
38010,Denno,Trentino-Alto Adige,46.2742,11.0491
38010,Cavedago,Trentino-Alto Adige,46.1849,11.0328
38010,Dambel,Trentino-Alto Adige,46.4047,11.0931
38010,San Michele All'Adige,Trentino-Alto Adige,46.1897,11.1321
38010,Romeno,Trentino-Alto Adige,46.3945,11.1192
38010,Casez,Trentino-Alto Adige,46.3762,11.0767
38010,Sporminore,Trentino-Alto Adige,46.2369,11.0292
38010,Spormaggiore,Trentino-Alto Adige,46.2185,11.0481
38010,Faedo,Trentino-Alto Adige,46.1924,11.1613
38010,Ronzone,Trentino-Alto Adige,46.4244,11.1527
38010,Andalo,Trentino-Alto Adige,46.1665,11.0043
38010,Fai Della Paganella,Trentino-Alto Adige,46.178,11.0695
38010,Malgolo,Trentino-Alto Adige,46.3801,11.094
38010,Ton,Trentino-Alto Adige,46.2876,11.0881
38010,Tavon,Trentino-Alto Adige,46.2876,11.0881
38010,Vigo Anaunia,Trentino-Alto Adige,46.2876,11.0881
38010,Ruffre',Trentino-Alto Adige,46.4148,11.1778
38010,Sfruz,Trentino-Alto Adige,46.3396,11.1238
38010,Cima Paganella,Trentino-Alto Adige,46.2876,11.0881
38010,Sanzeno,Trentino-Alto Adige,46.3661,11.0756
38010,Banco,Trentino-Alto Adige,46.373,11.0693
38010,San Romedio,Trentino-Alto Adige,46.3691,11.1063
38011,Sarnonico,Trentino-Alto Adige,46.4194,11.1418
38011,Amblar,Trentino-Alto Adige,46.3954,11.1468
38011,Cavareno,Trentino-Alto Adige,46.4078,11.1393
38011,Don,Trentino-Alto Adige,46.3893,11.1365
38011,Seio,Trentino-Alto Adige,46.4183,11.1265
38012,Mollaro,Trentino-Alto Adige,46.2942,11.0709
38012,Tres,Trentino-Alto Adige,46.3218,11.0965
38012,Dermulo,Trentino-Alto Adige,46.3373,11.0623
38012,Predaia,Trentino-Alto Adige,46.3228,11.0863
38012,Taio,Trentino-Alto Adige,46.3214,11.0662
38012,Smarano,Trentino-Alto Adige,46.3431,11.1098
38012,Coredo,Trentino-Alto Adige,46.3491,11.09
38012,Vervò,Trentino-Alto Adige,46.3099,11.1197
38012,Segno,Trentino-Alto Adige,46.3058,11.0747
38013,Vasio,Trentino-Alto Adige,46.4301,11.1223
38013,Malosco,Trentino-Alto Adige,46.4361,11.1463
38013,Fondo,Trentino-Alto Adige,46.4388,11.1372
38013,Tret,Trentino-Alto Adige,46.4807,11.1397
38015,Pressano,Trentino-Alto Adige,46.1523,11.106
38015,Nave San Felice,Trentino-Alto Adige,46.1637,11.1109
38015,Lavis,Trentino-Alto Adige,46.1413,11.1093
38016,Mezzocorona,Trentino-Alto Adige,46.2116,11.1225
38017,Mezzolombardo,Trentino-Alto Adige,46.2077,11.0964
38018,Molveno,Trentino-Alto Adige,46.1424,10.963
38019,Tuenno,Trentino-Alto Adige,46.3284,11.0231
38019,Nanno,Trentino-Alto Adige,46.3148,11.0475
38019,Tassullo,Trentino-Alto Adige,46.343,11.0454
38020,Mezzana,Trentino-Alto Adige,46.3167,10.8001
38020,Pracorno,Trentino-Alto Adige,46.3704,10.8837
38020,Mocenigo,Trentino-Alto Adige,46.4526,11.0104
38020,Cis,Trentino-Alto Adige,46.3984,11.0033
38020,Marcena,Trentino-Alto Adige,46.4412,11.0188
38020,Mestriago,Trentino-Alto Adige,46.3218,10.8402
38020,Castelfondo,Trentino-Alto Adige,46.4562,11.1179
38020,Commezzadura,Trentino-Alto Adige,46.3217,10.8396
38020,Pellizzano,Trentino-Alto Adige,46.3098,10.7579
38020,Bresimo,Trentino-Alto Adige,46.4118,10.9682
38020,Cloz,Trentino-Alto Adige,46.4162,11.0859
38020,Rumo,Trentino-Alto Adige,46.4414,11.0186
38020,Deggiano,Trentino-Alto Adige,46.3279,10.857
38020,Rabbi,Trentino-Alto Adige,46.3836,10.9386
38021,Brez,Trentino-Alto Adige,46.4322,11.1058
38022,Cavizzana,Trentino-Alto Adige,46.3672,10.9582
38022,Caldes,Trentino-Alto Adige,46.3669,10.9404
38022,Bozzana,Trentino-Alto Adige,46.3888,10.9871
38023,Caltron,Trentino-Alto Adige,46.3728,11.0272
38023,Cles,Trentino-Alto Adige,46.3629,11.0328
38023,Mechel,Trentino-Alto Adige,46.3486,11.0183
38024,Cogolo,Trentino-Alto Adige,46.3525,10.6928
38024,Cogolo In Val Di Pejo,Trentino-Alto Adige,46.3525,10.6928
38024,Celedizzo,Trentino-Alto Adige,46.3531,10.6904
38024,Celledizzo,Trentino-Alto Adige,46.3446,10.7023
38024,Peio,Trentino-Alto Adige,46.3628,10.6735
38025,Monclassico,Trentino-Alto Adige,46.3341,10.886
38025,Dimaro,Trentino-Alto Adige,46.3257,10.8734
38026,Ossana,Trentino-Alto Adige,46.3065,10.7376
38026,Cusiano,Trentino-Alto Adige,46.311,10.7456
38026,Fucine Di Ossana,Trentino-Alto Adige,46.3114,10.7317
38026,Fucine,Trentino-Alto Adige,46.3114,10.7317
38027,Croviana,Trentino-Alto Adige,46.3448,10.9031
38027,Terzolas,Trentino-Alto Adige,46.3611,10.9259
38027,Male',Trentino-Alto Adige,46.3536,10.9125
38028,Romallo,Trentino-Alto Adige,46.3972,11.0662
38028,Cagno',Trentino-Alto Adige,46.3943,11.0412
38028,Revo',Trentino-Alto Adige,46.3923,11.0581
38028,Tregiovo,Trentino-Alto Adige,46.4384,11.0529
38029,Passo Del Tonale,Trentino-Alto Adige,46.2607,10.5873
38029,Fraviano,Trentino-Alto Adige,46.2969,10.692
38029,Vermiglio,Trentino-Alto Adige,46.2969,10.6914
38030,Daiano,Trentino-Alto Adige,46.3016,11.4491
38030,Castello Di Fiemme,Trentino-Alto Adige,46.2838,11.4326
38030,Molina,Trentino-Alto Adige,46.2721,11.4172
38030,Varena,Trentino-Alto Adige,46.3067,11.4583
38030,Verla,Trentino-Alto Adige,46.1579,11.1533
38030,Molina Di Fiemme,Trentino-Alto Adige,46.2838,11.4326
38030,Soraga,Trentino-Alto Adige,46.3946,11.6662
38030,Mazzin,Trentino-Alto Adige,46.4574,11.7002
38030,Giovo,Trentino-Alto Adige,46.1558,11.1528
38030,Campestrin,Trentino-Alto Adige,46.4637,11.7148
38030,Stramentizzo,Trentino-Alto Adige,46.2668,11.4047
38030,Panchia',Trentino-Alto Adige,46.2865,11.5406
38030,Ziano Di Fiemme,Trentino-Alto Adige,46.2857,11.565
38030,Palu',Trentino-Alto Adige,46.1295,11.3509
38030,Castello Molina Di Fiemme,Trentino-Alto Adige,46.2824,11.4335
38030,Stramentizzo Nuovo,Trentino-Alto Adige,46.2668,11.4047
38030,Capriana,Trentino-Alto Adige,46.2628,11.338
38030,Rovere' Della Luna,Trentino-Alto Adige,46.2501,11.1723
38031,Campitello Di Fassa,Trentino-Alto Adige,46.4758,11.7411
38032,Alba Di Canazei,Trentino-Alto Adige,46.4578,11.7974
38032,Sass Pordoi,Trentino-Alto Adige,46.433,11.734
38032,Canazei,Trentino-Alto Adige,46.4763,11.7693
38032,Penia,Trentino-Alto Adige,46.365,11.6354
38033,Masi Di Cavalese,Trentino-Alto Adige,46.2819,11.4844
38033,Cavalese,Trentino-Alto Adige,46.2905,11.4586
38033,Carano,Trentino-Alto Adige,46.2915,11.4398
38034,Cembra,Trentino-Alto Adige,46.1749,11.2217
38034,Lisignago,Trentino-Alto Adige,46.1606,11.1877
38035,Forno,Trentino-Alto Adige,46.3504,11.628
38035,Moena,Trentino-Alto Adige,46.3765,11.6594
38035,Forno Di Fiemme,Trentino-Alto Adige,46.3635,11.6437
38036,Pera,Trentino-Alto Adige,46.441,11.6933
38036,Pozza Di Fassa,Trentino-Alto Adige,46.4281,11.6871
38036,Pera Di Fassa,Trentino-Alto Adige,46.441,11.6933
38037,Bellamonte,Trentino-Alto Adige,46.3132,11.6625
38037,Predazzo,Trentino-Alto Adige,46.3114,11.5996
38037,Passo Rolle,Trentino-Alto Adige,46.2963,11.7864
38037,Paneveggio,Trentino-Alto Adige,46.3,11.7333
38038,Tesero,Trentino-Alto Adige,46.2918,11.5095
38039,Vigo Di Fassa,Trentino-Alto Adige,46.419,11.6742
38039,Costalunga,Trentino-Alto Adige,46.419,11.6742
38039,Passo Costalunga,Trentino-Alto Adige,46.419,11.6742
38040,Lona Lases,Trentino-Alto Adige,46.1058,11.2397
38040,Ravina,Trentino-Alto Adige,46.0394,11.1122
38040,Luserna,Trentino-Alto Adige,45.9226,11.3229
38040,Fornace,Trentino-Alto Adige,46.118,11.2075
38040,Lona,Trentino-Alto Adige,46.1594,11.2335
38040,Lases,Trentino-Alto Adige,46.1456,11.2193
38040,Valfloriana,Trentino-Alto Adige,46.2497,11.3431
38041,Albiano,Trentino-Alto Adige,46.1445,11.1946
38042,Campolongo,Trentino-Alto Adige,46.0232,11.252
38042,Rizzolaga,Trentino-Alto Adige,46.1493,11.2722
38042,Faida Di Pine',Trentino-Alto Adige,46.1096,11.2515
38042,Faida,Trentino-Alto Adige,46.1096,11.2515
38042,Montagnaga,Trentino-Alto Adige,46.0997,11.2359
38042,San Mauro,Trentino-Alto Adige,46.1251,11.2222
38042,Baselga Di Pine',Trentino-Alto Adige,46.1325,11.2465
38043,Brusago,Trentino-Alto Adige,46.1824,11.326
38043,Bedollo,Trentino-Alto Adige,46.167,11.3008
38043,Regnana,Trentino-Alto Adige,46.1535,11.3101
38045,Seregnano,Trentino-Alto Adige,46.0906,11.1975
38045,Civezzano,Trentino-Alto Adige,46.0913,11.1847
38046,Gionghi,Trentino-Alto Adige,46.0574,11.1464
38046,Cappella,Trentino-Alto Adige,45.9368,11.2748
38046,Lavarone Cappella,Trentino-Alto Adige,45.9368,11.2748
38046,Lavarone,Trentino-Alto Adige,45.977,11.232
38047,Sevignano,Trentino-Alto Adige,46.1714,11.2486
38047,Segonzano,Trentino-Alto Adige,46.1902,11.2599
38047,Valcava,Trentino-Alto Adige,46.2064,11.3119
38047,Quaras,Trentino-Alto Adige,46.1744,11.2868
38048,Sover,Trentino-Alto Adige,46.2217,11.3157
38049,Centa San Nicolo',Trentino-Alto Adige,45.9693,11.2324
38049,Bosentino,Trentino-Alto Adige,46.0018,11.2232
38049,Vattaro,Trentino-Alto Adige,45.9939,11.2179
38049,Vigolo Vattaro,Trentino-Alto Adige,46.0052,11.1979
38049,Migazzone,Trentino-Alto Adige,46.0038,11.2279
38050,Ospedaletto,Trentino-Alto Adige,46.0429,11.5544
38050,Calceranica Al Lago,Trentino-Alto Adige,46.0046,11.2437
38050,Sant'Orsola Terme,Trentino-Alto Adige,46.1088,11.3024
38050,Prade,Trentino-Alto Adige,46.1574,11.7401
38050,Monte Di Mezzo,Trentino-Alto Adige,46.0904,11.5118
38050,Santa Brigida,Trentino-Alto Adige,46.0904,11.5118
38050,Pieve Tesino,Trentino-Alto Adige,46.0682,11.6112
38050,Imer,Trentino-Alto Adige,46.1493,11.7892
38050,Bieno,Trentino-Alto Adige,46.0815,11.5561
38050,Telve Di Sopra,Trentino-Alto Adige,46.0713,11.4718
38050,Marter,Trentino-Alto Adige,46.0323,11.3911
38050,Sagron Mis,Trentino-Alto Adige,46.1947,11.9432
38050,Torcegno,Trentino-Alto Adige,46.0743,11.4498
38050,Castelnuovo,Trentino-Alto Adige,46.0541,11.4892
38050,Telve,Trentino-Alto Adige,46.0701,11.4802
38050,Gobbera,Trentino-Alto Adige,46.1476,11.7586
38050,Tenna,Trentino-Alto Adige,46.0157,11.2643
38050,Fierozzo,Trentino-Alto Adige,46.1113,11.3185
38050,Frassilongo,Trentino-Alto Adige,46.0899,11.2972
38050,Ronchi Valsugana,Trentino-Alto Adige,46.0684,11.4352
38050,San Francesco,Trentino-Alto Adige,46.1061,11.3105
38050,Telve Di Valsugana,Trentino-Alto Adige,46.0701,11.4802
38050,Canal San Bovo,Trentino-Alto Adige,46.1567,11.73
38050,Mezzano,Trentino-Alto Adige,46.1539,11.8088
38050,Scurelle,Trentino-Alto Adige,46.0645,11.5057
38050,Caoria,Trentino-Alto Adige,46.1965,11.678
38050,Palu' Del Fersina,Trentino-Alto Adige,46.1295,11.3509
38050,Carzano,Trentino-Alto Adige,46.0709,11.4938
38050,Cinte Tesino,Trentino-Alto Adige,46.0573,11.6144
38050,Novaledo,Trentino-Alto Adige,46.0234,11.3661
38050,Roncegno,Trentino-Alto Adige,46.0493,11.4082
38051,Borgo,Trentino-Alto Adige,46.0512,11.4576
38051,Borgo Valsugana,Trentino-Alto Adige,46.0512,11.4576
38051,Olle,Trentino-Alto Adige,46.0512,11.4576
38052,Caldonazzo,Trentino-Alto Adige,45.9937,11.2643
38053,Castello Tesino,Trentino-Alto Adige,46.063,11.6325
38054,Tonadico,Trentino-Alto Adige,46.1811,11.8394
38054,Transacqua,Trentino-Alto Adige,46.1737,11.8328
38054,Siror,Trentino-Alto Adige,46.1878,11.8312
38054,Fiera Di Primiero,Trentino-Alto Adige,46.1762,11.8288
38054,San Martino Di Castrozza,Trentino-Alto Adige,46.2667,11.8
38055,Selva Di Grigno,Trentino-Alto Adige,46.0156,11.5957
38055,Grigno,Trentino-Alto Adige,46.0157,11.6356
38055,Selva,Trentino-Alto Adige,46.0156,11.5957
38055,Tezze Val Sugana,Trentino-Alto Adige,46.0096,11.6242
38055,Tezze,Trentino-Alto Adige,45.9915,11.6697
38056,Barco,Trentino-Alto Adige,46.004,11.3384
38056,Levico Terme,Trentino-Alto Adige,46.0122,11.3043
38057,Roncogno,Trentino-Alto Adige,46.0692,11.2064
38057,Canezza,Trentino-Alto Adige,46.078,11.2771
38057,Susa',Trentino-Alto Adige,46.0508,11.2212
38057,Vigalzano,Trentino-Alto Adige,46.0764,11.2282
38057,Costasavina,Trentino-Alto Adige,46.0587,11.2148
38057,Pergine Valsugana,Trentino-Alto Adige,46.0643,11.2376
38057,Falesina,Trentino-Alto Adige,46.0706,11.2768
38057,Madrano,Trentino-Alto Adige,46.0844,11.2174
38057,Viarago,Trentino-Alto Adige,46.0805,11.2633
38057,San Cristoforo Al Lago,Trentino-Alto Adige,46.0658,11.2394
38057,Canale,Trentino-Alto Adige,46.0421,11.2311
38057,Serso,Trentino-Alto Adige,46.0751,11.2518
38057,Vignola,Trentino-Alto Adige,46.0444,11.2774
38057,Ischia Trentina,Trentino-Alto Adige,46.0658,11.2394
38057,Vignola Falesina,Trentino-Alto Adige,46.0658,11.2394
38057,Canzolino,Trentino-Alto Adige,46.0844,11.2174
38057,San Cristoforo,Trentino-Alto Adige,46.0421,11.2311
38059,Spera,Trentino-Alto Adige,46.0703,11.509
38059,Strigno,Trentino-Alto Adige,46.0669,11.5222
38059,Ivano Fracena,Trentino-Alto Adige,46.0573,11.5294
38059,Agnedo,Trentino-Alto Adige,46.0542,11.5284
38059,Villa Agnedo,Trentino-Alto Adige,46.0542,11.5284
38059,Samone,Trentino-Alto Adige,46.0816,11.5226
38060,Valduga,Trentino-Alto Adige,45.8775,11.1303
38060,Tiarno Di Sotto,Trentino-Alto Adige,45.8945,10.6845
38060,Raossi,Trentino-Alto Adige,45.7827,11.1185
38060,Raossi Di Vallarsa,Trentino-Alto Adige,45.7827,11.1185
38060,Concei,Trentino-Alto Adige,45.906,10.729
38060,Cornale',Trentino-Alto Adige,45.882,11.0125
38060,Besenello,Trentino-Alto Adige,45.9436,11.1091
38060,Crosano,Trentino-Alto Adige,45.82,10.9731
38060,Romagnano,Trentino-Alto Adige,46.0181,11.1056
38060,Nogaredo,Trentino-Alto Adige,45.913,11.0239
38060,Anghebeni Di Vallarsa,Trentino-Alto Adige,45.7953,11.1068
38060,Cimone,Trentino-Alto Adige,45.8821,10.9656
38060,Garniga Terme,Trentino-Alto Adige,45.8821,10.9656
38060,Chienis,Trentino-Alto Adige,45.8821,10.9656
38060,Pedersano,Trentino-Alto Adige,45.9204,11.0209
38060,Gavazzo Nuova,Trentino-Alto Adige,45.9133,10.8413
38060,Isera,Trentino-Alto Adige,45.8876,11.0092
38060,Tenno,Trentino-Alto Adige,45.9194,10.8316
38060,Riva Di Vallarsa,Trentino-Alto Adige,45.8821,10.9656
38060,Cologna,Trentino-Alto Adige,45.9309,10.6381
38060,Pieve Di Ledro,Trentino-Alto Adige,45.8885,10.7312
38060,Ronzo Chienis,Trentino-Alto Adige,45.8821,10.9656
38060,Valmorbia,Trentino-Alto Adige,45.8176,11.0938
38060,Pregasina,Trentino-Alto Adige,45.8511,10.8245
38060,Anghebeni,Trentino-Alto Adige,45.7953,11.1068
38060,Castione,Trentino-Alto Adige,45.8372,10.9533
38060,Villa Lagarina,Trentino-Alto Adige,45.9184,11.033
38060,Corte,Trentino-Alto Adige,45.8821,10.9656
38060,Ronzo,Trentino-Alto Adige,45.8821,10.9656
38060,Aldeno,Trentino-Alto Adige,45.9776,11.0928
38060,Castellano,Trentino-Alto Adige,45.9238,11.0069
38060,Molina Di Ledro,Trentino-Alto Adige,45.8709,10.7741
38060,Terragnolo,Trentino-Alto Adige,45.8783,11.1547
38060,Tiarno Di Sopra,Trentino-Alto Adige,45.891,10.6725
38060,Vallarsa,Trentino-Alto Adige,45.7828,11.1179
38060,Volano,Trentino-Alto Adige,45.9172,11.0635
38060,Brentonico,Trentino-Alto Adige,45.8191,10.9551
38060,Pomarolo,Trentino-Alto Adige,45.9281,11.0431
38060,Nomi,Trentino-Alto Adige,45.9292,11.072
38060,Bezzecca,Trentino-Alto Adige,45.897,10.7183
38061,Santa Margherita,Trentino-Alto Adige,45.7978,11.0258
38061,Pilcante,Trentino-Alto Adige,45.7707,11.0006
38061,Chizzola,Trentino-Alto Adige,45.8119,11.0073
38061,Serravalle All'Adige,Trentino-Alto Adige,45.7903,11.0106
38061,Ala,Trentino-Alto Adige,45.7607,11.0046
38061,Serravalle,Trentino-Alto Adige,45.8103,11.0148
38061,Sega Dei Lessini,Trentino-Alto Adige,45.7903,11.0106
38062,Arco,Trentino-Alto Adige,45.9177,10.8867
38062,Bolognano,Trentino-Alto Adige,45.912,10.905
38062,San Giorgio,Trentino-Alto Adige,45.9018,10.8636
38062,Oltresarca,Trentino-Alto Adige,45.9109,10.8901
38062,Vignole,Trentino-Alto Adige,45.912,10.905
38063,Sabbionara,Trentino-Alto Adige,45.7415,10.9574
38063,Borghetto All'Adige,Trentino-Alto Adige,45.7377,10.9484
38063,Avio,Trentino-Alto Adige,45.734,10.9394
38064,Folgaria,Trentino-Alto Adige,45.9154,11.1682
38064,San Sebastiano,Trentino-Alto Adige,45.9252,11.2135
38064,Mezzomonte Di Sotto,Trentino-Alto Adige,45.9171,11.1353
38064,Mezzomonte,Trentino-Alto Adige,45.9175,11.1853
38064,Nosellari,Trentino-Alto Adige,45.9297,11.2482
38064,Serrada,Trentino-Alto Adige,45.8916,11.1548
38064,Carbonare,Trentino-Alto Adige,45.9346,11.2274
38064,Carbonare Di Folgaria,Trentino-Alto Adige,45.9346,11.2274
38064,Serrada Di Folgaria,Trentino-Alto Adige,45.8916,11.1548
38064,Mezzomonte Di Sopra,Trentino-Alto Adige,45.9178,11.1379
38065,Pannone,Trentino-Alto Adige,45.8774,10.9357
38065,Manzano,Trentino-Alto Adige,45.8655,10.9534
38065,Besagno,Trentino-Alto Adige,45.8386,10.9698
38065,Mori,Trentino-Alto Adige,45.8519,10.9805
38065,Sano,Trentino-Alto Adige,45.8465,10.9523
38065,Valle San Felice,Trentino-Alto Adige,45.8691,10.9376
38066,Varone,Trentino-Alto Adige,45.9088,10.8419
38066,Riva Del Garda,Trentino-Alto Adige,45.8858,10.8412
38067,Biacesa Di Ledro,Trentino-Alto Adige,45.8658,10.8057
38067,Ledro,Trentino-Alto Adige,45.8749,10.9867
38067,Mezzolago,Trentino-Alto Adige,45.8821,10.7531
38068,Mori Ferrovia,Trentino-Alto Adige,45.8731,11.0358
38068,Lizzanella,Trentino-Alto Adige,45.8775,11.0359
38068,Borgo Sacco,Trentino-Alto Adige,45.8862,11.0199
38068,Rovereto,Trentino-Alto Adige,45.8904,11.0405
38068,Marco,Trentino-Alto Adige,45.8426,11.0092
38068,Trambileno,Trentino-Alto Adige,45.8689,11.0734
38069,Nago Torbole,Trentino-Alto Adige,45.8759,10.8911
38069,Nago,Trentino-Alto Adige,45.8759,10.8911
38069,Torbole,Trentino-Alto Adige,45.8759,10.8911
38070,Tavodo,Trentino-Alto Adige,46.0654,10.8917
38070,Villa Banale,Trentino-Alto Adige,46.0469,10.8861
38070,Stenico,Trentino-Alto Adige,46.0512,10.8556
38070,Lomaso,Trentino-Alto Adige,46.0235,10.8661
38071,Bivedo,Trentino-Alto Adige,46.0263,10.8203
38071,Larido,Trentino-Alto Adige,46.0263,10.8203
38071,Bleggio Superiore,Trentino-Alto Adige,46.0248,10.8384
38071,Marazzone,Trentino-Alto Adige,46.0263,10.8203
38071,Bleggio Inferiore,Trentino-Alto Adige,46.026,10.8248
38073,Stravino,Trentino-Alto Adige,46.0042,10.9847
38073,Vigo,Trentino-Alto Adige,45.9784,10.9804
38073,Cavedine,Trentino-Alto Adige,45.9952,10.9736
38073,Vigo Cavedine,Trentino-Alto Adige,45.9784,10.9804
38074,Ceniga,Trentino-Alto Adige,45.9511,10.9014
38074,Drena,Trentino-Alto Adige,45.9693,10.9454
38074,Pietramurata,Trentino-Alto Adige,46.0203,10.9432
38074,Dro,Trentino-Alto Adige,45.9612,10.912
38075,Ballino,Trentino-Alto Adige,45.9654,10.8114
38075,Fiave',Trentino-Alto Adige,46.0046,10.8423
38076,Lasino,Trentino-Alto Adige,46.0242,10.9836
38076,Calavino,Trentino-Alto Adige,46.0461,10.984
38076,Castel Madruzzo,Trentino-Alto Adige,46.0365,10.9868
38076,Sarche,Trentino-Alto Adige,46.0477,10.9532
38076,Madruzzo,Trentino-Alto Adige,46.0386,10.9769
38077,Lundo,Trentino-Alto Adige,46.0167,10.8833
38077,Comano Terme,Trentino-Alto Adige,46.0244,10.8801
38077,Bagni Di Comano,Trentino-Alto Adige,46.0244,10.8801
38077,Ponte Arche,Trentino-Alto Adige,46.0353,10.8732
38077,Vigo Lomaso,Trentino-Alto Adige,46.0133,10.8692
38078,San Lorenzo In Banale,Trentino-Alto Adige,46.0766,10.9085
38078,Moline,Trentino-Alto Adige,46.0844,10.9239
38078,Dorsino,Trentino-Alto Adige,46.0727,10.8974
38078,San Lorenzo Dorsino,Trentino-Alto Adige,46.0779,10.9099
38078,Moline Di Banale,Trentino-Alto Adige,46.0779,10.9099
38079,Pelugo,Trentino-Alto Adige,46.0885,10.7239
38079,Zuclo,Trentino-Alto Adige,46.0343,10.7511
38079,Saone,Trentino-Alto Adige,46.0429,10.7667
38079,Tione Di Trento,Trentino-Alto Adige,46.0355,10.7268
38079,Bolbeno,Trentino-Alto Adige,46.0326,10.7379
38080,Bondone,Trentino-Alto Adige,45.8065,10.5503
38080,Baitoni,Trentino-Alto Adige,45.8097,10.5435
38080,Bocenago,Trentino-Alto Adige,46.1186,10.7588
38080,Carisolo,Trentino-Alto Adige,46.1688,10.7589
38080,Iavre' Vigo Rendena,Trentino-Alto Adige,46.0256,10.6864
38080,Strembo,Trentino-Alto Adige,46.1203,10.7509
38080,Caderzone,Trentino-Alto Adige,46.1295,10.7562
38082,Castel Condino,Trentino-Alto Adige,45.9144,10.6028
38083,Condino,Trentino-Alto Adige,45.8817,10.5937
38083,Brione,Trentino-Alto Adige,45.8949,10.5898
38083,Cimego,Trentino-Alto Adige,45.9119,10.6134
38085,Creto,Trentino-Alto Adige,45.9411,10.6403
38085,Pieve Di Bono,Trentino-Alto Adige,45.9422,10.6403
38085,Prezzo,Trentino-Alto Adige,45.9347,10.633
38086,Madonna Di Campiglio,Trentino-Alto Adige,46.2267,10.8258
38086,Massimeno,Trentino-Alto Adige,46.1407,10.7732
38086,Pinzolo,Trentino-Alto Adige,46.1598,10.7638
38086,Sant'Antonio Di Mavignola,Trentino-Alto Adige,46.1897,10.7853
38086,Giustino,Trentino-Alto Adige,46.1513,10.7678
38087,Lardaro,Trentino-Alto Adige,45.9695,10.6613
38087,Bondo,Trentino-Alto Adige,46.0003,10.692
38087,Roncone,Trentino-Alto Adige,45.9827,10.6682
38087,Breguzzo,Trentino-Alto Adige,46.0068,10.6976
38088,Spiazzo Rendena,Trentino-Alto Adige,46.1036,10.7394
38088,Spiazzo,Trentino-Alto Adige,46.1036,10.7394
38089,Darzo,Trentino-Alto Adige,45.8418,10.5492
38089,Storo,Trentino-Alto Adige,45.8492,10.5802
38089,Lodrone,Trentino-Alto Adige,45.8296,10.5356
38091,Praso,Trentino-Alto Adige,45.95,10.6363
38091,Valdaone,Trentino-Alto Adige,45.9472,10.6302
38091,Daone,Trentino-Alto Adige,45.9472,10.6211
38091,Bersone,Trentino-Alto Adige,45.9444,10.6332
38092,Grumes,Trentino-Alto Adige,46.2212,11.2935
38092,Grauno,Trentino-Alto Adige,46.2303,11.2985
38092,Faver,Trentino-Alto Adige,46.1813,11.2373
38092,Valda,Trentino-Alto Adige,46.2072,11.2649
38093,Terres,Trentino-Alto Adige,46.3099,11.0231
38093,Flavon,Trentino-Alto Adige,46.2981,11.0299
38093,Cunevo,Trentino-Alto Adige,46.2864,11.0346
38094,Verdesina,Trentino-Alto Adige,46.0556,10.7128
38094,Iavre',Trentino-Alto Adige,46.0679,10.712
38094,Dare',Trentino-Alto Adige,46.0752,10.7181
38094,Vigo Rendena,Trentino-Alto Adige,46.0797,10.7207
38094,Villa Rendena,Trentino-Alto Adige,46.0627,10.7125
38095,Ragoli,Trentino-Alto Adige,46.0542,10.7785
38095,Montagne,Trentino-Alto Adige,46.0585,10.7513
38095,Preore,Trentino-Alto Adige,46.0466,10.7597
38096,Vezzano,Trentino-Alto Adige,46.0787,10.9973
38096,Terlago,Trentino-Alto Adige,46.0974,11.045
38096,Margone,Trentino-Alto Adige,46.0682,10.962
38096,Padergnone,Trentino-Alto Adige,46.0598,10.9848
38096,Ranzo,Trentino-Alto Adige,46.0635,10.9423
38097,Zambana,Trentino-Alto Adige,46.1517,11.0962
38097,Nave San Rocco,Trentino-Alto Adige,46.1677,11.1051
38100,Montevaccino,Trentino-Alto Adige,46.1091,11.142
38100,Povo,Trentino-Alto Adige,46.067,11.155
38100,Mattarello,Trentino-Alto Adige,46.0086,11.1298
38100,Vela,Trentino-Alto Adige,46.0824,11.1021
38100,Valsorda,Trentino-Alto Adige,46.0081,11.155
38100,Baselga Di Vezzano,Trentino-Alto Adige,46.0787,11.1126
38100,Villamontagna,Trentino-Alto Adige,46.0866,11.1591
38100,Vaneze Di Bondone,Trentino-Alto Adige,46.0787,11.1126
38100,Vaneze,Trentino-Alto Adige,46.0553,11.0723
38100,Villazzano,Trentino-Alto Adige,46.0488,11.1385
38100,Cognola,Trentino-Alto Adige,46.0753,11.1424
38100,Sardagna,Trentino-Alto Adige,46.0641,11.0963
38100,Vigo Meano,Trentino-Alto Adige,46.1337,11.1338
38100,Sopramonte,Trentino-Alto Adige,46.0741,11.0614
38100,Cadine,Trentino-Alto Adige,46.0896,11.0685
38100,Meano,Trentino-Alto Adige,46.1246,11.1176
38100,Martignano,Trentino-Alto Adige,46.088,11.1319
38100,Vigolo Baselga,Trentino-Alto Adige,46.0818,11.0451
38100,Baselga Del Bondone,Trentino-Alto Adige,46.0793,11.0483
38100,Gardolo Di Mezzo,Trentino-Alto Adige,46.1154,11.1162
38100,Gardolo,Trentino-Alto Adige,46.1154,11.1162
38100,Trento,Trentino-Alto Adige,46.0679,11.1211
38121,Trento,Trentino-Alto Adige,46.0679,11.1211
38122,Trento,Trentino-Alto Adige,46.0679,11.1211
38123,Trento,Trentino-Alto Adige,46.0679,11.1211
06010,Fighille,Umbria,43.5189,12.1077
06010,Lippiano,Umbria,43.4614,12.1202
06010,Citerna,Umbria,43.4988,12.1138
06010,Monte Santa Maria Tiberina,Umbria,43.4369,12.1622
06012,San Secondo,Umbria,43.4047,12.2339
06012,Promano,Umbria,43.3677,12.2682
06012,Fraccano,Umbria,43.504,12.3071
06012,Lerchi,Umbria,43.4758,12.1994
06012,Piosina,Umbria,43.4887,12.1996
06012,Cinquemiglia,Umbria,43.379,12.259
06012,Riosecco,Umbria,43.4328,12.2182
06012,Cerbara,Umbria,43.4991,12.2111
06012,San Maiano,Umbria,43.3918,12.2516
06012,Muccignano,Umbria,43.3986,12.102
06012,Morra,Umbria,43.3854,12.1312
06012,Citta' Di Castello,Umbria,43.4656,12.2375
06014,Montone,Umbria,43.3608,12.3235
06016,Lama,Umbria,43.5172,12.2129
06016,San Giustino,Umbria,43.5466,12.1753
06016,Selci,Umbria,43.5,12.1833
06018,Lugnano,Umbria,43.3611,12.1867
06018,Petrelle,Umbria,43.3471,12.1609
06018,Trestina,Umbria,43.366,12.237
06018,Lugnano Citta' Di Castello,Umbria,43.3333,12.266
06018,San Leo Bastia,Umbria,43.3246,12.1566
06018,Pistrino,Umbria,43.3508,12.1491
06018,Petroia,Umbria,43.2034,12.7922
06018,Badia Petroia,Umbria,43.3803,12.1795
06019,Montecastelli,Umbria,43.3398,12.2946
06019,Pierantonio,Umbria,43.2645,12.3885
06019,Niccone,Umbria,43.3207,12.2953
06019,Umbertide,Umbria,43.3034,12.3375
06019,Montecastelli Umbro,Umbria,43.3105,12.2862
06019,Calzolaro,Umbria,43.3489,12.2259
06019,Verna,Umbria,43.3542,12.238
06019,Preggio,Umbria,43.2417,12.2237
06020,Torre Dei Calzolari,Umbria,43.2733,12.681
06020,Branca,Umbria,43.2733,12.681
06021,Costacciaro,Umbria,43.3587,12.7126
06021,Villa Col De' Canali,Umbria,43.3767,12.6926
06021,Villa Col Dei Canali,Umbria,43.3767,12.6926
06022,Osteria Del Gatto,Umbria,43.285,12.745
06022,Purello,Umbria,43.317,12.7573
06022,Fossato Di Vico,Umbria,43.2964,12.7612
06022,Fossato Di Vico Stazione,Umbria,43.2995,12.7545
06023,Morano,Umbria,43.2328,12.7356
06023,San Pellegrino Di Gualdo Tadino,Umbria,43.2645,12.7383
06023,Pieve Di Compresseto,Umbria,43.2342,12.6917
06023,Cerqueto,Umbria,43.2323,12.7489
06023,Gualdo Tadino,Umbria,43.2294,12.7786
06023,Morano Madonnuccia,Umbria,43.1716,12.7178
06023,San Pellegrino,Umbria,43.2645,12.7383
06024,Mocaiana,Umbria,43.3817,12.4954
06024,Cipolleto,Umbria,43.3239,12.5769
06024,Colpalombo,Umbria,43.2483,12.6122
06024,Torre Calzolari,Umbria,43.295,12.6649
06024,Casamorcia,Umbria,43.3683,12.5306
06024,Stazione Di Padule,Umbria,43.3077,12.6156
06024,Camporeggiano,Umbria,43.3427,12.4214
06024,Mocaiana Stazione,Umbria,43.3274,12.5531
06024,Semonte,Umbria,43.3274,12.5531
06024,Gubbio,Umbria,43.35,12.5731
06024,Ponte D'Assi,Umbria,43.3103,12.5765
06024,San Benedetto Vecchio,Umbria,43.434,12.4621
06024,Caicambiucci,Umbria,43.3274,12.5531
06024,Padule,Umbria,43.3274,12.5531
06024,Scritto,Umbria,43.2395,12.5556
06025,Nocera Umbra,Umbria,43.114,12.7893
06025,Molinaccio,Umbria,43.2051,12.8636
06025,Gaifana,Umbria,43.177,12.7868
06026,Pietralunga,Umbria,43.4361,12.4292
06027,Isola Fossara,Umbria,43.433,12.7386
06027,Scheggia E Pascelupo,Umbria,43.4036,12.6658
06027,Scheggia,Umbria,43.4036,12.6658
06027,Pascelupo,Umbria,43.3993,12.7516
06028,Sigillo,Umbria,43.3311,12.7406
06029,Casa Castalda,Umbria,43.1578,12.602
06029,Valfabbrica,Umbria,43.1578,12.602
06030,Orsano E Cammoro,Umbria,42.9084,12.7332
06030,Giano Dell'Umbria,Umbria,42.8338,12.5778
06030,Bastardo,Umbria,42.8714,12.5594
06030,Cammoro,Umbria,42.8927,12.8528
06030,Sellano,Umbria,42.8874,12.9231
06030,Valtopina,Umbria,43.0567,12.7531
06031,Cantalupo,Umbria,42.968,12.5807
06031,Bevagna,Umbria,42.9375,12.6149
06033,Cannara,Umbria,42.9954,12.582
06034,Capodacqua,Umbria,43.0289,12.6508
06034,Foligno,Umbria,42.9549,12.7027
06034,Uppello,Umbria,42.9553,12.7377
06034,Colfiorito,Umbria,43.0279,12.8908
06034,Sant'Eraclio,Umbria,42.9333,12.7167
06034,Rasiglia,Umbria,42.9594,12.8609
06034,Fiamenga,Umbria,42.9541,12.6614
06034,Scafali,Umbria,42.9333,12.6667
06034,Annifo,Umbria,43.0533,12.8596
06034,Perticani,Umbria,42.9755,12.7729
06034,Pieve Fanonica,Umbria,42.9755,12.7729
06034,Sterpete,Umbria,42.9755,12.7729
06034,Verchiano,Umbria,42.9501,12.8821
06034,Casenove,Umbria,42.9758,12.8418
06034,Belfiore,Umbria,42.9755,12.7729
06034,Pale,Umbria,42.9833,12.7667
06034,Scopoli,Umbria,42.9719,12.8093
06034,Scanzano,Umbria,42.9755,12.7729
06034,San Giovanni Profiamma,Umbria,42.9755,12.7729
06035,Gualdo Cattaneo,Umbria,42.9123,12.5567
06035,Pozzo Di Gualdo Cattaneo,Umbria,42.8262,12.4757
06035,Marcellano,Umbria,42.8739,12.5164
06035,San Terenziano,Umbria,42.8673,12.4732
06035,Collesecco,Umbria,43.0667,12.5309
06035,Pozzo,Umbria,42.9052,12.5079
06036,Montefalco,Umbria,42.8908,12.6483
06036,San Marco Di Montefalco,Umbria,42.8735,12.6665
06036,Madonna Della Stella,Umbria,42.8561,12.6848
06038,Spello,Umbria,42.9923,12.6663
06038,Capitan Loreto,Umbria,43.0173,12.6475
06039,Trevi,Umbria,42.8777,12.7494
06039,Santa Maria In Valle,Umbria,42.8929,12.7497
06039,Matigge,Umbria,42.908,12.7291
06039,Li Celli,Umbria,42.8858,12.7355
06039,Borgo Di Trevi,Umbria,42.8858,12.7355
06039,Cannaiola,Umbria,42.8647,12.7139
06040,Ceselli,Umbria,42.685,12.8176
06040,Scheggino,Umbria,42.713,12.8301
06040,Piedipaterno,Umbria,42.7686,12.8629
06040,Piedipaterno Sul Nera,Umbria,42.7686,12.8629
06040,Sant'Anatolia Di Narco,Umbria,42.7332,12.8358
06040,Poggiodomo,Umbria,42.7124,12.9325
06040,Vallo Di Nera,Umbria,42.8004,12.8638
06041,Bugiano,Umbria,42.8485,12.9101
06041,Borgo Cerreto,Umbria,42.8143,12.9156
06041,Triponzo,Umbria,42.8278,12.9373
06041,Cerreto Di Spoleto,Umbria,42.8219,12.9203
06042,Campello Sul Clitunno,Umbria,42.8269,12.7693
06043,Chiavano,Umbria,42.6562,13.0612
06043,Maltignano Di Cascia,Umbria,42.7089,13.0541
06043,Cascia,Umbria,42.7179,13.017
06044,Bruna,Umbria,42.8207,12.6885
06044,Castel Ritaldi,Umbria,42.8225,12.6742
06045,Monteleone Di Spoleto,Umbria,42.6505,12.9516
06046,Serravalle Di Norcia,Umbria,42.7837,13.1046
06046,Ancarano,Umbria,42.8333,13.1
06046,San Pellegrino Di Norcia,Umbria,42.7567,13.1492
06046,Castelluccio,Umbria,42.8289,13.2058
06046,Savelli Di Norcia,Umbria,42.7261,13.1275
06046,Norcia,Umbria,42.7911,13.096
06046,Serravalle,Umbria,42.7856,13.0229
06046,Agriano,Umbria,42.7642,13.0307
06047,Abeto,Umbria,42.8369,13.0631
06047,Preci,Umbria,42.8807,13.0375
06047,Belforte,Umbria,42.8543,12.9699
06047,Casali Belforte,Umbria,42.8543,12.9699
06047,Todiano,Umbria,42.8449,13.0637
06047,Roccanolfi,Umbria,42.8611,13.0178
06047,Piedivalle,Umbria,42.8677,13.0619
06049,San Brizio,Umbria,42.8011,12.7104
06049,Baiano Di Spoleto,Umbria,42.7233,12.6766
06049,Strettura,Umbria,42.6306,12.7314
06049,Bazzano Inferiore,Umbria,42.7765,12.789
06049,Eggi,Umbria,42.7614,12.7773
06049,Morgnano,Umbria,42.7833,12.6833
06049,Cortaccione,Umbria,42.7637,12.7588
06049,San Martino In Trignano,Umbria,42.7412,12.6684
06049,Madonna Di Baiano,Umbria,42.7618,12.7151
06049,Beroide,Umbria,42.8269,12.7235
06049,San Giovanni Di Baiano,Umbria,42.7618,12.7151
06049,Maiano,Umbria,42.7833,12.7167
06049,Terzo La Pieve,Umbria,42.7618,12.7151
06049,Sant'Angelo In Mercole,Umbria,42.7501,12.6871
06049,San Giacomo Di Spoleto,Umbria,42.7618,12.7151
06049,Spoleto,Umbria,42.7407,12.739
06049,Montemartano,Umbria,42.789,12.5979
06049,San Giacomo,Umbria,42.7939,12.7524
06050,Collazzone,Umbria,42.9015,12.4358
06050,Collepepe,Umbria,42.9155,12.3949
06050,Piedicolle,Umbria,42.8951,12.4034
06050,Casalalta,Umbria,42.9465,12.4379
06051,Ripabianca,Umbria,42.9397,12.4032
06051,Casalina,Umbria,42.95,12.4
06053,San Niccolo' Di Celle,Umbria,43.0167,12.3833
06053,Deruta,Umbria,42.9847,12.4176
06053,Ponte Nuovo,Umbria,43.0045,12.4283
06053,Sant'Angelo Di Celle,Umbria,42.9977,12.3846
06053,San Nicolo' Di Celle,Umbria,43.0167,12.3833
06054,Fratta Todina,Umbria,42.8568,12.3637
06055,Marsciano,Umbria,42.9209,12.3507
06055,San Valentino Della Collina,Umbria,42.9023,12.3639
06055,San Valentino,Umbria,42.8247,12.3935
06055,Papiano,Umbria,42.9612,12.3474
06056,Massa Martana,Umbria,42.7731,12.5258
06056,Villa San Faustino,Umbria,42.7336,12.5316
06056,Viepri,Umbria,42.8248,12.5228
06056,Colpetrazzo,Umbria,42.7388,12.5503
06057,Monte Castello Di Vibio,Umbria,42.8404,12.3524
06059,Todi,Umbria,42.7788,12.412
06059,Izzalini,Umbria,42.7341,12.3681
06059,Ilci,Umbria,42.8385,12.4128
06059,Ponterio,Umbria,43.0717,12.7607
06059,Pontecuti,Umbria,42.7809,12.3753
06059,Montenero,Umbria,42.7181,12.4444
06059,Camerata,Umbria,42.7039,12.3814
06059,Montenero Di Todi,Umbria,42.7181,12.4444
06059,Pantalla,Umbria,42.8729,12.3986
06059,Canonica,Umbria,42.7833,12.35
06059,Collevalenza,Umbria,42.7463,12.4803
06059,Pian Di San Martino,Umbria,42.8025,12.3921
06059,Monticello,Umbria,42.796,12.4808
06060,Villastrada Umbra,Umbria,43.1349,12.1055
06060,Paciano,Umbria,43.0229,12.0679
06060,Lisciano Niccone,Umbria,43.2468,12.1431
06061,Petrignano Del Lago,Umbria,43.1527,11.9397
06061,Panicarola,Umbria,43.0693,12.086
06061,Macchie,Umbria,43.0605,12.0722
06061,Pozzuolo,Umbria,43.1216,11.956
06061,Villastrada,Umbria,43.0484,12.0092
06061,Sanfatucchio,Umbria,43.0767,12.0517
06061,Gioiella,Umbria,43.0929,11.9704
06061,Porto,Umbria,43.0698,11.942
06061,Castiglione Del Lago,Umbria,43.1246,12.0398
06062,Po Bandino,Umbria,43.0019,11.9712
06062,Moiano,Umbria,43.0145,12.0185
06062,Ponticelli Citta' Della Pieve,Umbria,42.9315,11.9747
06062,Salci,Umbria,42.8833,11.9833
06062,Ponticelli,Umbria,42.9315,11.9747
06062,Citta' Della Pieve,Umbria,42.9593,12.007
06063,Magione,Umbria,43.1418,12.2117
06063,Sant'Arcangelo,Umbria,43.0846,12.1591
06063,Sant'Arcangelo Di Magione,Umbria,43.0846,12.1591
06063,San Savino,Umbria,43.1079,12.1931
06063,Villa,Umbria,43.0454,12.3443
06063,Agello,Umbria,43.0706,12.2387
06063,Soccorso,Umbria,43.1394,12.2378
06063,San Feliciano,Umbria,43.1178,12.1669
06064,Panicale,Umbria,43.0283,12.0999
06065,Passignano Sul Trasimeno,Umbria,43.1904,12.1353
06065,Castel Rigone,Umbria,43.1983,12.2227
06066,Castiglion Fosco,Umbria,42.985,12.1674
06066,Piegaro,Umbria,42.966,12.0841
06066,Pietrafitta,Umbria,42.9911,12.213
06068,Tavernelle,Umbria,43.0033,12.1452
06069,Tuoro Sul Trasimeno,Umbria,43.2065,12.0746
06069,Borghetto Di Tuoro,Umbria,43.1867,12.0269
06069,Isola Maggiore,Umbria,43.1768,12.0896
06070,Ellera Umbra,Umbria,43.086,12.3108
06070,San Mariano,Umbria,43.0833,12.3
06070,Ellera,Umbria,43.0887,12.3216
06072,Compignano,Umbria,42.9482,12.2811
06072,Badiola,Umbria,43.0261,12.319
06072,Pieve Caina,Umbria,43.0022,12.2637
06072,Spina,Umbria,42.9853,12.2811
06072,Mercatello,Umbria,42.9692,12.2655
06072,Migliano,Umbria,42.9287,12.2337
06072,San Biagio Della Valle,Umbria,43.0205,12.2881
06072,Castiglione Della Valle,Umbria,43.02,12.2515
06073,Mantignana,Umbria,43.1599,12.2886
06073,Corciano,Umbria,43.1282,12.2868
06081,Torchiagina,Umbria,43.1196,12.5347
06081,Palazzo,Umbria,43.0971,12.5644
06081,Petrignano,Umbria,43.1027,12.5324
06081,Rivotorto,Umbria,43.0441,12.6207
06081,Tordandrea,Umbria,43.0359,12.5558
06081,Petrignano D'Assisi,Umbria,43.0665,12.5807
06081,Palazzo D'Assisi,Umbria,43.0665,12.5807
06081,Santa Maria Degli Angeli,Umbria,43.0569,12.575
06081,Assisi,Umbria,43.0667,12.6211
06081,Viole Di Assisi,Umbria,43.0665,12.5807
06081,Castelnuovo,Umbria,43.0294,12.5841
06081,Assisi Santuario,Umbria,43.0665,12.5807
06081,San Vitale,Umbria,43.0464,12.638
06081,Castelnuovo D'Assisi,Umbria,43.0665,12.5807
06083,Bastia,Umbria,43.0668,12.5119
06083,Costano,Umbria,43.0442,12.5341
06083,Ospedalicchio,Umbria,43.0781,12.5007
06083,Ospedalicchio Di Bastia Umbra,Umbria,43.0781,12.5007
06084,Bettona,Umbria,43.0112,12.487
06084,Passaggio Di Bettona,Umbria,43.0224,12.5078
06084,Passaggio,Umbria,43.0224,12.5078
06089,Brufa,Umbria,43.057,12.471
06089,Fornaci,Umbria,43.018,12.4195
06089,Ponte Nuovo,Umbria,43.0045,12.4283
06089,Torgiano,Umbria,43.0276,12.4402
06100,Perugia,Umbria,43.1122,12.3888
06121,Perugia,Umbria,43.1122,12.3888
06122,Perugia,Umbria,43.1122,12.3888
06123,Perugia,Umbria,43.1122,12.3888
06124,Perugia Stazione,Umbria,43.1122,12.3888
06124,Perugia,Umbria,43.1122,12.3888
06125,Perugia,Umbria,43.1122,12.3888
06126,Montebello,Umbria,43.1122,12.3888
06126,Montecorneo,Umbria,43.1122,12.3888
06126,Perugia,Umbria,43.1122,12.3888
06127,Perugia,Umbria,43.1122,12.3888
06127,Ferro Di Cavallo,Umbria,43.1053,12.3462
06128,Ponte Della Pietra,Umbria,43.1122,12.3888
06128,Perugia,Umbria,43.1122,12.3888
06129,Perugia,Umbria,43.1122,12.3888
06129,Prepo,Umbria,43.1122,12.3888
06130,Perugia,Umbria,43.1122,12.3888
06131,Perugia,Umbria,43.1122,12.3888
06131,San Marco,Umbria,43.1122,12.3888
06132,Perugia,Umbria,43.1122,12.3888
06132,San Sisto,Umbria,43.0858,12.3459
06133,Perugia,Umbria,43.1122,12.3888
06134,Perugia,Umbria,43.1122,12.3888
06135,Perugia,Umbria,43.1122,12.3888
05010,Montegabbione,Umbria,42.9197,12.0921
05010,Poggio Aquilone,Umbria,42.9091,12.2775
05010,San Venanzo,Umbria,42.8689,12.2685
05010,Ripalvella,Umbria,42.8473,12.3132
05010,San Vito In Monte,Umbria,42.9116,12.2307
05010,Pornello,Umbria,42.8875,12.1856
05010,Ospedaletto,Umbria,42.8343,12.2181
05010,Parrano,Umbria,42.8662,12.1103
05010,Porano,Umbria,42.681,12.1033
05010,Collelungo,Umbria,42.8663,12.3201
05011,Allerona,Umbria,42.8117,11.9745
05011,Stazione Di Allerona,Umbria,42.7855,12.0373
05011,Allerona Stazione,Umbria,42.7855,12.0373
05012,Attigliano,Umbria,42.515,12.2945
05013,Castel Giorgio,Umbria,42.707,11.9772
05014,Monterubiaglio,Umbria,42.7667,12.0167
05014,Castel Viscardo,Umbria,42.7536,12.0007
05014,Pianlungo,Umbria,42.7819,12.0357
05015,Fabro Scalo,Umbria,42.8761,12.0462
05015,Carnaiola,Umbria,42.8833,12.05
05015,Fabro,Umbria,42.8727,12.0154
05016,Ficulle,Umbria,42.8319,12.068
05016,Sala,Umbria,42.8031,12.0729
05017,Santa Maria,Umbria,42.8928,12.0379
05017,Monteleone D'Orvieto,Umbria,42.9217,12.0535
05018,Prodo,Umbria,42.7646,12.2347
05018,Orvieto Stazione,Umbria,42.6489,12.2337
05018,Orvieto,Umbria,42.7192,12.1125
05018,Sugano,Umbria,42.7104,12.0573
05018,Titignano,Umbria,42.7667,12.2833
05018,Ciconia,Umbria,42.7336,12.134
05018,Canale Nuovo,Umbria,42.6875,12.1322
05018,Gabelletta,Umbria,42.7151,12.0961
05018,Morrano Vecchio,Umbria,42.7779,12.1412
05018,Canale,Umbria,42.7237,12.153
05018,Canale Vecchio,Umbria,42.6897,12.1272
05018,Sferracavallo,Umbria,42.7263,12.0957
05018,Corbara,Umbria,42.7043,12.2265
05018,Morrano Nuovo,Umbria,42.7667,12.1333
05018,Morrano,Umbria,42.7237,12.153
05018,Orvieto Scalo,Umbria,42.7209,12.134
05020,Melezzole,Umbria,42.6695,12.3367
05020,Montecchio,Umbria,42.6623,12.288
05020,Tenaglie,Umbria,42.6485,12.2825
05020,Avigliano Umbro,Umbria,42.653,12.4257
05020,Sismano,Umbria,42.6874,12.4413
05020,Santa Restituta,Umbria,42.6444,12.3443
05020,Dunarobba,Umbria,42.6708,12.4507
05020,Lugnano In Teverina,Umbria,42.5759,12.3334
05020,Alviano,Umbria,42.5908,12.2977
05021,Acquasparta,Umbria,42.6892,12.5428
05021,Casigliano,Umbria,42.7134,12.5065
05021,Portaria,Umbria,42.6565,12.5661
05022,Porchiano,Umbria,42.5514,12.3537
05022,Porchiano Del Monte,Umbria,42.5521,12.4052
05022,Montecampano,Umbria,42.5165,12.4313
05022,Amelia,Umbria,42.5518,12.4208
05022,Fornole,Umbria,42.5422,12.4558
05022,Macchie,Umbria,42.5985,12.3647
05023,Civitella Del Lago,Umbria,42.7118,12.2824
05023,Baschi,Umbria,42.6732,12.2176
05023,Acqualoreto,Umbria,42.7281,12.3366
05023,Morre,Umbria,42.7093,12.3444
05024,Giove,Umbria,42.5099,12.3301
05025,Guardea,Umbria,42.6237,12.2993
05026,Collesecco,Umbria,42.5723,12.3241
05026,Montecastrilli,Umbria,42.6509,12.4881
05026,Quadrelli,Umbria,42.6469,12.5231
05026,Castel Dell'Aquila,Umbria,42.6359,12.4052
05026,Casteltodino,Umbria,42.6667,12.5
05026,Farnetta,Umbria,42.6483,12.4508
05028,Penna In Teverina,Umbria,42.4934,12.3585
05029,San Gemini,Umbria,42.6138,12.5453
05030,Fontechiaruccia,Umbria,42.5876,12.7618
05030,Poggio Di Otricoli,Umbria,42.4392,12.5467
05030,Polino,Umbria,42.5842,12.8444
05030,Montefranco,Umbria,42.5983,12.7638
05030,Otricoli,Umbria,42.4208,12.4774
05031,Arrone,Umbria,42.5827,12.7671
05031,Casteldilago,Umbria,42.5815,12.7549
05031,Buonacquisto,Umbria,42.5476,12.8086
05032,Santa Maria Della Neve,Umbria,42.3957,12.5542
05032,Calvi Dell'Umbria,Umbria,42.4042,12.5677
05034,Ferentillo,Umbria,42.6203,12.7873
05035,San Liberato,Umbria,42.4809,12.4414
05035,Narni,Umbria,42.5196,12.5276
05035,Stifone,Umbria,42.4966,12.4953
05035,Ponte San Lorenzo,Umbria,42.5357,12.5797
05035,Testaccio,Umbria,42.4975,12.5221
05035,Taizzano,Umbria,42.494,12.4987
05035,San Vito,Umbria,42.4402,12.4424
05035,Borgaria,Umbria,42.483,12.5044
05035,Vigne,Umbria,42.4661,12.5055
05035,Schifanoia,Umbria,42.4596,12.5162
05035,Narni Scalo,Umbria,42.5362,12.5168
05035,Itieli,Umbria,42.48,12.5681
05035,Vigne Di Narni,Umbria,42.4661,12.5055
05035,Gualdo,Umbria,42.4542,12.4769
05035,Sant'Urbano,Umbria,42.4654,12.5861
05035,Narni Stazione,Umbria,42.489,12.5059
05035,Nera Montoro,Umbria,42.489,12.5059
05035,Gualdo Di Narni,Umbria,42.4542,12.4769
05035,Montoro,Umbria,42.5071,12.467
05035,Borgaria Di Narni,Umbria,42.483,12.5044
05035,Capitone,Umbria,42.5713,12.4767
05039,Stroncone,Umbria,42.512,12.6477
05100,Cesi Di Terni,Umbria,42.6108,12.5845
05100,Piediluco,Umbria,42.5354,12.7608
05100,Marmore,Umbria,42.5483,12.7148
05100,Cesi,Umbria,42.6108,12.5845
05100,Miranda,Umbria,42.5337,12.6869
05100,Terni,Umbria,42.5633,12.6433
05100,Torreorsina,Umbria,42.5741,12.7347
05100,Gabelletta Di Cesi,Umbria,42.5833,12.6739
05100,Papigno,Umbria,42.5498,12.6911
05100,Cecalocco,Umbria,42.6112,12.713
05100,Giuncano Scalo,Umbria,42.6478,12.6377
05100,Collestatte Piano,Umbria,42.5833,12.6739
05100,Valenza,Umbria,42.5833,12.6739
05100,Giuncano,Umbria,42.6478,12.6377
05100,Battiferro,Umbria,42.6196,12.6976
05100,Rocca San Zenone,Umbria,42.5935,12.6787
05100,Collescipoli,Umbria,42.5333,12.6167
05100,Collestatte,Umbria,42.5703,12.7266
11010,Vieyes,Valle D'Aosta,45.6499,7.2536
11010,Plan D'Introd,Valle D'Aosta,45.692,7.1833
11010,Angelin,Valle D'Aosta,45.7282,7.2765
11010,Allein,Valle D'Aosta,45.8072,7.2726
11010,Ollomont,Valle D'Aosta,45.8498,7.3106
11010,Verrand,Valle D'Aosta,45.7814,6.9767
11010,Arensod,Valle D'Aosta,45.7282,7.2765
11010,Valgrisenche,Valle D'Aosta,45.6304,7.064
11010,La Cretaz,Valle D'Aosta,45.7452,7.3469
11010,Montan,Valle D'Aosta,45.7282,7.2765
11010,Introd,Valle D'Aosta,45.6931,7.1824
11010,Pre' Saint Didier,Valle D'Aosta,45.7642,6.9858
11010,Aymavilles,Valle D'Aosta,45.7013,7.2468
11010,Gignod,Valle D'Aosta,45.78,7.2964
11010,Bionaz,Valle D'Aosta,45.8736,7.4231
11010,Saint Maurice,Valle D'Aosta,45.7177,7.2555
11010,Roisan,Valle D'Aosta,45.784,7.3131
11010,Valpelline,Valle D'Aosta,45.8249,7.3255
11010,Doues,Valle D'Aosta,45.8192,7.306
11010,Rhemes Notre Dame,Valle D'Aosta,45.7459,7.2362
11010,Saint Rhemy En Bosses,Valle D'Aosta,45.7459,7.2362
11010,Saint Pierre,Valle D'Aosta,45.7459,7.2362
11010,Chesallet,Valle D'Aosta,45.7459,7.2362
11010,Saint Nicolas,Valle D'Aosta,45.7459,7.2362
11010,Chesallet Sarre,Valle D'Aosta,45.7459,7.2362
11010,Sarre,Valle D'Aosta,45.7459,7.2362
11010,Rhemes Saint Georges,Valle D'Aosta,45.7459,7.2362
11010,Oyace,Valle D'Aosta,45.8512,7.383
11010,Runaz,Valle D'Aosta,45.7061,7.1285
11010,Valsavarenche,Valle D'Aosta,45.5919,7.21
11010,Bosses,Valle D'Aosta,45.7459,7.2362
11010,Avise,Valle D'Aosta,45.7089,7.1399
11011,Planaval,Valle D'Aosta,45.673,7.0796
11011,Leverogne,Valle D'Aosta,45.7,7.15
11011,Arvier,Valle D'Aosta,45.702,7.1627
11012,Cogne,Valle D'Aosta,45.6074,7.358
11012,Gimillian,Valle D'Aosta,45.6181,7.3416
11012,Epinel,Valle D'Aosta,45.6289,7.3252
11013,Dolonne,Valle D'Aosta,45.7833,6.95
11013,Courmayeur,Valle D'Aosta,45.7966,6.9689
11013,La Saxe,Valle D'Aosta,45.8,6.9667
11013,Entreves,Valle D'Aosta,45.8165,6.9609
11014,Saint Oyen,Valle D'Aosta,45.8244,7.2137
11014,Etroubles,Valle D'Aosta,45.8208,7.2314
11015,La Salle,Valle D'Aosta,45.745,7.073
11015,Derby,Valle D'Aosta,45.7275,7.0882
11016,La Thuile,Valle D'Aosta,45.7137,6.951
11017,Morgex,Valle D'Aosta,45.7566,7.0412
11018,Villeneuve,Valle D'Aosta,45.702,7.2068
11020,Mongnod,Valle D'Aosta,45.8055,7.5681
11020,Ville,Valle D'Aosta,45.7235,7.577
11020,Challand Saint Victor,Valle D'Aosta,45.7235,7.577
11020,Lignod,Valle D'Aosta,45.8045,7.6842
11020,Jovencan,Valle D'Aosta,45.7149,7.2726
11020,Blavy,Valle D'Aosta,45.7553,7.4668
11020,Gressoney La Trinite',Valle D'Aosta,45.7235,7.577
11020,Antey Saint Andre',Valle D'Aosta,45.7235,7.577
11020,Pontboset,Valle D'Aosta,45.7235,7.577
11020,Saint Barthelemy,Valle D'Aosta,45.7235,7.577
11020,Grand Villa Cravon,Valle D'Aosta,45.7235,7.577
11020,Challand Saint Anselme,Valle D'Aosta,45.7235,7.577
11020,Peroulaz,Valle D'Aosta,45.7235,7.577
11020,Saint Christophe,Valle D'Aosta,45.7235,7.577
11020,Periasc,Valle D'Aosta,45.8076,7.694
11020,Charvensod,Valle D'Aosta,45.7203,7.3243
11020,Nus,Valle D'Aosta,45.7403,7.4666
11020,La Magdeleine,Valle D'Aosta,45.81,7.6187
11020,Arnad,Valle D'Aosta,45.6473,7.717
11020,Barme,Valle D'Aosta,45.6606,7.8601
11020,Brissogne,Valle D'Aosta,45.7257,7.3926
11020,Verrayes,Valle D'Aosta,45.7633,7.5346
11020,Chef Lieu,Valle D'Aosta,45.7509,7.3537
11020,Gaby,Valle D'Aosta,45.713,7.8822
11020,Ayas,Valle D'Aosta,45.8151,7.6891
11020,Saint Marcel,Valle D'Aosta,45.7315,7.4482
11020,La Place,Valle D'Aosta,45.6541,7.6841
11020,Hone,Valle D'Aosta,45.6136,7.7385
11020,Grand Vert,Valle D'Aosta,45.595,7.7729
11020,Gressan,Valle D'Aosta,45.7205,7.2931
11020,Fontainemore,Valle D'Aosta,45.6475,7.8595
11020,Plan Felinaz,Valle D'Aosta,45.7274,7.3344
11020,Issime,Valle D'Aosta,45.6855,7.8541
11020,Vert,Valle D'Aosta,45.595,7.7729
11020,Buisson,Valle D'Aosta,45.8317,7.6005
11020,Bard,Valle D'Aosta,45.6094,7.7449
11020,Villefranche,Valle D'Aosta,45.7406,7.416
11020,Champorcher,Valle D'Aosta,45.6238,7.6215
11020,Pont Suaz,Valle D'Aosta,45.7269,7.3187
11020,Quart,Valle D'Aosta,45.741,7.4152
11020,Pollein,Valle D'Aosta,45.7278,7.3515
11020,Blavy Nus,Valle D'Aosta,45.7553,7.4668
11020,Champdepraz,Valle D'Aosta,45.6853,7.6568
11020,Etabloz,Valle D'Aosta,45.7315,7.4143
11020,Champoluc,Valle D'Aosta,45.8333,7.7333
11020,Fiernaz,Valle D'Aosta,45.8231,7.5912
11020,Villair,Valle D'Aosta,45.7338,7.0794
11020,Montjovet,Valle D'Aosta,45.708,7.6741
11020,Neyran,Valle D'Aosta,45.7315,7.4143
11020,Perloz,Valle D'Aosta,45.6139,7.8081
11020,Torgnon,Valle D'Aosta,45.8062,7.5698
11020,Chez Croiset,Valle D'Aosta,45.7347,7.4954
11020,Ville Sur Nus,Valle D'Aosta,45.7605,7.4508
11020,Fenis,Valle D'Aosta,45.7347,7.4954
11020,Issogne,Valle D'Aosta,45.655,7.6857
11020,Chamois,Valle D'Aosta,45.8389,7.6187
11020,Lillianes,Valle D'Aosta,45.6295,7.8413
11020,Emarese,Valle D'Aosta,45.7249,7.6898
11020,Antagnod,Valle D'Aosta,45.8148,7.6893
11020,Donnas,Valle D'Aosta,45.6029,7.7749
11020,Grand Villa,Valle D'Aosta,45.7771,7.5286
11021,Breuil,Valle D'Aosta,45.9333,7.6333
11021,Breuil Cervinia,Valle D'Aosta,45.9336,7.6326
11021,Cervinia,Valle D'Aosta,45.9339,7.6318
11022,Extrepieraz,Valle D'Aosta,45.7804,7.6999
11022,Arcesaz,Valle D'Aosta,45.7392,7.7466
11022,Brusson,Valle D'Aosta,45.7593,7.729
11023,Chambave,Valle D'Aosta,45.7443,7.5493
11023,Saint Denis,Valle D'Aosta,45.7443,7.5493
11024,Lassolaz,Valle D'Aosta,45.7385,7.5888
11024,Ussel,Valle D'Aosta,45.7383,7.6285
11024,Chatillon,Valle D'Aosta,45.7499,7.6167
11024,Pontey,Valle D'Aosta,45.7389,7.5883
11025,Gressoney Saint Jean,Valle D'Aosta,45.7364,7.5927
11026,Pont Saint Martin,Valle D'Aosta,45.7364,7.5927
11027,Saint Vincent,Valle D'Aosta,45.7517,7.6663
11027,Moron,Valle D'Aosta,45.7517,7.6663
11028,Valtournenche,Valle D'Aosta,45.8761,7.6243
11028,Paquier,Valle D'Aosta,45.8788,7.6257
11029,Glair,Valle D'Aosta,45.6754,7.6728
11029,Verres,Valle D'Aosta,45.6666,7.6891
11100,Roisan,Valle D'Aosta,45.784,7.3131
11100,Signayes,Valle D'Aosta,45.7586,7.3128
11100,Excenex,Valle D'Aosta,45.7613,7.3001
11100,Arpuilles,Valle D'Aosta,45.7542,7.3063
11100,Aosta,Valle D'Aosta,45.7376,7.3172
11100,Porossan,Valle D'Aosta,45.7557,7.3271
32010,Zoldo Alto,Veneto,46.3754,12.1272
32010,Tambre,Veneto,46.1263,12.4194
32010,Termine,Veneto,46.3026,12.3206
32010,Lamosano,Veneto,46.1728,12.3869
32010,Pecol,Veneto,46.387,11.9798
32010,Mareson,Veneto,46.3904,12.1097
32010,Termine Di Cadore,Veneto,46.3026,12.3206
32010,Garna,Veneto,46.1544,12.3758
32010,Tignes,Veneto,46.1577,12.3425
32010,Podenzoi,Veneto,46.2812,12.2958
32010,Perarolo Di Cadore,Veneto,46.3938,12.3564
32010,Soverzene,Veneto,46.2033,12.303
32010,Pieve D'Alpago,Veneto,46.1666,12.3534
32010,Codissago,Veneto,46.276,12.3109
32010,Ospitale Di Cadore,Veneto,46.3281,12.3226
32010,Castello Lavazzo,Veneto,46.2848,12.3061
32010,Chies D'Alpago,Veneto,46.1654,12.3925
32010,Zoppe' Di Cadore,Veneto,46.3858,12.1737
32012,Dont,Veneto,46.3548,12.1437
32012,Dont Di Zoldo,Veneto,46.3548,12.1437
32012,Dozza Di Zoldo,Veneto,46.3532,12.1555
32012,Forno Di Zoldo,Veneto,46.3501,12.1791
32013,Igne,Veneto,46.2651,12.2775
32013,Fortogna,Veneto,46.2302,12.2895
32013,Longarone,Veneto,46.2658,12.2999
32014,Paiane,Veneto,46.1812,12.31
32014,Col Di Cugnan,Veneto,46.1744,12.3009
32014,Casan,Veneto,46.1812,12.31
32014,Polpet,Veneto,46.1883,12.2783
32014,Soccher,Veneto,46.1812,12.31
32014,Ponte Nelle Alpi,Veneto,46.1808,12.2833
32014,Cadola,Veneto,46.173,12.2965
32014,La Secca,Veneto,46.1347,12.3177
32015,Puos D'Alpago,Veneto,46.1415,12.3618
32015,Cornei,Veneto,46.141,12.381
32016,Farra D'Alpago,Veneto,46.1208,12.3588
32016,Santa Croce,Veneto,46.092,12.3308
32016,Santa Croce Del Lago,Veneto,46.092,12.3308
32016,Spert,Veneto,46.1133,12.402
32020,Gosaldo,Veneto,46.2214,11.9557
32020,Pie' Falcade,Veneto,46.3566,11.8721
32020,Colle Santa Lucia,Veneto,46.4485,12.014
32020,Voltago Agordino,Veneto,46.2714,12.0057
32020,La Valle Agordina,Veneto,46.282,12.0684
32020,Cencenighe Agordino,Veneto,46.3518,11.9682
32020,Avoscan,Veneto,46.383,11.9891
32020,Canale D'Agordo,Veneto,46.3569,11.9143
32020,Caviola,Veneto,46.3643,11.8964
32020,San Tomaso Agordino,Veneto,46.2832,11.9893
32020,Dussoi,Veneto,46.0978,12.1817
32020,Vallada Agordina,Veneto,46.3644,11.934
32020,Falcade,Veneto,46.3555,11.8571
32020,Limana,Veneto,46.1004,12.1855
32020,Arabba,Veneto,46.4976,11.8748
32020,Frassene',Veneto,46.2531,11.9833
32020,Tiser,Veneto,46.2276,12.0023
32020,Villapiana,Veneto,46.0361,12.0012
32020,Rivamonte Agordino,Veneto,46.2523,12.023
32020,Selva Di Cadore,Veneto,46.4503,12.0569
32020,Livinallongo Del Col Di Lana,Veneto,46.4816,11.954
32020,Ronchena,Veneto,46.0333,12.0069
32021,Agordo,Veneto,46.282,12.0361
32022,Alleghe,Veneto,46.4072,12.0234
32022,Caprile,Veneto,46.4378,11.9944
32023,Rocca Pietore,Veneto,46.4339,11.9768
32023,Laste Di Rocca Pietore,Veneto,46.4339,11.9768
32023,Santa Maria Delle Grazie,Veneto,46.4339,11.9768
32026,Lentiai,Veneto,46.045,12.0205
32026,Villa Di Villa,Veneto,46.0424,12.0635
32026,Mel,Veneto,46.0638,12.09
32026,Trichiana,Veneto,46.0813,12.1409
32027,Taibon Agordino,Veneto,46.2984,12.0131
32028,Sant'Antonio Tortal,Veneto,46.0405,12.163
32030,Sorriva,Veneto,46.049,11.7708
32030,Paderno,Veneto,46.1175,12.0572
32030,Soranzen,Veneto,46.0735,11.9493
32030,Mellame,Veneto,45.9908,11.7468
32030,Sovramonte,Veneto,46.0586,11.7866
32030,Arsie',Veneto,45.9821,11.7579
32030,Seren Del Grappa,Veneto,45.9959,11.8562
32030,Busche,Veneto,46.0409,11.9854
32030,Fastro,Veneto,46.0367,11.8694
32030,Rocca D'Arsie',Veneto,46.0367,11.8694
32030,Arten,Veneto,46.0078,11.8286
32030,Fonzaso,Veneto,46.0164,11.799
32030,Cesiomaggiore,Veneto,46.0867,11.9854
32030,San Gregorio Nelle Alpi,Veneto,46.1039,12.0267
32030,Rocca,Veneto,45.9544,11.7519
32031,Alano Di Piave,Veneto,45.9068,11.9084
32031,Fener,Veneto,45.9,11.9333
32031,Colmirano,Veneto,45.9063,11.9376
32032,Mugnai,Veneto,46.0167,11.8667
32032,Foen,Veneto,46.041,11.9097
32032,Feltre,Veneto,46.0209,11.9003
32032,Umin,Veneto,46.0567,11.927
32032,Tomo,Veneto,46.0042,11.8939
32032,Villabruna,Veneto,46.0567,11.927
32032,Anzu',Veneto,46.0089,11.933
32032,Villapaiera,Veneto,46.0204,11.9569
32033,Arina,Veneto,46.0333,11.7238
32033,Lamon,Veneto,46.0472,11.7499
32034,Norcen,Veneto,46.05,11.8667
32034,Pedavena,Veneto,46.0395,11.8831
32034,Travagola,Veneto,46.0292,11.863
32034,Facen,Veneto,46.0292,11.863
32035,Meano,Veneto,46.1037,12.0619
32035,Santa Giustina,Veneto,46.0812,12.0382
32035,Formegan,Veneto,46.0836,12.0117
32036,Sedico,Veneto,46.1056,12.0933
32036,Roe Alte,Veneto,46.1342,12.1183
32036,Mas,Veneto,46.1519,12.1296
32036,Bribano,Veneto,46.0986,12.0892
32037,Mis,Veneto,46.1541,12.0868
32037,Sospirolo,Veneto,46.1413,12.0737
32038,Vas,Veneto,45.938,11.9358
32038,Quero,Veneto,45.9209,11.9315
32038,Quero Vas,Veneto,45.9295,11.9336
32040,Borca Di Cadore,Veneto,46.5073,12.4464
32040,San Nicolo' Di Comelico,Veneto,46.5073,12.4464
32040,Casamazzagno,Veneto,46.5073,12.4464
32040,Villaggio Turistico Di Borca Di Cadore,Veneto,46.5073,12.4464
32040,Venas,Veneto,46.4101,12.2982
32040,Laggio Di Cadore,Veneto,46.4963,12.4805
32040,Padola,Veneto,46.6034,12.4793
32040,Villapiccola,Veneto,46.55,12.45
32040,Vallesella,Veneto,46.5073,12.4464
32040,Lorenzago Di Cadore,Veneto,46.4795,12.4598
32040,Valle Di Cadore,Veneto,46.4181,12.3343
32040,Candide,Veneto,46.5891,12.5148
32040,Comelico Superiore,Veneto,46.5891,12.5148
32040,Pelos,Veneto,46.4894,12.4599
32040,Vodo Cadore,Veneto,46.4192,12.2456
32040,Vigo Di Cadore,Veneto,46.499,12.4711
32040,Danta Di Cadore,Veneto,46.567,12.5206
32040,Domegge Di Cadore,Veneto,46.4567,12.4072
32040,Masarie',Veneto,46.3963,12.2943
32040,San Pietro Di Cadore,Veneto,46.5719,12.5869
32040,Lozzo Di Cadore,Veneto,46.4864,12.4449
32040,Pelos Di Cadore,Veneto,46.4894,12.4599
32040,Dosoledo,Veneto,46.5994,12.4917
32040,Cibiana Di Cadore,Veneto,46.3886,12.2866
32040,Presenaio,Veneto,46.5748,12.6003
32040,Costalta,Veneto,46.5802,12.574
32041,Reane,Veneto,46.5631,12.4256
32041,Auronzo Di Cadore,Veneto,46.5738,12.3465
32041,Giralba,Veneto,46.5772,12.3611
32041,Misurina,Veneto,46.5811,12.2527
32042,Calalzo Di Cadore,Veneto,46.4464,12.3818
32043,Verocai,Veneto,46.522,12.1484
32043,Acquabona,Veneto,46.5056,12.1578
32043,Cortina D'Ampezzo,Veneto,46.5369,12.139
32043,Zuel,Veneto,46.5236,12.1483
32044,Pozzale,Veneto,46.4365,12.3651
32044,Sottocastello,Veneto,46.4306,12.3646
32044,Tai Di Cadore,Veneto,46.4306,12.3646
32044,Pieve Di Cadore,Veneto,46.4247,12.3642
32045,Campolongo Di Cadore,Veneto,46.5645,12.581
32045,Costalissoio,Veneto,46.5718,12.5475
32045,Santo Stefano Di Cadore,Veneto,46.5583,12.5496
32046,Chiapuzza,Veneto,46.4736,12.2011
32046,San Vito Di Cadore,Veneto,46.4736,12.2011
32047,Sappada,Veneto,46.5666,12.6842
32047,Granvilla,Veneto,46.5676,12.6893
32100,Bolzano Di Belluno,Veneto,46.1629,12.1873
32100,Castion,Veneto,46.1215,12.2351
32100,Belluno,Veneto,46.1426,12.2156
32100,Caleipo,Veneto,46.1236,12.2539
32100,Sossai,Veneto,46.1236,12.2539
32100,Tisoi,Veneto,46.1637,12.1691
32100,Levego,Veneto,46.1568,12.2649
32100,Sois,Veneto,46.1339,12.1644
32100,Antole,Veneto,46.1395,12.16
32100,Salce,Veneto,46.1222,12.1658
32100,Bes,Veneto,46.1235,12.152
32100,Fiammoi,Veneto,46.1386,12.2059
32100,Visome,Veneto,46.115,12.2007
32100,Safforze,Veneto,46.1728,12.2544
35010,San Michele Delle Badesse,Veneto,45.5352,11.9411
35010,Villanova Di Camposampiero,Veneto,45.5293,11.8762
35010,Fossalta,Veneto,45.5756,12.0032
35010,Tavo,Veneto,45.5007,11.8608
35010,San Giorgio In Bosco,Veneto,45.5886,11.8074
35010,Cadoneghe,Veneto,45.4428,11.9275
35010,Terraglione,Veneto,45.4841,11.8966
35010,Massanzago,Veneto,45.5293,11.8762
35010,Loreggia,Veneto,45.5973,11.9477
35010,Mejaniga,Veneto,45.4577,11.9064
35010,Pionca,Veneto,45.4659,11.9623
35010,Campo San Martino,Veneto,45.5487,11.8281
35010,Abbazia Pisani,Veneto,45.6127,11.8543
35010,Silvelle,Veneto,45.5293,11.8762
35010,Carmignano Di Brenta,Veneto,45.6258,11.706
35010,Villa Del Conte,Veneto,45.5847,11.8594
35010,Sant'Ambrogio,Veneto,45.6061,12.0786
35010,Cavino,Veneto,45.5171,11.8847
35010,San Giorgio Delle Pertiche,Veneto,45.541,11.894
35010,Campodoro,Veneto,45.4895,11.7527
35010,Vigodarzere,Veneto,45.4575,11.8855
35010,Santa Maria Di Non,Veneto,45.5132,11.8536
35010,Saletto Di Vigodarzere,Veneto,45.474,11.8604
35010,Ca' Baglioni,Veneto,45.55,12
35010,Fratte,Veneto,45.5833,11.9
35010,Ponterotto,Veneto,45.4526,11.8283
35010,Curtarolo,Veneto,45.5237,11.8369
35010,Villanova,Veneto,45.4889,11.9747
35010,Santa Giustina In Colle,Veneto,45.5751,11.9004
35010,Borgoricco,Veneto,45.5352,11.9411
35010,Grantorto,Veneto,45.6027,11.7317
35010,Taggi',Veneto,45.4607,11.8187
35010,Arsego,Veneto,45.5333,11.8667
35010,Pieve,Veneto,45.5392,11.8293
35010,Marsango,Veneto,45.5472,11.8336
35010,Camazzole,Veneto,45.6467,11.6987
35010,Loreggiola,Veneto,45.6089,11.919
35010,Gazzo,Veneto,45.5824,11.7072
35010,Pieve Di Curtarolo,Veneto,45.5392,11.8293
35010,Trebaseleghe,Veneto,45.5929,12.0439
35010,Fossalta Di Trebaseleghe,Veneto,45.5756,12.0032
35010,Vigonza,Veneto,45.4348,11.9747
35010,Villafranca Padovana,Veneto,45.4919,11.7935
35010,Perarolo,Veneto,45.4335,11.9608
35010,San Pietro In Gu,Veneto,45.6088,11.6736
35010,Codiverno,Veneto,45.4758,11.9456
35010,Limena,Veneto,45.4695,11.8457
35010,Ronchi Di Campanile,Veneto,45.4579,11.7748
35010,San Vito,Veneto,45.4188,11.9621
35011,Campodarsego,Veneto,45.4981,11.9219
35011,Sant'Andrea Di Campodarsego,Veneto,45.4981,11.9219
35012,Camposampiero,Veneto,45.5637,11.9353
35012,Rustega,Veneto,45.5692,11.9762
35013,Santa Croce Bigolina,Veneto,45.6657,11.7185
35013,Laghi,Veneto,45.6672,11.742
35013,Cittadella,Veneto,45.6452,11.7845
35014,Fontaniva,Veneto,45.6352,11.7538
35015,Galliera Veneta,Veneto,45.6675,11.8222
35016,Tremignon,Veneto,45.5208,11.8058
35016,Vaccarino,Veneto,45.5076,11.8256
35016,Piazzola Sul Brenta,Veneto,45.5385,11.7844
35016,Presina,Veneto,45.5609,11.752
35017,Ronchi,Veneto,45.5222,11.9811
35017,Levada,Veneto,45.6245,12.0569
35017,Torreselle,Veneto,45.6303,12.0225
35017,Piombino Dese,Veneto,45.6096,11.9942
35018,San Martino Di Lupari,Veneto,45.6513,11.86
35019,Tombolo,Veneto,45.6392,11.8244
35019,Onara,Veneto,45.6167,11.8167
35020,Albignasego,Veneto,45.3471,11.8678
35020,Vallonga,Veneto,45.2725,12.0786
35020,Arzergrande,Veneto,45.2728,12.0484
35020,Arzercavalli,Veneto,45.2444,11.9392
35020,Carrara San Giorgio,Veneto,45.2926,11.8184
35020,Conche,Veneto,45.2375,12.1695
35020,Conche Di Codevigo,Veneto,45.2375,12.1695
35020,San Pietro Viminario,Veneto,45.245,11.8205
35020,Campagnola,Veneto,45.2787,11.999
35020,Pozzonovo,Veneto,45.1963,11.7917
35020,Terradura,Veneto,45.3229,11.8243
35020,Correzzola,Veneto,45.2355,12.0674
35020,Casone,Veneto,45.3185,12.0934
35020,Cive',Veneto,45.2082,12.1494
35020,Polverara,Veneto,45.3094,11.9547
35020,Legnaro,Veneto,45.3424,11.9648
35020,Arre,Veneto,45.2175,11.9286
35020,Casalserugo,Veneto,45.3155,11.9123
35020,Candiana,Veneto,45.2218,11.9926
35020,Brugine,Veneto,45.297,11.992
35020,Masera' Di Padova,Veneto,45.3183,11.8654
35020,Pernumia,Veneto,45.259,11.7872
35020,Codevigo,Veneto,45.2663,12.0996
35020,Due Carrare,Veneto,45.2915,11.824
35020,Tribano,Veneto,45.2091,11.8364
35020,Bertipaglia,Veneto,45.3159,11.8855
35020,Sant'Angelo Di Piove Di Sacco,Veneto,45.3174,12.0094
35020,Vigorovea,Veneto,45.2993,11.9378
35020,Mandriola,Veneto,45.3693,11.851
35020,Terrassa Padovana,Veneto,45.2441,11.9027
35020,Carrara Santo Stefano,Veneto,45.2853,11.8256
35020,Villatora,Veneto,45.3877,11.9674
35020,Saonara,Veneto,45.3653,11.9848
35020,Ponte San Nicolo',Veneto,45.3672,11.9234
35020,Sant'Agostino,Veneto,45.3693,11.851
35020,Roncaglia,Veneto,45.3493,11.8077
35021,Agna,Veneto,45.1705,11.9563
35022,Borgoforte,Veneto,45.1464,11.9422
35022,Anguillara Veneta,Veneto,45.1425,11.8846
35023,San Siro,Veneto,45.1819,11.9196
35023,Bagnoli Di Sopra,Veneto,45.1867,11.8843
35023,Le Casette,Veneto,45.1764,11.9289
35024,Bovolenta,Veneto,45.2689,11.9358
35025,Cartura,Veneto,45.2684,11.8568
35025,Cagnola,Veneto,45.2823,11.8683
35026,Conselve,Veneto,45.2315,11.875
35027,Oltre Brenta,Veneto,45.4121,11.998
35027,Noventa Padovana,Veneto,45.4121,11.998
35028,Corte,Veneto,45.3084,12.0717
35028,Piovega,Veneto,45.3175,12.02
35028,Piove Di Sacco,Veneto,45.2966,12.0368
35028,Arzerello,Veneto,45.2738,12.0254
35029,Pontelongo,Veneto,45.2459,12.0258
35030,Vo',Veneto,45.3283,11.6415
35030,Rovolon,Veneto,45.3667,11.6625
35030,Valsanzibio,Veneto,45.2935,11.7235
35030,Feriole,Veneto,45.3752,11.7537
35030,Cervarese Santa Croce,Veneto,45.4244,11.6879
35030,Vo' Vecchio,Veneto,45.327,11.6195
35030,Tencarola,Veneto,45.3949,11.8092
35030,Bastia,Veneto,45.3861,11.652
35030,Bastia Di Rovolon,Veneto,45.3861,11.652
35030,Sarmeola,Veneto,45.424,11.8167
35030,Rivadolmo,Veneto,45.249,11.6444
35030,Cinto Euganeo,Veneto,45.275,11.6606
35030,Villaguattera,Veneto,45.4441,11.8177
35030,Baone,Veneto,45.2417,11.6846
35030,Veggiano,Veneto,45.4472,11.7128
35030,Fossona,Veneto,45.3709,11.7278
35030,Galzignano Terme,Veneto,45.3709,11.7278
35030,Galzignano,Veneto,45.308,11.7313
35030,Rubano,Veneto,45.4251,11.7915
35030,Saccolongo,Veneto,45.4015,11.7486
35030,Caselle Di Selvazzano Dentro,Veneto,45.4113,11.8166
35030,Caselle,Veneto,45.4113,11.8166
35030,Bosco,Veneto,45.4434,11.7953
35030,Selvazzano Dentro,Veneto,45.3876,11.7923
35030,Montemerlo,Veneto,45.3803,11.7081
35031,Abano Terme,Veneto,45.3575,11.7872
35031,Monteortone,Veneto,45.3575,11.7872
35032,Arqua' Petrarca,Veneto,45.2691,11.7205
35034,Lanzetta,Veneto,45.3136,11.6034
35034,Lozzo Atestino,Veneto,45.2938,11.605
35035,Mestrino,Veneto,45.4414,11.7593
35035,Arlesega,Veneto,45.4613,11.7194
35036,Montegrotto Terme,Veneto,45.3312,11.7863
35037,Teolo,Veneto,45.345,11.6729
35037,Treponti,Veneto,45.3673,11.7091
35037,Villa,Veneto,45.3536,11.6873
35037,Villa Di Teolo,Veneto,45.3536,11.6873
35037,San Biagio,Veneto,45.3752,11.7371
35037,Bresseo,Veneto,45.3589,11.6987
35038,Torreglia,Veneto,45.3362,11.7361
35040,Carmignano,Veneto,45.1513,11.6481
35040,Ca' Morosini,Veneto,45.1127,11.6189
35040,Megliadino San Fidenzio,Veneto,45.2174,11.516
35040,Masi,Veneto,45.1089,11.4892
35040,Boara Pisani,Veneto,45.1081,11.7827
35040,Vighizzolo D'Este,Veneto,45.1763,11.6247
35040,Piacenza D'Adige,Veneto,45.1275,11.5433
35040,Valli Mocenighe,Veneto,45.1611,11.5674
35040,Villa Estense,Veneto,45.1746,11.6702
35040,Granze,Veneto,45.1565,11.7147
35040,Casale Di Scodosia,Veneto,45.1922,11.4744
35040,Barbona,Veneto,45.1034,11.7049
35040,Ponso,Veneto,45.1823,11.5793
35040,Sant'Elena,Veneto,45.1874,11.7117
35040,San Fidenzio,Veneto,45.2162,11.518
35040,Urbana,Veneto,45.1928,11.4449
35040,Bresega,Veneto,45.2076,11.5832
35040,Colombare,Veneto,45.1212,11.5102
35040,Valli Moceniche,Veneto,45.162,11.5865
35040,Merlara,Veneto,45.167,11.445
35040,Megliadino San Vitale,Veneto,45.1958,11.524
35040,Castelbaldo,Veneto,45.1223,11.4552
35040,Carceri,Veneto,45.1951,11.6211
35040,Vescovana,Veneto,45.1342,11.7126
35040,Sant'Urbano,Veneto,45.1271,11.6461
35040,Santa Margherita D'Adige,Veneto,45.2121,11.5576
35041,Battaglia Terme,Veneto,45.2853,11.7838
35042,Deserto,Veneto,45.2014,11.69
35042,Este,Veneto,45.2234,11.6638
35042,Pilastro,Veneto,45.3493,11.8077
35043,Costa Calcinara,Veneto,45.2313,11.7709
35043,Monselice,Veneto,45.239,11.7498
35043,San Cosma,Veneto,45.2236,11.7919
35044,Montagnana,Veneto,45.2323,11.4648
35045,Ospedaletto Euganeo,Veneto,45.2184,11.6035
35046,Saletto,Veneto,45.2289,11.5378
35047,Solesino,Veneto,45.1792,11.7465
35048,Pisana,Veneto,45.1708,11.7537
35048,Ponte Gorzone,Veneto,45.1438,11.7617
35048,Stanghella,Veneto,45.1351,11.7574
35100,Padova,Veneto,45.408,11.8859
35121,Padova,Veneto,45.408,11.8859
35122,Padova,Veneto,45.408,11.8859
35123,Padova,Veneto,45.408,11.8859
35124,Salboro,Veneto,45.408,11.8859
35124,Padova,Veneto,45.408,11.8859
35125,Guizza,Veneto,45.3493,11.8077
35125,Padova,Veneto,45.408,11.8859
35126,Padova,Veneto,45.408,11.8859
35127,Terranegra,Veneto,45.404,11.9179
35127,Camin,Veneto,45.4,11.95
35127,Padova,Veneto,45.408,11.8859
35128,Padova,Veneto,45.408,11.8859
35129,Mortise,Veneto,45.4123,11.9096
35129,Padova,Veneto,45.408,11.8859
35129,Ponte Di Brenta,Veneto,45.4167,11.9333
35130,Padova,Veneto,45.408,11.8859
35131,Padova,Veneto,45.408,11.8859
35132,Padova,Veneto,45.408,11.8859
35133,Padova,Veneto,45.408,11.8859
35134,Padova,Veneto,45.408,11.8859
35135,Padova,Veneto,45.408,11.8859
35136,Padova,Veneto,45.408,11.8859
35137,Padova,Veneto,45.408,11.8859
35138,Padova,Veneto,45.408,11.8859
35138,Monta',Veneto,45.408,11.8859
35139,Padova,Veneto,45.408,11.8859
35140,Padova,Veneto,45.408,11.8859
35141,Padova,Veneto,45.408,11.8859
35142,Padova,Veneto,45.408,11.8859
35142,Mandria,Veneto,45.1667,11.6667
35143,Padova,Veneto,45.408,11.8859
35143,Brusegana,Veneto,45.408,11.8859
45010,Papozze,Veneto,44.9833,12.1667
45010,Gavello,Veneto,45.0247,11.9137
45010,Lama Polesine,Veneto,45.0565,12.0192
45010,Lama Pezzoli,Veneto,45.0436,11.9094
45010,Ceregnano,Veneto,45.0481,11.8679
45010,Braglia,Veneto,44.9845,12.0338
45010,Pettorazza Grimani,Veneto,45.1359,11.9878
45010,Villadose,Veneto,45.0722,11.899
45010,Rosolina Mare,Veneto,45.1319,12.3232
45010,Rosolina,Veneto,45.0767,12.2298
45010,Canale,Veneto,45.0638,11.8603
45011,Passetto,Veneto,45.1015,12.0596
45011,Bellombra,Veneto,45.0108,12.0344
45011,Fasana Polesine,Veneto,45.0967,12.0145
45011,Fasana,Veneto,45.0967,12.0145
45011,Piantamelon,Veneto,45.048,12.0866
45011,Adria,Veneto,45.0544,12.056
45011,Cavedon,Veneto,45.0581,11.8129
45011,Baricetta,Veneto,45.0579,11.9976
45011,Bottrighe,Veneto,45.0255,12.0824
45011,Cavanella Po,Veneto,45.0314,12.1552
45011,Ca' Emo,Veneto,45.0852,11.9746
45011,Valliera,Veneto,45.0564,12.1817
45012,Grillara,Veneto,44.9817,12.1914
45012,Riva',Veneto,44.9308,12.2281
45012,Santa Maria In Punta,Veneto,44.9746,12.0732
45012,Piano,Veneto,44.9769,12.2117
45012,Ariano Nel Polesine,Veneto,44.9594,12.1676
45012,San Basilio,Veneto,44.9462,12.177
45012,Ariano,Veneto,44.946,12.1245
45012,Crociara,Veneto,44.9594,12.1676
45014,Porto Viro,Veneto,45.0222,12.2108
45014,Donada,Veneto,45.0406,12.2169
45014,Contarina,Veneto,45.0278,12.2286
45014,Villaregia,Veneto,44.958,12.3013
45015,Corbola,Veneto,45.0027,12.0857
45017,Loreo,Veneto,45.0621,12.1881
45018,Tolle,Veneto,44.9544,12.411
45018,Ca' Tiepolo,Veneto,44.9486,12.3392
45018,Gnocca,Veneto,44.8872,12.3358
45018,Donzella,Veneto,44.9305,12.3312
45018,Bonelli,Veneto,44.8691,12.4624
45018,Scardovari,Veneto,44.8977,12.4546
45018,Porto Tolle,Veneto,44.9497,12.3245
45018,Ca' Zuliani,Veneto,44.9592,12.4245
45018,Ivica,Veneto,44.9358,12.3885
45018,Ca' Venier,Veneto,44.9589,12.3353
45018,Boccasette,Veneto,44.9992,12.4233
45018,Ca' Dolfin,Veneto,44.9392,12.4319
45019,Polesinello,Veneto,44.8995,12.317
45019,Ca' Vendramin,Veneto,44.9433,12.2992
45019,Taglio Di Po,Veneto,45.0019,12.2139
45019,Mazzorno,Veneto,45.0146,12.1126
45019,Mazzorno Destro,Veneto,44.9648,12.2356
45020,Zelo,Veneto,45.0492,11.4107
45020,Castelguglielmo,Veneto,45.0254,11.5369
45020,Pincara,Veneto,45.0006,11.621
45020,Villanova Del Ghebbo,Veneto,45.0578,11.548
45020,Baruchella,Veneto,45.066,11.4521
45020,Cavazzana,Veneto,45.0933,11.6299
45020,Canda,Veneto,45.0361,11.5033
45020,Giacciano Con Baruchella,Veneto,45.0672,11.4504
45020,Ca Morosini,Veneto,45.1127,11.6189
45020,Lusia,Veneto,45.0985,11.6651
45020,San Bellino,Veneto,45.0294,11.5922
45021,Villa D'Adige,Veneto,45.1092,11.4363
45021,Badia Polesine,Veneto,45.0951,11.4944
45021,Salvaterra,Veneto,45.0808,11.5095
45021,Colombano,Veneto,45.1061,11.5231
45022,Bagnolo Di Po,Veneto,45.0155,11.5009
45023,Costa Di Rovigo,Veneto,45.0518,11.6956
45024,Fiesso Umbertiano,Veneto,44.9607,11.6058
45025,Fratta Polesine,Veneto,45.0282,11.6427
45026,Lendinara,Veneto,45.083,11.6032
45026,Barbuglio,Veneto,45.1127,11.5996
45026,Ramodipalo,Veneto,45.0797,11.5611
45026,Ramodipalo Rasa,Veneto,45.0797,11.5611
45026,Saguedo,Veneto,45.1016,11.5897
45027,Sariano,Veneto,45.0066,11.4166
45027,Trecenta,Veneto,45.0294,11.4593
45027,Pissatola,Veneto,45.049,11.4719
45030,Castelnovo Bariano,Veneto,45.0274,11.2876
45030,San Martino Di Venezze,Veneto,45.1253,11.8702
45030,Guarda Veneta,Veneto,44.9819,11.8018
45030,Trona Di Sopra,Veneto,45.0044,11.6354
45030,Pontecchio Polesine,Veneto,45.0202,11.8132
45030,Chiesa,Veneto,44.9799,11.6838
45030,Frassinelle Polesine,Veneto,44.9952,11.6988
45030,Occhiobello,Veneto,44.9224,11.5814
45030,Villamarzana,Veneto,45.0146,11.6923
45030,San Pietro Polesine,Veneto,45.0594,11.3291
45030,Crespino,Veneto,44.9853,11.8896
45030,Villanova Marchesana,Veneto,44.9923,11.9667
45030,Salara,Veneto,44.9859,11.4266
45030,Santa Maria Maddalena,Veneto,44.9023,11.6066
45030,Beverare,Veneto,45.133,11.9454
45030,Gaiba,Veneto,44.9457,11.4809
45030,Calto,Veneto,44.9907,11.3585
45030,Ceneselli,Veneto,45.0138,11.3694
45031,Corne',Veneto,45.0256,11.7447
45031,Arqua' Polesine,Veneto,45.0101,11.7398
45032,Bergantino,Veneto,45.0614,11.2524
45033,Bosaro,Veneto,44.9988,11.7647
45034,Paviole,Veneto,44.915,11.6642
45034,Canaro,Veneto,44.9339,11.6754
45035,Castelmassa,Veneto,45.0183,11.3151
45036,Ficarolo,Veneto,44.9543,11.4366
45037,Santo Stefano,Veneto,45.0851,11.195
45037,Melara,Veneto,45.0642,11.2012
45038,Polesella,Veneto,44.9646,11.7489
45038,Raccano,Veneto,44.9573,11.7295
45039,Zampine,Veneto,44.9511,11.5276
45039,Sabbioni,Veneto,45.0493,11.6588
45039,Stienta,Veneto,44.9397,11.5438
45100,Cantonazzo,Veneto,45.0777,11.7787
45100,Sant'Apollinare Con Selva,Veneto,45.0777,11.7787
45100,Borsea,Veneto,45.0777,11.7787
45100,Sant'Apollinare,Veneto,45.0411,11.8253
45100,Concadirame,Veneto,45.0937,11.7299
45100,Rovigo,Veneto,45.0698,11.7902
45100,Buso Sarzano,Veneto,45.0777,11.7787
45100,Roverdicre',Veneto,45.0667,11.75
45100,Grignano Polesine,Veneto,45.0435,11.7468
45100,Mardimago,Veneto,45.107,11.8374
45100,Granzette,Veneto,45.0833,11.75
45100,Boara Polesine,Veneto,45.1167,11.8
31010,One',Veneto,45.7837,11.874
31010,Bibano,Veneto,45.9075,12.4327
31010,Farra Di Soligo,Veneto,45.9053,12.1244
31010,Crespignaga,Veneto,45.7937,11.9428
31010,Cimadolmo,Veneto,45.7852,12.3651
31010,Godega Di Sant'Urbano,Veneto,45.9286,12.3969
31010,Muliparte,Veneto,45.8159,11.9846
31010,Santa Maria Del Piave,Veneto,45.8222,12.3078
31010,Santa Maria Di Piave,Veneto,45.8222,12.3078
31010,Moriago Della Battaglia,Veneto,45.8659,12.1008
31010,Orsago,Veneto,45.9296,12.4271
31010,Mosnigo,Veneto,45.863,12.0785
31010,Pianzano,Veneto,45.9165,12.3887
31010,Ponte Della Priula,Veneto,45.8624,12.1937
31010,Fonte,Veneto,45.8624,12.1937
31010,Soligo,Veneto,45.915,12.155
31010,San Michele Di Piave,Veneto,45.7967,12.3463
31010,Fonte Alto,Veneto,45.8021,11.8622
31010,Maser,Veneto,45.8074,11.975
31010,Monfumo,Veneto,45.8308,11.9203
31010,Fregona,Veneto,46.008,12.3386
31010,Colfosco,Veneto,45.82,12.2585
31010,Mareno Di Piave,Veneto,45.8457,12.337
31010,Priula,Veneto,45.82,12.2585
31010,Osigo,Veneto,46.0119,12.3501
31010,Col San Martino,Veneto,45.9002,12.1158
31011,Villa D'Asolo,Veneto,45.7719,11.8998
31011,Pagnano,Veneto,45.8088,11.8888
31011,Casella D'Asolo,Veneto,45.7898,11.9019
31011,Asolo,Veneto,45.7885,11.917
31012,Cappella Maggiore,Veneto,45.9722,12.3585
31012,Anzano,Veneto,45.9883,12.3292
31013,Codogne',Veneto,45.8605,12.4128
31013,Roverbasso,Veneto,45.8736,12.4552
31013,Cimetta,Veneto,45.867,12.434
31014,San Martino,Veneto,45.9081,12.3413
31014,Colle Umberto,Veneto,45.9424,12.3423
31014,San Martino Di Colle Umberto,Veneto,45.9574,12.3381
31015,Scomigo,Veneto,45.9425,12.3201
31015,Collalbrigo,Veneto,45.8852,12.2689
31015,Conegliano,Veneto,45.888,12.302
31016,Cordignano,Veneto,45.9494,12.4157
31016,Villa Di Villa,Veneto,45.9664,12.415
31017,Paderno Del Grappa,Veneto,45.8286,11.8577
31017,Crespano Del Grappa,Veneto,45.8279,11.8336
31018,Albina,Veneto,45.8328,12.4672
31018,Gaiarine,Veneto,45.8808,12.4814
31018,Campomolino,Veneto,45.8655,12.5136
31018,Francenigo,Veneto,45.908,12.5035
31020,Vidor,Veneto,45.9029,12.2773
31020,San Vendemiano,Veneto,45.8873,12.3516
31020,San Fior Di Sotto,Veneto,45.9034,12.3751
31020,Sernaglia Della Battaglia,Veneto,45.8715,12.133
31020,San Zenone Degli Ezzelini,Veneto,45.7804,11.8372
31020,Lago,Veneto,45.9861,12.2148
31020,Fossamerlo,Veneto,45.8918,12.3299
31020,Zoppe',Veneto,45.8881,12.4058
31020,Cosniga,Veneto,45.8875,12.3603
31020,Villorba,Veneto,45.7129,12.257
31020,San Fior Di Sopra,Veneto,45.9222,12.3614
31020,Revine,Veneto,45.9994,12.2556
31020,Liedolo,Veneto,45.7923,11.8203
31020,San Polo Di Piave,Veneto,45.7897,12.3929
31020,Castello Roganzuolo,Veneto,45.9207,12.3399
31020,Bagnolo,Veneto,45.9112,12.2731
31020,Revine Lago,Veneto,45.9994,12.2556
31020,Refrontolo,Veneto,45.923,12.2087
31020,San Pietro Di Feletto,Veneto,45.9139,12.251
31020,Corbanese,Veneto,45.9457,12.2403
31020,Lancenigo,Veneto,45.7136,12.2736
31020,San Fior,Veneto,45.9222,12.3614
31020,Ca' Rainati,Veneto,45.7576,11.8511
31020,Tarzo,Veneto,45.9771,12.2292
31020,Rua,Veneto,45.9136,12.2503
31020,Falze' Di Piave,Veneto,45.868,12.1789
31021,Campocroce,Veneto,45.5846,12.2172
31021,Zerman,Veneto,45.5783,12.2686
31021,Mogliano Veneto,Veneto,45.5559,12.2429
31021,Bonisiolo,Veneto,45.5823,12.3175
31021,Marocco,Veneto,45.5354,12.2305
31022,Frescada,Veneto,45.6288,12.2367
31022,Sambughe,Veneto,45.594,12.2182
31022,San Trovaso,Veneto,45.6289,12.2132
31022,Preganziol,Veneto,45.6014,12.2372
31022,Borgo Verde,Veneto,45.6002,12.2598
31023,San Marco,Veneto,45.6401,11.971
31023,Castelminio,Veneto,45.6449,11.9873
31023,Resana,Veneto,45.6354,11.9547
31024,Ormelle,Veneto,45.7778,12.4243
31024,Roncadelle,Veneto,45.7578,12.4103
31025,Santa Lucia Di Piave,Veneto,45.8616,12.2939
31026,Sarmede,Veneto,45.9763,12.3858
31026,Montaner,Veneto,45.9982,12.3787
31027,Visnadello,Veneto,45.7587,12.2466
31027,Lovadina,Veneto,45.7689,12.2514
31027,Spresiano,Veneto,45.7791,12.2563
31028,Visna',Veneto,45.8483,12.4268
31028,Tezze,Veneto,45.8147,12.3422
31028,Vazzola,Veneto,45.8351,12.4085
31029,Carpesica,Veneto,45.9533,12.2913
31029,Vittorio Veneto,Veneto,45.9803,12.3006
31029,Fadalto,Veneto,46.0751,12.3377
31029,San Floriano,Veneto,45.9928,12.3034
31029,Cozzuolo,Veneto,45.9626,12.2842
31029,Nove,Veneto,45.9928,12.3034
31029,San Giacomo Di Veglia,Veneto,45.9928,12.3034
31030,Altivole,Veneto,45.7537,11.9562
31030,Semonzo,Veneto,45.744,12.1376
31030,Carbonera,Veneto,45.6918,12.2825
31030,Castelcucco,Veneto,45.6041,12.2158
31030,Vacil,Veneto,45.7098,12.3091
31030,Breda Di Piave,Veneto,45.744,12.1376
31030,Castello Di Godego,Veneto,45.6927,11.88
31030,Sant'Eulalia,Veneto,45.8167,11.8158
31030,Valla',Veneto,45.7071,11.9327
31030,Caselle Di Altivole,Veneto,45.7497,11.98
31030,Casier,Veneto,45.6423,12.2933
31030,San Vito Di Altivole,Veneto,45.7551,11.9155
31030,Pero,Veneto,45.7063,12.3487
31030,Cison Di Valmarino,Veneto,45.9669,12.1427
31030,Saletto,Veneto,45.7264,12.3956
31030,Dosson,Veneto,45.636,12.2541
31030,Borso Del Grappa,Veneto,45.8103,11.7737
31030,San Bartolomeo,Veneto,45.7181,12.4017
31030,Tovena,Veneto,45.9768,12.1757
31030,Arcade,Veneto,45.7843,12.2197
31030,Mignagola,Veneto,45.6887,12.3215
31031,Caerano Di San Marco,Veneto,45.7816,11.9985
31032,Conscio,Veneto,45.617,12.2822
31032,Casale Sul Sile,Veneto,45.5964,12.3265
31032,Lughignano,Veneto,45.6253,12.3248
31033,Sant'Andrea,Veneto,45.6466,11.8964
31033,Castelfranco Veneto,Veneto,45.6715,11.9276
31033,Villarazzo,Veneto,45.6801,11.904
31033,Salvarosa,Veneto,45.6681,11.9263
31033,Salvatronda,Veneto,45.6743,11.9771
31034,Cavaso Del Tomba,Veneto,45.8607,11.8984
31035,Ciano,Veneto,45.8239,12.0542
31035,Crocetta Del Montello,Veneto,45.8367,12.0336
31035,Ciano Del Montello,Veneto,45.8239,12.0542
31036,Ospedaletto,Veneto,45.6619,12.0788
31036,Istrana,Veneto,45.6769,12.1012
31036,Pezzan,Veneto,45.6934,12.0962
31036,Sala,Veneto,45.7033,12.095
31037,Castione,Veneto,45.7235,11.8555
31037,Ramon Campagna,Veneto,45.7104,11.8358
31037,Loria,Veneto,45.73,11.8654
31037,Bessica,Veneto,45.73,11.8654
31038,Porcellengo,Veneto,45.7061,12.1423
31038,Paese,Veneto,45.6742,12.1639
31038,Postioma,Veneto,45.7175,12.1522
31038,Padernello,Veneto,45.6815,12.1268
31038,Castagnole,Veneto,45.6885,12.1826
31039,Spineda,Veneto,45.7504,11.8781
31039,Poggiana,Veneto,45.7191,11.8818
31039,Riese Pio X,Veneto,45.7286,11.918
31040,Portobuffole',Veneto,45.8567,12.5376
31040,Signoressa,Veneto,45.7503,12.1072
31040,Mansue',Veneto,45.8212,12.5351
31040,Giavera Del Montello,Veneto,45.7937,12.1667
31040,Campo Di Pietra,Veneto,45.7039,12.5365
31040,Selva Del Montello,Veneto,45.7884,12.1435
31040,Nervesa Della Battaglia,Veneto,45.8123,12.1984
31040,Santi Angeli Del Montello,Veneto,45.8319,12.1395
31040,Covolo,Veneto,45.8483,12.0052
31040,Falze',Veneto,45.7438,12.0926
31040,Fossalta Maggiore,Veneto,45.7344,12.5488
31040,Campo Di Pietra Di Salgareda,Veneto,45.7039,12.5365
31040,Cessalto,Veneto,45.7136,12.613
31040,Trevignano,Veneto,45.7367,12.0672
31040,Meduna Di Livenza,Veneto,45.8172,12.6283
31040,Onigo,Veneto,45.857,11.9907
31040,Venegazzu',Veneto,45.7793,12.0915
31040,Santi Angeli,Veneto,45.8319,12.1395
31040,Gorgo Al Monticano,Veneto,45.7914,12.55
31040,Pederobba,Veneto,45.8757,11.9498
31040,Segusino,Veneto,45.917,11.9556
31040,Volpago Del Montello,Veneto,45.7777,12.1186
31040,Bavaria,Veneto,45.8105,12.1861
31040,Salgareda,Veneto,45.705,12.4883
31040,Musano,Veneto,45.7265,12.1179
31040,Cusignana,Veneto,45.7861,12.1773
31040,Chiarano,Veneto,45.7296,12.5717
31040,Musano Di Trevignano,Veneto,45.7265,12.1179
31041,Cornuda,Veneto,45.8315,12.006
31042,Fagare' Della Battaglia,Veneto,45.7069,12.4277
31042,Fagare',Veneto,45.7069,12.4277
31043,Lutrano,Veneto,45.8142,12.4732
31043,Fontanelle,Veneto,45.8825,12.3709
31044,Biadene,Veneto,45.7886,12.0498
31044,Montebelluna,Veneto,45.775,12.049
31045,Motta Di Livenza,Veneto,45.7755,12.6041
31046,Rustigne',Veneto,45.7531,12.4835
31046,Oderzo,Veneto,45.7811,12.4944
31046,Piavon,Veneto,45.7643,12.5267
31046,Fae',Veneto,45.7622,12.465
31047,Ponte Di Piave,Veneto,45.719,12.4619
31047,Negrisia,Veneto,45.7335,12.4359
31047,Levada,Veneto,45.6968,12.3394
31048,Spercenigo,Veneto,45.6648,12.3527
31048,Cavrie,Veneto,45.7036,12.3697
31048,San Biagio Di Callalta,Veneto,45.6836,12.3772
31048,Olmi Di Treviso,Veneto,45.684,12.3665
31048,Olmi,Veneto,45.684,12.3665
31049,San Pietro Di Barbozza,Veneto,45.9004,12.0216
31049,Bigolino,Veneto,45.8667,12.0169
31049,San Vito Di Valdobbiadene,Veneto,45.9004,12.0216
31049,Santo Stefano,Veneto,45.9024,12.0382
31049,Pianezze,Veneto,45.9258,12.0134
31049,Guia,Veneto,45.9104,12.0569
31049,Valdobbiadene,Veneto,45.8969,11.9824
31050,Cavasagra,Veneto,45.6623,12.0547
31050,Povegliano,Veneto,45.7595,12.2094
31050,Fanzolo,Veneto,45.7122,11.9902
31050,Albaredo,Veneto,45.6672,12.011
31050,Casacorba,Veneto,45.6594,12.0389
31050,Barcon,Veneto,45.7218,12.0128
31050,Vedelago,Veneto,45.6872,12.0185
31050,Badoere,Veneto,45.6342,12.0852
31050,Cavasagra Di Vedelago,Veneto,45.6623,12.0547
31050,Ponzano Veneto,Veneto,45.7154,12.2044
31050,Premaor,Veneto,45.9369,12.1247
31050,Fossalunga,Veneto,45.6916,12.0532
31050,Combai,Veneto,45.9295,12.0711
31050,Zenson Di Piave,Veneto,45.6797,12.4891
31050,Carpenedo,Veneto,45.6753,12.0571
31050,Vascon,Veneto,45.7217,12.2919
31050,Miane,Veneto,45.9434,12.0925
31050,Camalo',Veneto,45.7532,12.1717
31050,Morgano,Veneto,45.6481,12.1031
31050,Monastier Di Treviso,Veneto,45.6578,12.4175
31050,Santandra',Veneto,45.7478,12.2011
31051,Pedeguarda,Veneto,45.9289,12.15
31051,Valmareno,Veneto,45.9665,12.1295
31051,Follina,Veneto,45.9535,12.1198
31052,Maserada Sul Piave,Veneto,45.752,12.3177
31052,Varago,Veneto,45.7373,12.3108
31052,Candelu',Veneto,45.735,12.3722
31053,Barbisano,Veneto,45.8822,12.1863
31053,Pieve Di Soligo,Veneto,45.8984,12.1713
31053,Solighetto,Veneto,45.9167,12.1678
31054,Possagno,Veneto,45.8479,11.8847
31055,Santa Cristina,Veneto,45.6435,12.139
31055,Quinto Di Treviso,Veneto,45.6435,12.1651
31056,Musestre,Veneto,45.5886,12.3725
31056,Roncade,Veneto,45.6217,12.3764
31056,San Cipriano,Veneto,45.6136,12.3683
31056,Biancade,Veneto,45.6487,12.3575
31057,Cendon,Veneto,45.638,12.325
31057,Silea,Veneto,45.6544,12.297
31057,Sant'Elena,Veneto,45.6256,12.3351
31058,Susegana,Veneto,45.856,12.2574
31059,Zero Branco,Veneto,45.5995,12.1638
31059,Scandolara,Veneto,45.6146,12.0998
31059,Sant'Alberto,Veneto,45.6131,12.1347
31100,Monigo,Veneto,45.6518,12.2145
31100,Canizzano,Veneto,45.6368,12.1875
31100,Selvana Bassa,Veneto,45.6518,12.2145
31100,Fiera,Veneto,45.6518,12.2145
31100,Santa Maria Della Rovere,Veneto,45.6518,12.2145
31100,Treviso,Veneto,45.6667,12.2416
30010,Pegolotte,Veneto,45.1918,12.0379
30010,Campolongo Maggiore,Veneto,45.3235,12.0439
30010,Liettoli,Veneto,45.2935,12.08
30010,Bojon,Veneto,45.2935,12.08
30010,Lova,Veneto,45.328,12.1268
30010,Campagna Lupia,Veneto,45.3538,12.0973
30010,Cona,Veneto,45.1839,12.0197
30010,Camponogara,Veneto,45.3795,12.0864
30010,Lughetto,Veneto,45.3869,12.1302
30010,Cantarana,Veneto,45.2007,12.0976
30013,Ca' Savio,Veneto,45.4537,12.4573
30013,Ca' Ballarin,Veneto,45.4681,12.5139
30013,Ca' Pasquali,Veneto,45.4615,12.4827
30013,Cavallino,Veneto,45.4746,12.5486
30013,Treporti,Veneto,45.4652,12.4564
30013,Cavallino Treporti,Veneto,45.4646,12.4918
30014,Villaggio Busonera,Veneto,45.1465,12.0964
30014,Cavarzere,Veneto,45.1352,12.0845
30014,Rottanova,Veneto,45.1436,12.0185
30014,San Pietro,Veneto,45.118,12.1819
30014,Rottanova Di Cavarzere,Veneto,45.1436,12.0185
30014,Boscochiaro,Veneto,45.1366,12.1218
30014,San Pietro Di Cavarzere,Veneto,45.118,12.1819
30015,Valli,Veneto,45.2234,12.1899
30015,Cavanella D'Adige,Veneto,45.1099,12.2445
30015,Chioggia,Veneto,45.2186,12.2777
30015,Ca' Bianca,Veneto,45.1922,12.205
30015,Sottomarina,Veneto,45.2139,12.2947
30015,Sant'Anna,Veneto,45.1661,12.2736
30015,Sant'Anna Di Chioggia,Veneto,45.1661,12.2736
30016,Lido Di Iesolo,Veneto,45.5069,12.6469
30016,Iesolo,Veneto,45.5331,12.6447
30020,Losson Della Battaglia,Veneto,45.6331,12.4815
30020,Belfiore,Veneto,45.7837,12.7274
30020,Loncon,Veneto,45.752,12.7113
30020,Eraclea,Veneto,45.5777,12.6732
30020,Meolo,Veneto,45.6197,12.4524
30020,Torre Di Fine,Veneto,45.5661,12.7495
30020,Marcon,Veneto,45.5644,12.2989
30020,Stretti Di Eraclea,Veneto,45.6365,12.6882
30020,Cinto Caomaggiore,Veneto,45.8276,12.7813
30020,Portegrandi,Veneto,45.56,12.4483
30020,Torre Di Mosto,Veneto,45.6863,12.7003
30020,Pramaggiore,Veneto,45.815,12.7389
30020,Eraclea Mare,Veneto,45.5497,12.7659
30020,Gaggio,Veneto,45.5533,12.3178
30020,San Liberale,Veneto,45.5478,12.3414
30020,Quarto D'Altino,Veneto,45.5794,12.3733
30020,Stretti,Veneto,45.6365,12.6882
30020,Gruaro,Veneto,45.8347,12.8411
30020,Giai,Veneto,45.7653,12.677
30020,Pramaggiore Blessaglia,Veneto,45.8053,12.725
30020,Bagnara,Veneto,45.8417,12.8511
30020,Annone Veneto,Veneto,45.7896,12.6865
30020,Fossalta Di Piave,Veneto,45.645,12.509
30020,Ponte Crepaldo,Veneto,45.6763,12.615
30020,Noventa Di Piave,Veneto,45.6598,12.5332
30021,Ca' Corniani,Veneto,45.6121,12.8601
30021,Porto Santa Margherita,Veneto,45.5891,12.8582
30021,Caorle,Veneto,45.5966,12.8758
30021,San Giorgio Di Livenza,Veneto,45.6533,12.7969
30021,San Gaetano,Veneto,45.6445,12.8744
30022,Ceggia,Veneto,45.687,12.6423
30023,Concordia Sagittaria,Veneto,45.7612,12.8236
30023,Sindacale,Veneto,45.7036,12.877
30024,Musile Di Piave,Veneto,45.6206,12.5418
30024,Croce,Veneto,45.6324,12.5226
30025,Teglio Veneto,Veneto,45.8164,12.8841
30025,Fratta,Veneto,45.8044,12.8944
30025,Cintello,Veneto,45.8178,12.8638
30025,Villanova Santa Margherita,Veneto,45.7671,12.8948
30025,Fossalta Di Portogruaro,Veneto,45.7933,12.91
30026,Lugugnana,Veneto,45.7328,12.9596
30026,Portogruaro,Veneto,45.7807,12.8405
30026,Pradipozzo,Veneto,45.7798,12.7589
30026,Summaga,Veneto,45.7741,12.7979
30027,San Dona' Di Piave,Veneto,45.6302,12.5681
30027,Calvecchia,Veneto,45.6583,12.6081
30027,Passarella,Veneto,45.5944,12.6054
30028,Pozzi,Veneto,45.7096,13.0036
30028,San Michele Al Tagliamento,Veneto,45.7643,12.9949
30028,Bibione,Veneto,45.6356,13.0362
30028,Pozzi San Michele Tagliamento,Veneto,45.7096,13.0036
30028,Cesarolo,Veneto,45.7188,13.0155
30028,Bibione Pineda,Veneto,45.6328,13.0075
30028,San Giorgio Al Tagliamento,Veneto,45.7964,12.9636
30029,La Salute Di Livenza,Veneto,45.6537,12.8013
30029,Corbolone,Veneto,45.7496,12.6697
30029,Santo Stino Di Livenza,Veneto,45.7256,12.6897
30030,Fosso',Veneto,45.3858,12.0463
30030,Cazzago,Veneto,45.4416,12.0741
30030,Vigonovo,Veneto,45.3869,12.0064
30030,Cazzago Di Pianiga,Veneto,45.4416,12.0741
30030,Pianiga,Veneto,45.4571,12.0076
30030,Tombelle,Veneto,45.3985,11.9821
30030,Martellago,Veneto,45.5438,12.1636
30030,Olmo,Veneto,45.4773,12.1357
30030,Robegano,Veneto,45.5425,12.1192
30030,Salzano,Veneto,45.5222,12.1015
30030,Sandon,Veneto,45.3638,12.0426
30030,Galta,Veneto,45.3909,12.0234
30030,Maerne,Veneto,45.5231,12.1548
30030,Olmo Di Martellago,Veneto,45.4519,12.0716
30031,Dolo,Veneto,45.4253,12.0843
30031,Sambruson,Veneto,45.4104,12.1031
30031,Arino,Veneto,45.4385,12.0544
30032,Fiesso D'Artico,Veneto,45.4214,12.0294
30033,Cappelletta,Veneto,45.5703,12.0617
30033,Moniego Di Noale,Veneto,45.5613,12.0871
30033,Moniego,Veneto,45.5613,12.0871
30033,Noale,Veneto,45.546,12.0645
30034,Oriago,Veneto,45.4435,12.1723
30034,Mira,Veneto,45.4346,12.1294
30034,Mira Porte,Veneto,45.444,12.1371
30034,Borbiago,Veneto,45.444,12.1371
30034,Marano,Veneto,45.4634,12.1171
30034,Gambarare,Veneto,45.444,12.1371
30034,Marano Veneziano,Veneto,45.444,12.1371
30034,Mira Taglio,Veneto,45.4346,12.1294
30035,Zianigo,Veneto,45.4696,12.0904
30035,Ballo',Veneto,45.4558,12.0712
30035,Scaltenigo,Veneto,45.4712,12.0811
30035,Mirano,Veneto,45.4946,12.1077
30035,Vetrego,Veneto,45.4569,12.1016
30036,Santa Maria Di Sala,Veneto,45.507,12.0357
30036,Caltana,Veneto,45.4828,12.03
30036,Veternigo,Veneto,45.5176,12.0579
30036,Stigliano,Veneto,45.5236,12.0438
30036,Sant'Angelo,Veneto,45.5203,12.0186
30037,Scorze',Veneto,45.5741,12.1116
30037,Peseggia,Veneto,45.5617,12.1794
30037,Rio San Martino,Veneto,45.5923,12.1116
30038,Fornase,Veneto,45.4759,12.1627
30038,Orgnano,Veneto,45.4911,12.155
30038,Spinea,Veneto,45.4911,12.155
30039,San Pietro Di Stra',Veneto,45.4047,12.0147
30039,Paluello,Veneto,45.4106,12.0508
30039,Stra,Veneto,45.4112,12.0142
30100,Venezia,Veneto,45.4371,12.3327
30121,Cannaregio,Veneto,45.4453,12.3326
30121,Venezia,Veneto,45.4371,12.3327
30122,Venezia,Veneto,45.4371,12.3327
30122,Castello,Veneto,45.4318,12.3561
30122,Sant'Elena,Veneto,45.6808,12.7314
30123,Dorsoduro,Veneto,45.4313,12.3254
30123,Venezia,Veneto,45.4371,12.3327
30124,Venezia,Veneto,45.4371,12.3327
30124,San Marco,Veneto,45.4345,12.3373
30125,San Polo,Veneto,45.4381,12.3303
30125,Venezia,Veneto,45.4371,12.3327
30126,Lido Di Venezia,Veneto,45.3766,12.3342
30126,Scarpa,Veneto,45.3766,12.3342
30126,Busetti,Veneto,45.3766,12.3342
30126,Zennari,Veneto,45.3766,12.3342
30126,Venezia,Veneto,45.4371,12.3327
30126,Alberoni,Veneto,45.3477,12.3177
30126,Portosecco,Veneto,45.3766,12.3342
30126,Vianelli,Veneto,45.3766,12.3342
30126,San Pietro In Volta,Veneto,45.3154,12.3152
30126,Lido,Veneto,45.4105,12.3665
30126,Malamocco,Veneto,45.3723,12.339
30131,Venezia,Veneto,45.4371,12.3327
30132,Venezia,Veneto,45.4371,12.3327
30132,Sant'Elena,Veneto,45.6808,12.7314
30133,Venezia,Veneto,45.4371,12.3327
30133,Giudecca,Veneto,45.484,12.4167
30133,Sacca Fisola,Veneto,45.479,12.3996
30135,Venezia,Veneto,45.4371,12.3327
30135,Santa Croce,Veneto,45.4397,12.3184
30141,Venezia,Veneto,45.4371,12.3327
30141,Murano,Veneto,45.4586,12.3568
30142,Mazzorbo,Veneto,45.4873,12.4101
30142,Burano,Veneto,45.4855,12.417
30142,Giudecca Di Burano,Veneto,45.4753,12.3958
30142,Terranova,Veneto,45.4854,12.4208
30142,San Martino Sinistra,Veneto,45.4753,12.3958
30142,San Mauro,Veneto,45.4868,12.4146
30142,San Martino Destra,Veneto,45.4861,12.4185
30170,Venezia Mestre,Veneto,45.4917,12.2454
30171,Mestre,Veneto,45.4917,12.2454
30172,Mestre,Veneto,45.4917,12.2454
30173,Mestre,Veneto,45.4917,12.2454
30173,Campalto,Veneto,45.4806,12.2875
30173,Villaggio San Marco,Veneto,45.4698,12.2885
30173,Venezia,Veneto,45.4371,12.3327
30174,Mestre,Veneto,45.4917,12.2454
30174,Gazzera,Veneto,45.5034,12.2266
30174,Zelarino,Veneto,45.5151,12.2079
30175,Carpenedo,Veneto,45.5128,12.2633
30175,Mestre,Veneto,45.4917,12.2454
30175,Marghera,Veneto,45.4511,12.2239
30175,Ca' Emiliani,Veneto,45.4868,12.2445
36010,Posina,Veneto,45.7911,11.2624
36010,Cavazzale,Veneto,45.796,11.4452
36010,Mezzaselva Di Roana,Veneto,45.8667,11.4167
36010,Tresche' Conca,Veneto,45.8388,11.4287
36010,Chiuppano,Veneto,45.763,11.4578
36010,Cogollo Del Cengio,Veneto,45.784,11.4253
36010,Velo D'Astico,Veneto,45.7884,11.3677
36010,Vigardolo,Veneto,45.606,11.5886
36010,Laghi,Veneto,45.8245,11.2725
36010,Rotzo,Veneto,45.8619,11.3962
36010,Seghe,Veneto,45.7991,11.3724
36010,Cesuna,Veneto,45.8378,11.4558
36010,Carre',Veneto,45.7488,11.4578
36010,Zane',Veneto,45.722,11.4493
36010,Canove Di Roana,Veneto,45.8635,11.4735
36010,Monticello Conte Otto,Veneto,45.5978,11.5723
36010,Velo,Veneto,45.7735,11.5656
36010,Foza,Veneto,45.897,11.6305
36010,Camporovere,Veneto,45.8804,11.4849
36010,Seghe Di Velo,Veneto,45.7991,11.3724
36010,Roana,Veneto,45.877,11.4527
36011,Castana,Veneto,45.8169,11.3099
36011,Arsiero,Veneto,45.8042,11.3558
36012,Rodeghieri,Veneto,45.8898,11.5149
36012,Sasso,Veneto,45.8852,11.514
36012,Asiago,Veneto,45.8759,11.5122
36012,Rigoni,Veneto,45.8898,11.5149
36013,Piovene Rocchette,Veneto,45.756,11.4327
36014,Santorso,Veneto,45.7338,11.3878
36015,Sant'Ulderico,Veneto,45.7489,11.3475
36015,Giavenale,Veneto,45.7001,11.4
36015,Monte Magre',Veneto,45.6844,11.3365
36015,Tretto,Veneto,45.7599,11.3367
36015,Schio,Veneto,45.7126,11.3567
36015,Magre' Di Schio,Veneto,45.7212,11.3555
36015,Sant'Ulderico Di Tretto,Veneto,45.7212,11.3555
36016,Thiene,Veneto,45.7397,11.4378
36016,Rozzampia,Veneto,45.6794,11.5023
36020,Solagna,Veneto,45.8195,11.7179
36020,Campiglia Dei Berici,Veneto,45.3355,11.5421
36020,Agugliaro,Veneto,45.3251,11.585
36020,Zovencedo,Veneto,45.4289,11.5039
36020,Primolano,Veneto,45.966,11.7011
36020,Albettone,Veneto,45.3581,11.5843
36020,Carpane',Veneto,45.8587,11.6622
36020,Asigliano Veneto,Veneto,45.3047,11.4464
36020,Pove Del Grappa,Veneto,45.7982,11.7299
36020,Castegnero,Veneto,45.4425,11.5845
36020,Villaganzerla,Veneto,45.4361,11.6186
36020,San Marino,Veneto,45.8973,11.6923
36020,Ponte Di Castegnero,Veneto,45.4367,11.6007
36021,Barbarano Vicentino,Veneto,45.4091,11.5434
36021,Ponte Di Barbarano,Veneto,45.3921,11.5785
36021,Villaga,Veneto,45.4027,11.5347
36022,San Giuseppe,Veneto,45.7573,11.7621
36022,San Zeno,Veneto,45.5886,11.4718
36022,San Giuseppe Di Cassola,Veneto,45.7573,11.7621
36022,Cassola,Veneto,45.7336,11.7994
36023,Lumignano,Veneto,45.4597,11.5879
36023,Longare,Veneto,45.4773,11.607
36023,Bugano,Veneto,45.4938,11.5892
36024,Nanto,Veneto,45.4335,11.5777
36024,Mossano,Veneto,45.4195,11.5538
36024,Ponte Di Nanto,Veneto,45.4243,11.594
36025,Noventa Vicentina,Veneto,45.2944,11.5484
36026,Poiana Maggiore,Veneto,45.2904,11.5025
36026,Cagnano,Veneto,45.3147,11.5037
36027,Rosa',Veneto,45.702,11.7614
36028,Rossano Veneto,Veneto,45.7031,11.8037
36029,Valstagna,Veneto,45.8511,11.6664
36029,Campolongo Sul Brenta,Veneto,45.8271,11.7008
36029,San Nazario,Veneto,45.8398,11.6889
36029,Cismon Del Grappa,Veneto,45.6203,11.6266
36030,Rettorgole,Veneto,45.5852,11.5165
36030,Leva' Di Montecchio Precalcino,Veneto,45.6923,11.4488
36030,Priabona,Veneto,45.633,11.3737
36030,Lugo Di Vicenza,Veneto,45.7455,11.5287
36030,Cresole,Veneto,45.6923,11.4488
36030,Zugliano,Veneto,45.7298,11.524
36030,Montecchio Precalcino,Veneto,45.6657,11.5636
36030,Leva',Veneto,45.702,11.4063
36030,Costabissara,Veneto,45.5825,11.4853
36030,Calvene,Veneto,45.7662,11.5115
36030,Sant'Antonio,Veneto,45.7544,11.2211
36030,Staro,Veneto,45.7254,11.2238
36030,Sarcedo,Veneto,45.7013,11.5296
36030,Novoledo,Veneto,45.6465,11.5095
36030,Grumolo Pedemonte,Veneto,45.7243,11.4924
36030,Motta,Veneto,45.5954,11.498
36030,Sant'Antonio Valli,Veneto,45.7544,11.2211
36030,Monte Di Malo,Veneto,45.6601,11.3613
36030,Caltrano,Veneto,45.7735,11.4557
36030,San Vito Di Leguzzano,Veneto,45.6849,11.3887
36030,Fara Vicentino,Veneto,45.7437,11.5453
36030,Villaverla,Veneto,45.6494,11.4918
36030,San Giorgio Di Perlena,Veneto,45.7297,11.5838
36030,Centrale,Veneto,45.7274,11.4803
36030,Valli Del Pasubio,Veneto,45.7403,11.2635
36030,Caldogno,Veneto,45.6078,11.5028
36030,Preara,Veneto,45.68,11.5429
36031,Dueville,Veneto,45.6356,11.5513
36031,Povolaro,Veneto,45.6356,11.5513
36032,Gallio,Veneto,45.8851,11.5342
36033,Castelnovo,Veneto,45.6156,11.4594
36033,Isola Vicentina,Veneto,45.6293,11.4461
36034,San Tomio,Veneto,45.6738,11.4907
36034,Malo,Veneto,45.6591,11.416
36035,Marano Vicentino,Veneto,45.696,11.4324
36036,Torrebelvicino,Veneto,45.7158,11.3187
36036,Pievebelvicino,Veneto,45.7158,11.3187
36040,Marola,Veneto,45.5399,11.6259
36040,Laverda,Veneto,45.693,11.5567
36040,Grancona,Veneto,45.4219,11.4516
36040,Lerino,Veneto,45.594,11.4754
36040,Pederiva,Veneto,45.4225,11.4657
36040,San Germano Dei Berici,Veneto,45.4018,11.4713
36040,San Pietro Valdastico,Veneto,45.8867,11.3616
36040,Valdastico,Veneto,45.594,11.4754
36040,Pedemonte,Veneto,45.594,11.4754
36040,Casotto,Veneto,45.8966,11.3488
36040,Salcedo,Veneto,45.7578,11.5662
36040,Poiana Di Granfion,Veneto,45.4864,11.7303
36040,Orgiano,Veneto,45.3337,11.4595
36040,Lastebasse,Veneto,45.9151,11.2739
36040,Monticello Di Fara,Veneto,45.429,11.3904
36040,Grumolo Delle Abbadesse,Veneto,45.5169,11.672
36040,Brendola,Veneto,45.4785,11.4395
36040,Sossano,Veneto,45.3575,11.5082
36040,Torri Di Quartesolo,Veneto,45.519,11.6247
36040,Tonezza Del Cimone,Veneto,45.8589,11.3459
36040,Barcarola,Veneto,45.8394,11.3708
36040,Meledo,Veneto,45.4382,11.4156
36040,Grisignano Di Zocco,Veneto,45.4868,11.7079
36040,Pedescala,Veneto,45.848,11.371
36040,Sarego,Veneto,45.6785,11.332
36040,Vo',Veneto,45.4565,11.4452
36042,Mirabella,Veneto,45.6864,11.568
36042,Maragnole,Veneto,45.6866,11.6043
36042,Breganze,Veneto,45.7049,11.5607
36043,Camisano Vicentino,Veneto,45.5216,11.7082
36045,Lonigo,Veneto,45.3858,11.384
36045,Bagnolo,Veneto,45.4415,11.6152
36045,Alonte,Veneto,45.3659,11.4271
36045,Almisano,Veneto,45.4195,11.371
36045,Bagnolo Di Lonigo,Veneto,45.3576,11.3741
36046,Conco,Veneto,45.8004,11.6096
36046,Santa Caterina,Veneto,45.7435,11.3063
36046,Lusiana,Veneto,45.7843,11.5748
36047,Montegalda,Veneto,45.4461,11.675
36047,Montegaldella,Veneto,45.4372,11.6702
36050,Bressanvido,Veneto,45.6465,11.6344
36050,Sovizzo,Veneto,45.5267,11.4461
36050,Cartigliano,Veneto,45.713,11.6956
36050,Poianella,Veneto,45.6304,11.6285
36050,Lisiera,Veneto,45.5785,11.6118
36050,Montorso Vicentino,Veneto,45.4909,11.3602
36050,Villaggio Montegrappa,Veneto,45.5464,11.6143
36050,Ospedaletto,Veneto,45.5785,11.597
36050,Gambugliano,Veneto,45.588,11.4386
36050,Quinto Vicentino,Veneto,45.5753,11.6281
36050,Lanze',Veneto,45.586,11.661
36050,Monteviale,Veneto,45.5592,11.4571
36050,Zermeghedo,Veneto,45.4759,11.3744
36050,Bolzano Vicentino,Veneto,45.6022,11.622
36050,Friola,Veneto,45.6778,11.6789
36050,Pozzoleone,Veneto,45.6496,11.671
36051,Olmo,Veneto,45.6738,11.4907
36051,Creazzo,Veneto,45.5315,11.4779
36052,Enego,Veneto,45.9416,11.7055
36052,Stoner,Veneto,45.9145,11.6759
36053,Gambellara,Veneto,45.4598,11.3401
36054,Montebello Vicentino,Veneto,45.4592,11.3827
36055,Nove,Veneto,45.7216,11.6783
36056,Tezze Sul Brenta,Veneto,45.6653,11.6795
36056,Belvedere,Veneto,45.6653,11.6795
36057,Tormeno,Veneto,45.5042,11.5519
36057,Pianezze Del Lago,Veneto,45.4796,11.5619
36057,Nogarazza,Veneto,45.5086,11.5103
36057,Torri D'Arcugnano,Veneto,45.497,11.543
36057,Arcugnano,Veneto,45.4958,11.5477
36060,Spin,Veneto,45.6738,11.4907
36060,Fellette,Veneto,45.7282,11.6538
36060,Romano D'Ezzelino,Veneto,45.779,11.7666
36060,Fellette Di Romano D'Ezzellino,Veneto,45.7282,11.6538
36060,Schiavon,Veneto,45.6965,11.6457
36060,Villa Di Molvena,Veneto,45.7268,11.6245
36060,Pianezze,Veneto,45.7414,11.627
36060,Longa,Veneto,45.6806,11.6425
36061,Campese,Veneto,45.8058,11.7129
36061,Valrovina,Veneto,45.7874,11.6891
36061,Bassano Del Grappa,Veneto,45.7666,11.7274
36062,Fontanelle,Veneto,45.7966,11.6316
36063,Crosara,Veneto,45.7742,11.614
36063,Valle San Floriano,Veneto,45.7682,11.66
36063,Vallonara,Veneto,45.7615,11.6456
36063,Marostica,Veneto,45.7454,11.6624
36064,Villaraspa,Veneto,45.7181,11.6264
36064,Mason Vicentino,Veneto,45.7186,11.6068
36064,Molvena,Veneto,45.7446,11.6166
36065,Casoni,Veneto,45.6264,11.5976
36065,Mussolente,Veneto,45.7792,11.8062
36066,Sandrigo,Veneto,45.6608,11.5892
36070,Molino,Veneto,45.5941,11.2832
36070,Ferrazza,Veneto,45.6738,11.4907
36070,Brogliano,Veneto,45.5892,11.3655
36070,Castelgomberto,Veneto,45.5827,11.3901
36070,Crespadoro,Veneto,45.6202,11.2259
36070,San Pietro Mussolino,Veneto,45.5836,11.2593
36070,Lovara,Veneto,45.5691,11.3503
36070,Molino Di Altissimo,Veneto,45.6125,11.235
36070,Nogarole Vicentino,Veneto,45.5602,11.2883
36070,Altissimo,Veneto,45.6143,11.2519
36070,San Pietro Vecchio,Veneto,45.5925,11.2494
36070,Trissino,Veneto,45.5599,11.3768
36071,Arzignano,Veneto,45.5203,11.3345
36071,Pugnello,Veneto,45.553,11.3206
36071,Tezze,Veneto,45.534,11.37
36072,Chiampo,Veneto,45.5475,11.2829
36073,Cereda,Veneto,45.5517,11.3293
36073,Cornedo Vicentino,Veneto,45.6163,11.3322
36075,Montecchio Maggiore,Veneto,45.5037,11.412
36075,Alte Ceccato,Veneto,45.5037,11.412
36075,Alte Di Montecchio Maggiore,Veneto,45.5037,11.412
36075,Sant'Urbano,Veneto,45.5394,11.4001
36076,Rovegliana,Veneto,45.7037,11.2222
36076,Recoaro Terme,Veneto,45.7037,11.2222
36077,Valmarana,Veneto,45.5006,11.4911
36077,Tavernelle Vicentina,Veneto,45.5069,11.4799
36077,Altavilla Vicentina,Veneto,45.5133,11.4688
36078,Novale,Veneto,45.64,11.2822
36078,Maglio Di Sopra,Veneto,45.64,11.2822
36078,Castelvecchio,Veneto,45.6308,11.2573
36078,Valdagno,Veneto,45.645,11.2989
36078,San Quirico,Veneto,45.6769,11.2726
36078,Piana,Veneto,45.6074,11.2999
36100,Setteca',Veneto,45.8579,11.3646
36100,Vicenza,Veneto,45.5467,11.5475
36100,Polegge,Veneto,45.6584,11.4956
36100,Longara,Veneto,45.6584,11.4956
36100,Campedello,Veneto,45.6584,11.4956
36100,Anconetta,Veneto,45.5707,11.5747
37010,Castion Veronese,Veneto,45.6059,10.7266
37010,Pastrengo,Veneto,45.4959,10.799
37010,Cavaion Veronese,Veneto,45.5401,10.7705
37010,Affi,Veneto,45.553,10.7864
37010,Castelletto Di Brenzone,Veneto,45.6886,10.7512
37010,Sega Di Cavaion,Veneto,45.5201,10.8022
37010,Sega,Veneto,45.5201,10.8022
37010,San Zeno,Veneto,45.6338,10.7305
37010,Albare',Veneto,45.5664,10.752
37010,Magugnano,Veneto,45.7008,10.7623
37010,Rivoli Veronese,Veneto,45.5725,10.8118
37010,Torri Del Benaco,Veneto,45.6101,10.6867
37010,Piovezzano,Veneto,45.5019,10.8093
37010,Brenzone,Veneto,45.6999,10.7606
37010,Albare' Stazione,Veneto,45.5723,10.7558
37010,Costermano,Veneto,45.5861,10.739
37010,San Zeno Di Montagna,Veneto,45.6375,10.7322
37011,Bardolino,Veneto,45.5411,10.733
37011,Calmasino,Veneto,45.521,10.7521
37011,Cisano,Veneto,45.523,10.7292
37012,San Vito Al Mantico,Veneto,45.4716,10.8924
37012,Bussolengo,Veneto,45.469,10.8537
37013,Pesina,Veneto,45.6022,10.7706
37013,Spiazzi,Veneto,45.647,10.851
37013,Caprino Veronese,Veneto,45.6049,10.7952
37013,Boi,Veneto,45.618,10.8056
37014,Castelnuovo Del Garda,Veneto,45.4388,10.7598
37014,Cavalcaselle,Veneto,45.4369,10.7265
37014,Sandra',Veneto,45.4607,10.7869
37014,Oliosi,Veneto,45.4065,10.751
37015,Sant'Ambrogio Di Valpolicella,Veneto,45.5377,10.8403
37015,Monte,Veneto,45.5659,10.8431
37015,Domegliara,Veneto,45.5167,10.8167
37015,Gargagnago,Veneto,45.5305,10.8613
37016,Garda,Veneto,45.5789,10.7176
37017,Lazise,Veneto,45.505,10.7392
37017,Cola' Di Lazise,Veneto,45.4743,10.7426
37017,Pacengo,Veneto,45.4677,10.7218
37017,Cola',Veneto,45.4743,10.7426
37018,Cassone,Veneto,45.7614,10.8086
37018,Malcesine,Veneto,45.7614,10.8086
37019,Peschiera Del Garda,Veneto,45.4391,10.6861
37019,San Benedetto Di Lugana,Veneto,45.4391,10.6861
37020,Valgatara,Veneto,45.5347,10.9119
37020,Sant'Anna D'Alfaedo,Veneto,45.6272,10.9517
37020,Belluno Veronese,Veneto,45.6866,10.8994
37020,Peri,Veneto,45.6571,10.9026
37020,Cerro Veronese,Veneto,45.5745,11.0416
37020,Brentino Belluno,Veneto,45.6569,10.8937
37020,Volargne,Veneto,45.5368,10.8182
37020,Rivalta,Veneto,45.6571,10.8934
37020,Prun,Veneto,45.5787,10.9518
37020,Marano Di Valpolicella,Veneto,45.5564,10.9162
37020,Ferrara Di Monte Baldo,Veneto,45.6741,10.8591
37020,Fosse,Veneto,45.6454,10.9379
37020,Cerna,Veneto,45.5999,10.9353
37020,Dolce',Veneto,45.6007,10.8525
37020,Fane,Veneto,45.579,10.9643
37020,Erbezzo,Veneto,45.6396,11.0006
37021,Corbiolo,Veneto,45.6002,11.0305
37021,Lughezzano,Veneto,45.5959,11.0027
37021,Bosco Chiesanuova,Veneto,45.621,11.0322
37022,Cavalo,Veneto,45.5701,10.871
37022,Fumane,Veneto,45.5416,10.8855
37022,Breonio,Veneto,45.6237,10.9028
37023,Azzago,Veneto,45.5465,11.0482
37023,Stallavena,Veneto,45.5629,10.9967
37023,Lugo Di Grezzana,Veneto,45.5629,10.9967
37023,Grezzana,Veneto,45.5227,11.0174
37023,Romagnano,Veneto,45.5246,11.0407
37024,Negrar,Veneto,45.5292,10.939
37024,Santa Maria Di Negrar,Veneto,45.4949,10.9383
37024,Arbizzano Di Valpolicella,Veneto,45.5063,10.9385
37024,Arbizzano,Veneto,45.4949,10.9383
37026,Settimo,Veneto,45.4793,10.9091
37026,Pescantina,Veneto,45.4855,10.868
37026,Ospedaletto,Veneto,45.5046,10.8421
37028,Rovere' Veronese,Veneto,45.5933,11.07
37029,Bure,Veneto,45.5265,10.8712
37029,San Pietro In Cariano,Veneto,45.5175,10.8862
37029,Pedemonte,Veneto,45.503,10.9186
37029,San Floriano,Veneto,45.518,10.9082
37029,Negarine,Veneto,45.5,10.8935
37029,Corrubbio,Veneto,45.5751,11.0132
37030,Colognola Ai Colli,Veneto,45.4337,11.1843
37030,Vestenanova,Veneto,45.5742,11.2287
37030,Lavagno,Veneto,45.4387,11.1341
37030,San Pietro,Veneto,45.4421,11.1297
37030,Selva Di Progno,Veneto,45.6114,11.138
37030,San Vittore,Veneto,45.4296,11.222
37030,Vago,Veneto,45.4199,11.1302
37030,Mezzane Di Sotto,Veneto,45.482,11.1273
37030,Montecchia Di Crosara,Veneto,45.4819,11.2544
37030,Velo Veronese,Veneto,45.6067,11.0952
37030,Cazzano Di Tramigna,Veneto,45.4731,11.2029
37030,Ronca',Veneto,45.4799,11.2932
37030,San Briccio,Veneto,45.4548,11.1192
37030,Stra',Veneto,45.3224,11.3308
37030,San Mauro Di Saline,Veneto,45.5645,11.1123
37030,San Rocco Di Piegara,Veneto,45.5525,11.0868
37030,Montanara,Veneto,45.4237,11.1575
37030,Badia Calavena,Veneto,45.5646,11.152
37030,Terrossa,Veneto,45.4634,11.3186
37030,San Bortolo,Veneto,45.6075,11.1797
37031,Cellore,Veneto,45.4865,11.1783
37031,Illasi,Veneto,45.4666,11.1817
37032,Costalunga,Veneto,45.4487,11.2938
37032,Monteforte D'Alpone,Veneto,45.4201,11.2845
37032,Brognoligo,Veneto,45.4344,11.2891
37035,San Giovanni Ilarione,Veneto,45.5193,11.2371
37036,Marcellise,Veneto,45.4614,11.1067
37036,Mambrotta,Veneto,45.3886,11.1135
37036,Ferrazze,Veneto,45.4439,11.078
37036,San Martino Buon Albergo,Veneto,45.4208,11.0956
37038,Castelletto,Veneto,45.2645,11.4173
37038,Soave,Veneto,45.4196,11.2459
37039,Cogollo,Veneto,45.5458,11.1565
37039,Centro,Veneto,45.5259,11.1339
37039,Tregnago,Veneto,45.514,11.1642
37040,Begosso,Veneto,45.1472,11.415
37040,Bevilacqua,Veneto,45.2325,11.395
37040,Marega,Veneto,45.202,11.3946
37040,Arcole,Veneto,45.3612,11.2875
37040,Terrazzo,Veneto,45.1726,11.3949
37040,Roveredo Di Gua',Veneto,45.2731,11.4442
37040,Bonavigo,Veneto,45.2583,11.2794
37040,Boschi Sant'Anna,Veneto,45.2177,11.3562
37040,Caselle,Veneto,45.2749,11.3627
37040,Orti,Veneto,45.2288,11.3104
37040,Gazzolo,Veneto,45.2687,11.39
37040,Santo Stefano Di Zimella,Veneto,45.3672,11.332
37040,Veronella,Veneto,45.3238,11.3258
37040,Pressana,Veneto,45.2826,11.4072
37040,San Gregorio Di Veronella,Veneto,45.3429,11.2993
37040,San Gregorio,Veneto,45.3429,11.2993
37040,Santo Stefano,Veneto,45.2525,11.3125
37040,Zimella,Veneto,45.3315,11.3766
37040,Sabbion,Veneto,45.2711,11.3546
37041,Coriano Veronese,Veneto,45.3014,11.2968
37041,Michellorie,Veneto,45.2864,11.3084
37041,Albaredo D'Adige,Veneto,45.3186,11.2784
37041,Presina,Veneto,45.2993,11.3035
37042,Caldiero,Veneto,45.4144,11.1774
37042,Caldierino,Veneto,45.4162,11.157
37043,Castagnaro,Veneto,45.118,11.4091
37043,Mena' Vallestrema,Veneto,45.1034,11.4215
37043,Mena',Veneto,45.0889,11.4338
37044,Baldaria,Veneto,45.3199,11.3846
37044,Sule',Veneto,45.3211,11.3629
37044,Cologna Veneta,Veneto,45.3078,11.3803
37044,San Sebastiano,Veneto,45.272,11.3955
37045,Terranegra,Veneto,45.1912,11.3128
37045,Vangadizza,Veneto,45.1912,11.3128
37045,Gallese,Veneto,45.2245,11.3315
37045,Legnago,Veneto,45.1936,11.3023
37045,San Pietro Di Legnago,Veneto,45.1833,11.2833
37045,Casette,Veneto,45.1632,11.334
37046,Minerbe,Veneto,45.232,11.3525
37047,Locara,Veneto,45.4121,11.3326
37047,San Bonifacio,Veneto,45.3959,11.2735
37047,Villabella,Veneto,45.4032,11.2457
37047,Prova,Veneto,45.4,11.3
37049,Villa Bartolomea,Veneto,45.1546,11.3538
37049,Spinimbecco,Veneto,45.144,11.372
37049,Carpi Di Villa Bartolomea,Veneto,45.1356,11.3947
37050,Vallese,Veneto,45.3283,11.0861
37050,Concamarise,Veneto,45.2815,11.1916
37050,Belfiore,Veneto,45.3819,11.2109
37050,Bonavicina,Veneto,45.2443,11.1842
37050,Isola Rizza,Veneto,45.2923,11.199
37050,Ca' Degli Oppi,Veneto,45.2955,11.1303
37050,Oppeano,Veneto,45.3033,11.1801
37050,Piazza,Veneto,45.2159,11.1424
37050,Palu',Veneto,45.3247,11.1563
37050,Angiari,Veneto,45.2232,11.2768
37050,Roverchiara,Veneto,45.268,11.2451
37050,San Pietro Di Morubio,Veneto,45.2425,11.227
37050,Roverchiaretta,Veneto,45.2581,11.2605
37051,Villafontana,Veneto,45.293,11.0849
37051,Bovolone,Veneto,45.2614,11.1179
37052,Casaleone,Veneto,45.1682,11.194
37053,Cherubine,Veneto,45.2046,11.1996
37053,Cerea,Veneto,45.1894,11.2166
37053,Asparetto,Veneto,45.2199,11.1826
37054,Nogara,Veneto,45.1811,11.0601
37055,Albaro,Veneto,45.3532,11.1924
37055,Tombazosana,Veneto,45.3148,11.2567
37055,Ronco All'Adige,Veneto,45.3365,11.2366
37056,Bionde,Veneto,45.2,11.1
37056,Crosarol,Veneto,45.2135,11.0941
37056,Valmorsel,Veneto,45.2138,11.1311
37056,Salizzole,Veneto,45.24,11.0954
37056,Engazza',Veneto,45.2,11.05
37057,Raldon,Veneto,45.3492,11.0379
37057,Pozzo Camacici,Veneto,45.3656,11.0413
37057,San Giovanni Lupatoto,Veneto,45.3819,11.0447
37058,Sanguinetto,Veneto,45.1857,11.1441
37059,Santa Maria Di Zevio,Veneto,45.3696,11.0918
37059,Perzacco,Veneto,45.3636,11.1858
37059,Zevio,Veneto,45.3721,11.1293
37059,Volon,Veneto,45.3492,11.1367
37059,Campagnola,Veneto,45.3583,11.0496
37060,Nogarole Rocca,Veneto,45.2903,10.8834
37060,Beccacivetta,Veneto,45.35,10.95
37060,Bovo,Veneto,45.3667,11
37060,Roncoleva',Veneto,45.2508,10.911
37060,San Pietro In Valle,Veneto,45.1371,11.0629
37060,Maccacari,Veneto,45.1428,11.135
37060,Trevenzuolo,Veneto,45.2697,10.9339
37060,Palazzolo,Veneto,45.45,10.8167
37060,Sorga',Veneto,45.2133,10.9799
37060,San Giorgio In Salici,Veneto,45.4268,10.7891
37060,Erbe',Veneto,45.2423,10.9713
37060,Bonferraro,Veneto,45.1838,11.012
37060,Marchesino,Veneto,45.3688,11.0037
37060,Correzzo,Veneto,45.1497,11.1163
37060,Mozzecane,Veneto,45.3076,10.8155
37060,Sona,Veneto,45.4327,10.8399
37060,Buttapietra,Veneto,45.3411,10.9991
37060,Lugagnano,Veneto,45.4333,10.884
37060,Bagnolo,Veneto,45.2724,10.8908
37060,Pontepossero,Veneto,45.2276,10.9722
37060,Pradelle,Veneto,45.2831,10.8708
37060,Azzano,Veneto,45.3577,10.9347
37060,Gazzo Veronese,Veneto,45.14,11.0789
37060,Castel D'Azzano,Veneto,45.2825,10.9564
37060,Roncanova,Veneto,45.1432,11.1035
37062,Dossobuono,Veneto,45.3933,10.9105
37062,Alpo,Veneto,45.3769,10.9198
37063,Isola Della Scala,Veneto,45.2694,11.0082
37063,Pellegrina,Veneto,45.2285,11.0196
37063,Tarmassia,Veneto,45.2707,11.0558
37064,Povegliano Veronese,Veneto,45.3473,10.8806
37066,Caselle Di Sommacampagna,Veneto,45.4134,10.8957
37066,Custoza,Veneto,45.3773,10.7966
37066,Sommacampagna,Veneto,45.4053,10.8438
37067,Valeggio Sul Mincio,Veneto,45.3533,10.7364
37067,Salionze,Veneto,45.4049,10.7226
37068,Isolalta,Veneto,45.3371,10.9227
37068,Vigasio,Veneto,45.3178,10.9437
37068,Forette,Veneto,45.3422,10.9446
37069,Caluri,Veneto,45.3801,10.8786
37069,Villafranca Di Verona,Veneto,45.3541,10.8446
37069,Quaderni,Veneto,45.3291,10.7895
37069,Rosegaferro,Veneto,45.3436,10.8085
37069,Pizzoletta,Veneto,45.3277,10.8326
37100,Verona,Veneto,45.4299,10.9844
37121,Verona,Veneto,45.4299,10.9844
37122,Verona,Veneto,45.4299,10.9844
37123,Verona,Veneto,45.4299,10.9844
37124,Verona,Veneto,45.4299,10.9844
37125,Verona,Veneto,45.4299,10.9844
37125,Quinzano,Veneto,45.4299,10.9844
37126,Verona,Veneto,45.4299,10.9844
37127,Avesa,Veneto,45.4667,11
37127,Verona,Veneto,45.4299,10.9844
37128,Verona,Veneto,45.4299,10.9844
37129,Verona,Veneto,45.4299,10.9844
37130,Verona,Veneto,45.4299,10.9844
37131,Verona,Veneto,45.4299,10.9844
37132,San Michele Extra,Veneto,45.4311,11.0512
37132,Verona,Veneto,45.4299,10.9844
37133,Verona,Veneto,45.4299,10.9844
37134,Verona,Veneto,45.4299,10.9844
37135,Verona,Veneto,45.4299,10.9844
37136,Verona,Veneto,45.4299,10.9844
37137,Verona,Veneto,45.4299,10.9844
37138,Verona,Veneto,45.4299,10.9844
37139,Verona,Veneto,45.4299,10.9844
37139,San Massimo All'Adige,Veneto,45.4465,10.9497
37139,Chievo,Veneto,45.4631,10.9149
37140,Verona,Veneto,45.4299,10.9844
37141,Verona,Veneto,45.4299,10.9844
37142,Verona,Veneto,45.4299,10.9844
